t,initial_BPD_ec_conc,initial_BPD_ic_conc,percent_degradation,relative_target,relative_naked_ternary,relative_all_ternary,Dmax,degradation_rate,naked_ternary_rate,poly_ub_target_rate,poly_ub_ternary_rate,total_target,total_target_ub,total_naked_ternary,total_ternary,total_bpd_ic,total_poly_ub_target,total_poly_ub_ternary,PROTAC,Kd_T_binary,kon_T_binary,kub,kde_ub,kdeg_UPS,kdeg_Ternary,alpha,PS_cell
6.0,0.001,0.0,11.214581411774702,88.7854185882253,0.9452000138369122,1.2251709383090619,11.039591776624425,-8.153199329135588e-15,-8.796197246100818e-17,-6.54573004519232e-19,-2.794376813044731e-19,4.652355934023005e-13,1.2488584651909125e-14,4.95284807250542e-15,6.419895716739484e-15,1.8930515564158676e-14,3.897122219140233e-17,1.5706993594607716e-17,ACBI1,0.1,36000.0,360,180,360,0,0.1,2.49e-11
6.0,0.001,0.0,18.83983503376963,81.16016496623037,0.996680435449919,1.3546153148517397,20.28747670351092,-1.300296480037452e-14,-1.6471944754263847e-16,-1.903985707554948e-18,-9.816291518751014e-19,4.2527926442304716e-13,1.3618551671738394e-14,5.222605481757576e-15,7.0981842498231166e-15,1.9273908254617756e-14,6.354177321685373e-17,3.090756590244261e-17,ACBI1,0.1,36000.0,360,180,360,0,0.12067926406393285,2.49e-11
6.0,0.001,0.0,29.954027530698042,70.04597246930196,0.9882253915960697,1.41891813678546,56.02452778278085,-1.8721350986756885e-14,-2.789030835946704e-16,-4.921747584386985e-18,-3.065829596581493e-18,3.670408957391422e-13,1.3987569846147834e-14,5.178301051963405e-15,7.43513103675581e-15,1.913535909992686e-14,9.560350392456825e-17,5.613094382324887e-17,ACBI1,0.1,36000.0,360,180,360,0,0.14563484775012436,2.49e-11
6.0,0.001,0.0,44.41682039267312,55.58317960732688,0.8957177926739442,1.369849330899785,0.6632539049285069,-2.3082945266948468e-14,-4.055908033880568e-16,-1.0726232254395619e-17,-8.077051762115349e-18,2.9125586114239285e-13,1.3141732917892249e-14,4.693561233611468e-15,7.178010493914873e-15,1.825068136111301e-14,1.2877044209086258e-16,9.127167455352342e-17,ACBI1,0.1,36000.0,360,180,360,0,0.1757510624854792,2.49e-11
6.0,0.001,0.0,60.42937454005077,39.57062545994923,0.7196966879948948,1.182340745955217,62.40588202488164,-2.2358865257591233e-14,-4.617462865737609e-16,-1.7903404630305793e-17,-1.63010549323604e-17,2.0735007741013393e-13,1.0936198855017799e-14,3.771210645093249e-15,6.195465508805337e-15,1.65154393673304e-14,1.5006627087937963e-16,1.2840872160461497e-16,ACBI1,0.1,36000.0,360,180,360,0,0.21209508879201905,2.49e-11
6.0,0.001,0.0,74.58335484634324,25.41664515365676,0.5106290379298452,0.9084958804153335,68.61892051053773,-1.494538101798681e-14,-3.560037024147044e-16,-1.968304020408443e-17,-2.165653630289714e-17,1.3318322060516142e-13,8.013544823680419e-15,2.6756961587523884e-15,4.760518413376347e-15,1.4296591276247762e-14,1.5007516377075362e-16,1.5498197637919406e-16,ACBI1,0.1,36000.0,360,180,360,0,0.2559547922699536,2.49e-11
6.0,0.001,0.0,84.13475347572077,15.865246524279227,0.34457049896705644,0.669157924782958,81.96393809278763,-5.778666213319049e-15,-1.5663945375289553e-16,-1.2003808056109766e-17,-1.595017483110859e-17,8.313389178722315e-14,5.558795893508152e-15,1.8055494145873757e-15,3.5063875258627e-15,1.2395341311751914e-14,1.3851465842943602e-16,1.7257950580713494e-16,ACBI1,0.1,36000.0,360,180,360,0,0.3088843596477481,2.49e-11
6.0,0.001,0.0,89.37509139698794,10.62490860301206,0.24736403141094096,0.5288868623389774,90.24927208645423,-8.326899849264266e-16,-2.879410236607811e-17,-3.0427165249679704e-18,-4.89638580152804e-18,5.567452107978319e-14,4.081419610048826e-15,1.2961875245933305e-15,2.7713671586562417e-15,1.1267390017618335e-14,1.3240343854707832e-16,1.9903395078326404e-16,ACBI1,0.1,36000.0,360,180,360,0,0.372759372031494,2.49e-11
6.0,0.001,0.0,92.27206293734484,7.727937062655159,0.19245891434025775,0.4572254090373945,92.33654826705357,1.8206540456696965e-16,3.673088816260327e-18,4.369359403516066e-19,8.295123952946347e-19,4.0494390208313033e-14,3.2311194857585635e-15,1.0084847111429505e-15,2.3958611433559473e-15,1.0702078122246085e-14,1.338013765961161e-16,2.4271466875012247e-16,ACBI1,0.1,36000.0,360,180,360,0,0.44984326689694454,2.49e-11
6.0,0.001,0.0,94.1307839472339,5.8692160527661095,0.1554304411526658,0.4138644111075197,94.39552315248324,7.541246598887277e-17,2.5053751678800134e-18,4.2612266701782516e-19,9.933137759673656e-19,3.075469211649441e-14,2.6395591555648374e-15,8.144555116399687e-16,2.168649514203403e-15,1.0380078028092724e-14,1.3680310645100487e-16,2.9948518160679315e-16,ACBI1,0.1,36000.0,360,180,360,0,0.5428675439323859,2.49e-11
6.0,0.001,0.0,95.41398312235437,4.586016877645636,0.12791621654578111,0.3847447618847731,94.9697635119072,9.85045370676418e-19,2.6835044374747627e-19,6.630884590506751e-20,1.905256680070332e-19,2.4030728438863132e-14,2.18332100718429e-15,6.70280974699893e-16,2.016062552276211e-15,1.0167647725488094e-14,1.3887761697428607e-16,3.6690935304466576e-16,ACBI1,0.1,36000.0,360,180,360,0,0.6551285568595507,2.49e-11
6.0,0.001,0.0,96.30883713593548,3.6911628640645233,0.10733375846331289,0.36729705405724,96.02913238584064,-4.4526740439335325e-18,-7.276429886862598e-20,-1.410149298614431e-20,-4.544622563159583e-20,1.9341693407698103e-14,1.8299365043527737e-15,5.624288943477596e-16,1.9246365632599376e-15,1.0033232409280812e-14,1.4019523148131728e-16,4.469932778863533e-16,ACBI1,0.1,36000.0,360,180,360,0,0.7906043210907697,2.49e-11
6.0,0.001,0.0,96.9375162094073,3.0624837905926903,0.09191371503815852,0.3602148826764919,96.90165347534925,-1.6141738309472642e-18,-3.7758548994007015e-20,-1.0156846883267289e-20,-4.063974177642074e-20,1.6047415062705695e-14,1.5566476450199842e-15,4.816278667999506e-16,1.8875259852248175e-15,9.964633439591873e-15,1.411024240765567e-16,5.429228773882267e-16,ACBI1,0.1,36000.0,360,180,360,0,0.9540954763499939,2.49e-11
6.0,0.001,0.0,97.38331312772495,2.616686872275048,0.08026277515100616,0.36242908195589857,97.36446711107362,-4.6622122910058545e-19,-1.192982081125293e-20,-3.8425678867055425e-21,-1.8612826174461643e-20,1.371143921072125e-14,1.3441001845101815e-15,4.2057694179127226e-16,1.8991283894489085e-15,9.952851651617153e-15,1.4174811750043627e-16,6.581922992976349e-16,ACBI1,0.1,36000.0,360,180,360,0,1.151395399326447,2.49e-11
6.0,0.001,0.0,97.70091744244442,2.2990825575555762,0.07136902295038357,0.37337025562163056,97.69669579410703,-1.5555332859878594e-19,-3.952958519561951e-21,-1.4551992163044618e-21,-8.487976669646032e-21,1.204719260159122e-14,1.1775577627158696e-15,3.7397368026000985e-16,1.956460139457344e-15,9.992318749017394e-15,1.4220954525880412e-16,7.96879166333149e-16,ACBI1,0.1,36000.0,360,180,360,0,1.3894954943731375,2.49e-11
6.0,0.001,0.0,97.92617012653585,2.0738298734641445,0.06451121155087558,0.39296693841423014,97.92705770062923,-6.823187750921072e-20,-1.6207892992202175e-21,-6.593782102493467e-22,-4.615050070537347e-21,1.0866868536952117e-14,1.046100565420129e-15,3.3803874852658803e-16,2.059146757290566e-15,1.008083313282833e-14,1.4253717049495087e-16,9.638657868564692e-16,ACBI1,0.1,36000.0,360,180,360,0,1.6768329368110073,2.49e-11
6.0,0.001,0.0,98.08270695880645,1.9172930411935514,0.05917287825438716,0.4215904768164859,98.09691895080095,-3.9098339375476657e-20,-8.471047399075627e-22,-3.7201839680042313e-22,-3.118013369999886e-21,1.004661553585421e-14,9.41619296038639e-16,3.1006588205298874e-16,2.2091340985183864e-15,1.0219068625246471e-14,1.427649376243167e-16,1.1650137026173021e-15,ACBI1,0.1,36000.0,360,180,360,0,2.0235896477251565,2.49e-11
6.0,0.001,0.0,98.18612840265052,1.8138715973494788,0.05498092737652397,0.46002370536761034,98.1799507145187,-2.8655481926632604e-20,-5.660614430118269e-22,-2.6457883579246153e-22,-2.6537173692769472e-21,9.504687170111268e-15,8.580495645310708e-16,2.881000594529856e-16,2.4105242161262784e-15,1.0410218234843737e-14,1.4291544427353e-16,1.4073616013810907e-15,ACBI1,0.1,36000.0,360,180,360,0,2.442053094548651,2.49e-11
6.0,0.001,0.0,98.24661525760366,1.7533847423963342,0.05166307226440239,0.5094558527156499,98.23448050357791,-2.7086370798324155e-20,-4.93420492908209e-22,-2.4382376022569015e-22,-2.928805700349576e-21,9.187736050156791e-15,7.908177836074082e-16,2.7071449866546857e-16,2.6695486682300056e-15,1.0659834175543826e-14,1.4300348189265313e-16,1.6993613660228239e-15,ACBI1,0.1,36000.0,360,180,360,0,2.9470517025518097,2.49e-11
6.0,0.001,0.0,98.27057781250177,1.7294221874982232,0.049018401133448714,0.5714998156716989,98.29761734601968,-3.361406377165623e-20,-5.737040536793529e-22,-2.997578417361901e-22,-4.32144694682724e-21,9.06217226249069e-15,7.364426091937085e-16,2.5685642193927126e-16,2.994659034119702e-15,1.0975830478696212e-14,1.4303837885504085e-16,2.0511583096609984e-15,ACBI1,0.1,36000.0,360,180,360,0,3.5564803062231287,2.49e-11
6.0,0.001,0.0,98.26169579929656,1.7383042007034402,0.046896978623599,0.6482292590434624,98.25738572072218,-5.403653054426415e-20,-8.737702832314992e-22,-4.83722527240235e-22,-8.390143263518451e-21,9.108714011686027e-15,6.922485342058158e-16,2.457401679876587e-16,3.3967213173877426e-15,1.1368618339407738e-14,1.4302550732044986e-16,2.4749224965300596e-15,ACBI1,0.1,36000.0,360,180,360,0,4.291934260128776,2.49e-11
6.0,0.001,0.0,98.22156803421757,1.778431965782435,0.04518564443701788,0.7422342514894067,98.2065239220576,-1.0782461226501707e-19,-1.6502304212401816e-21,-9.644228336892598e-22,-2.014794912999027e-20,9.31898350069996e-15,6.561595647577781e-16,2.367727768499737e-16,3.889307477804491e-15,1.1851355800305908e-14,1.4296724854039528e-16,2.985239249371837e-15,ACBI1,0.1,36000.0,360,180,360,0,5.17947467923121,2.49e-11
6.0,0.001,0.0,98.15010618751782,1.8498938124821735,0.04379806677567581,0.8566952360347737,98.13454419987627,-2.5533031788144234e-19,-3.647442636928146e-21,-2.2151154328286087e-21,-5.565246103247888e-20,9.693443577406589e-15,6.265499133859354e-16,2.2950186990454126e-16,4.4890830368222145e-15,1.2440301329356688e-14,1.428636415904924e-16,3.599568458714596e-15,ACBI1,0.1,36000.0,360,180,360,0,6.25055192527397,2.49e-11
6.0,0.001,0.0,98.0457535714405,1.954246428559497,0.042667752804885876,0.9954765444742809,98.0191533306445,-6.852421396861407e-19,-8.401201843853976e-21,-5.428262196823881e-21,-1.630593173566794e-19,1.0240251285651764e-14,6.021357379830671e-16,2.23579024697602e-16,5.2162970930452316e-15,1.3155261298731258e-14,1.4271294475992923e-16,4.33878618721266e-15,ACBI1,0.1,36000.0,360,180,360,0,7.543120063354615,2.49e-11
6.0,0.001,0.0,97.90557215482843,2.09442784517157,0.041743184397571846,1.163242422819792,97.88796129350706,-1.9157641137397827e-18,-2.2109784177875116e-20,-1.2445903132266477e-20,-4.395017358724027e-19,1.0974801908699026e-14,5.818972773689276e-16,2.187342862432765e-16,6.09539029557571e-15,1.4020090743205987e-14,1.425123210367884e-16,5.227828358625227e-15,ACBI1,0.1,36000.0,360,180,360,0,9.102981779915218,2.49e-11
6.0,0.001,0.0,97.72521446037447,2.2747855396255323,0.04098450842696211,1.3655923339907166,97.85045474998864,-4.835375962801027e-18,-4.7801465474074875e-20,-1.9245775272466678e-20,-7.354555746702975e-19,1.191987622763779e-14,5.650219382413124e-16,2.1475882415728142e-16,7.155703830111354e-15,1.5063027457004618e-14,1.4225791042555291e-16,6.2964236036939335e-15,ACBI1,0.1,36000.0,360,180,360,0,10.985411419875584,2.49e-11
6.0,0.001,0.0,97.49888765674032,2.5011123432596745,0.040360299091625126,1.6091232535335727,97.55084142818701,-7.641701524821293e-18,-5.748356202480444e-20,2.1461434823682385e-20,1.760595908416862e-18,1.3105828678680692e-14,5.508350960556423e-16,2.1148796724011565e-16,8.43180584851592e-15,1.6316023923827603e-14,1.4193627453793552e-16,7.579459661743793e-15,ACBI1,0.1,36000.0,360,180,360,0,13.257113655901081,2.49e-11
6.0,0.001,0.0,97.22003777685705,2.779962223142951,0.039838639412914593,1.9009465326296455,97.4174318223552,1.0346769494574994e-17,1.357663202912649e-19,2.9626351660969036e-19,2.1376663108614643e-17,1.4567002049269063e-14,5.386051136506863e-16,2.0875447052367247e-16,9.960959830979342e-15,1.7811764080549034e-14,1.4148042507105155e-16,9.1146245828456e-15,ACBI1,0.1,36000.0,360,180,360,0,15.998587196060573,2.49e-11
6.0,0.001,0.0,96.88475336625437,3.1152466337456217,0.03936180946037843,2.246877314627285,96.90770321447967,1.2204708908085451e-16,1.06291484734154e-18,1.124290450431218e-18,9.196645914534695e-17,1.6323892360827057e-14,5.271059823446965e-16,2.0625588157238295e-16,1.1773637128646974e-14,1.9584383362243334e-14,1.4068212131899007e-16,1.0933407027005863e-14,ACBI1,0.1,36000.0,360,180,360,0,19.306977288832496,2.49e-11
6.0,0.001,0.0,96.49683451546619,3.5031654845338136,0.03881874332995746,2.6513883628059958,96.44499420507208,4.196619410935596e-16,3.2971114974800645e-18,2.22169962846619e-18,2.0331121657425666e-16,1.8356587138957182e-14,5.14573557542864e-16,2.034102150489771e-16,1.3893275021103416e-14,2.1715616840472845e-14,1.392907759583631e-16,1.306121287605545e-14,ACBI1,0.1,36000.0,360,180,360,0,23.29951810515372,2.49e-11
6.0,0.001,0.0,96.05467853666612,3.945321463333877,0.0381103201523403,3.1360940744087156,95.7275334295329,6.987230374257162e-16,5.954037957879808e-18,1.1201028497476825e-18,5.0668139347561576e-17,2.0673484467869515e-14,5.010926601421859e-16,1.996980775982632e-16,1.6433132949901668e-14,2.4522283492988697e-14,1.3787202365496476e-16,1.5612338241456466e-14,ACBI1,0.1,36000.0,360,180,360,0,28.11768697974228,2.49e-11
6.0,0.001,0.0,95.48082428549878,4.519175714501211,0.0373632474956571,3.7995534863656775,95.45933478136376,-1.2763793083635725e-16,5.947147242865413e-18,-7.130746904331962e-18,-1.3099228142683205e-15,2.3680480743986343e-14,4.934320300936151e-16,1.957834168772432e-16,1.990966026855615e-14,2.8943789683831333e-14,1.3933219404566037e-16,1.9098322303581742e-14,ACBI1,0.1,36000.0,360,180,360,0,33.93221771895326,2.49e-11
6.0,0.001,0.0,94.49322449529781,5.506775504702189,0.03698495470187275,4.9135349853814185,94.81944084948007,-4.344940437262679e-15,1.4473812853775836e-18,-2.810451707780813e-17,-5.720310411764776e-15,2.8855503644639466e-14,5.06670724568449e-16,1.938011626378132e-16,2.5746923323398633e-14,3.701246241179919e-14,1.4960941686888543e-16,2.4930994084107862e-14,ACBI1,0.1,36000.0,360,180,360,0,40.94915062380423,2.49e-11
6.0,0.001,0.0,92.49485307258713,7.50514692741287,0.03730892762487233,7.02645132692688,94.08519986476294,-1.5113197198581202e-14,-5.973353568471237e-18,-6.615462621571399e-17,-1.6103969391710158e-14,3.9326969899643436e-14,5.597839419739183e-16,1.9549878075433103e-16,3.681860495309685e-14,5.2034304429264924e-14,1.7661250057949132e-16,3.597227826170559e-14,ACBI1,0.1,36000.0,360,180,360,0,49.417133613238335,2.49e-11
6.0,0.001,0.0,88.59082382350067,11.40917617649933,0.03858712744403651,10.98730918503482,93.15507059429302,-3.5404837764762744e-14,-1.9396932563333343e-17,-1.2258593835494282e-16,-3.552662394356195e-14,5.978408316485648e-14,6.718858734844411e-16,2.021965478067513e-16,5.757350012958246e-14,7.760970721656469e-14,2.2729563735632527e-16,5.666287244339079e-14,ACBI1,0.1,36000.0,360,180,360,0,59.63623316594643,2.49e-11
6.0,0.001,0.0,81.77968000841436,18.220319991585637,0.04364452489355361,17.722864214461456,91.96341586696659,-6.740870033853854e-14,-1.1040527985589899e-16,-2.149059745317015e-16,-6.404856905756826e-14,9.547447675590874e-14,8.99477055494545e-16,2.286973104422209e-16,9.286780848377803e-14,1.1335055885744825e-13,3.0628125739707686e-16,9.181004145504855e-14,ACBI1,0.1,36000.0,360,180,360,0,71.96856730011514,2.49e-11
6.0,0.001,0.0,71.30041521606822,28.69958478393179,0.10347540665952902,25.37959553239299,89.48851962654535,-1.008773313469149e-13,-7.535177018464056e-16,-7.385290030688945e-17,-1.302829247006467e-14,1.503858242678026e-13,1.420562346739535e-15,5.422111308959321e-16,1.3298908058973927e-13,1.3818580561345758e-13,3.839965247781518e-16,1.3075463649465148e-13,ACBI1,0.1,36000.0,360,180,360,0,86.85113737513521,2.49e-11
6.0,0.001,0.0,59.96703206351626,40.03296793648374,0.11423946787925371,27.012465135933827,87.12625039034889,-9.233522134686342e-14,4.954116256972801e-18,3.66451575985658e-17,1.6970149914047496e-14,2.0977275198717482e-13,1.355977428819938e-15,5.986148116872894e-16,1.4154531731229326e-13,1.4301917144334055e-13,3.437720726337387e-16,1.3914597359647576e-13,ACBI1,0.1,36000.0,360,180,360,0,104.81131341546853,2.49e-11
6.0,0.001,0.0,50.098505534983154,49.901494465016846,0.10216094132481843,27.466539412691237,46.000779698308236,-7.85401140242673e-14,5.557492649565438e-17,4.068337746397537e-17,2.0997037605472387e-14,2.6148383099668826e-13,1.159447836614218e-15,5.353233325420485e-16,1.439246665225021e-13,1.4473361827270936e-13,2.910881414572181e-16,1.4178594301129151e-13,ACBI1,0.1,36000.0,360,180,360,0,126.48552168552958,2.49e-11
6.0,0.001,0.0,41.750189308177156,58.249810691822844,0.08959481403613687,27.696368143224305,78.09250106954929,-6.595516839248959e-14,5.793760197189426e-17,3.6471165147869774e-17,2.2370763537108385e-14,3.052290080251517e-13,9.742456774706118e-16,4.694768255493572e-16,1.4512896907049535e-13,1.4567671224578622e-13,2.439785210832625e-16,1.432547111004432e-13,ACBI1,0.1,36000.0,360,180,360,0,152.6417967175232,2.49e-11
6.0,0.001,0.0,34.743641719169744,65.25635828083026,0.07845425589282119,27.838971035159428,20.584109035919784,-5.511728715976339e-14,5.2839051750597976e-17,3.131414112143929e-17,2.3050666981057216e-14,3.419433173915506e-13,8.137612477663671e-16,4.11100300878383e-16,1.458762082242354e-13,1.4628445419698768e-13,2.0367487616835647e-16,1.4423520644323844e-13,ACBI1,0.1,36000.0,360,180,360,0,184.20699693267144,2.49e-11
6.0,0.001,0.0,28.885448743990423,71.11455125600958,0.06892681163988919,27.936467084604516,137.07882532787,-4.59437210352565e-14,4.652680672474672e-17,2.6472651687641818e-17,2.3453808153396565e-14,3.726402485814902e-13,6.778037510525336e-16,3.6117649299301935e-16,1.4638708752332767e-13,1.467085677773847e-13,1.6966582271418746e-16,1.449452558265856e-13,ACBI1,0.1,36000.0,360,180,360,0,222.29964825261933,2.49e-11
6.0,0.001,0.0,23.99850606077922,76.00149393922078,0.06088811873166701,28.00693714830169,63.42498533562431,-3.823786695975899e-14,4.0491646883447707e-17,2.221734197028846e-17,2.3718756628153867e-14,3.9824782824151685e-13,5.63672982337698e-16,3.1905374215393515e-16,1.4675635065710087e-13,1.470189017377048e-13,1.4114745593224276e-16,1.4548249073039086e-13,ACBI1,0.1,36000.0,360,180,360,0,268.26957952797244,2.49e-11
6.0,0.001,0.0,19.928005381201757,80.07199461879824,0.05414935443357123,28.05971104221716,71.73560581032899,-3.179158013389607e-14,3.5126831572800127e-17,1.8571522413953366e-17,2.3904469218024053e-14,4.1957725180250283e-13,4.683016844250759e-16,2.8374261723191324e-16,1.4703288586121791e-13,1.4725313448931884e-13,1.1731626376012733e-16,1.4589982968723918e-13,ACBI1,0.1,36000.0,360,180,360,0,323.74575428176433,2.49e-11
6.0,0.001,0.0,16.541263939114373,83.45873606088563,0.04852066864815639,28.100199362845977,62.87102229413322,-2.641262507721106e-14,3.0498546365819836e-17,1.5486089227300976e-17,2.4040347562284173e-14,4.373237769590407e-13,3.8881351573902803e-16,2.542483037163395e-16,1.4724504466131294e-13,1.474337832660835e-13,9.744513161474177e-17,1.4622961217991112e-13,ACBI1,0.1,36000.0,360,180,360,0,390.6939937054613,2.49e-11
6.0,0.001,0.0,13.725737897572458,86.27426210242754,0.04382962461939648,28.13180269177194,62.91887383760234,-2.193184545823068e-14,2.6564556520468012e-17,1.2892584822453074e-17,2.414277669638912e-14,4.5207713341672034e-13,3.22670410336865e-16,2.2966723300563755e-16,1.4741064610488497e-13,1.4757530245845126e-13,8.090036699044072e-17,1.4649326114168058e-13,ACBI1,0.1,36000.0,360,180,360,0,471.486636345739,2.49e-11
6.0,0.001,0.0,11.386563337730209,88.61343666226979,0.03992574297848358,28.15678678923469,206.57602787419842,-1.820369385225345e-14,2.3248373680701952e-17,1.0721539880191773e-17,2.4221666937518133e-14,4.643344081102937e-13,2.676908238153674e-16,2.0921089320725395e-16,1.4754156277558977e-13,1.476874706381617e-13,6.713959178117802e-17,1.4670578875738764e-13,ACBI1,0.1,36000.0,360,180,360,0,568.9866029018293,2.49e-11
6.0,0.001,0.0,9.444109770542468,90.55589022945753,0.03668022907610145,28.17672901983655,33.29660172642571,-1.5104448456300252e-14,2.0467055455956725e-17,8.908992839628448e-18,2.4283398634276592e-14,4.745128648023575e-13,2.2202453202824644e-16,1.922044003587716e-16,1.476460600639435e-13,1.4777717189006455e-13,5.570322771129034e-17,1.4687814642630886e-13,ACBI1,0.1,36000.0,360,180,360,0,686.6488450042998,2.49e-11
6.0,0.001,0.0,7.831727988284911,92.16827201171509,0.0339840206050385,28.192765265468513,9.449776198950744,-1.2529705314828178e-14,1.8141938002666883e-17,7.398508036781936e-18,2.4332284325203302e-14,4.82961745341387e-13,1.84114142496331e-16,1.7807626797040176e-16,1.47730089991055e-13,1.4784940489423743e-13,4.6204252168581904e-17,1.4701856088032133e-13,ACBI1,0.1,36000.0,360,180,360,0,828.6427728546843,2.49e-11
6.0,0.001,0.0,6.493752331329475,93.50624766867053,0.03174535706686265,28.20573546757827,30.417203480174205,-1.0391777683177382e-14,1.6202491901006567e-17,6.141379196128931e-18,2.437135321517575e-14,4.899727377838336e-13,1.5265480374834019e-16,1.6634567103036027e-16,1.4779805385011011e-13,1.4790788914326405e-13,3.831806640220567e-17,1.4713334785524054e-13,ACBI1,0.1,36000.0,360,180,360,0,1000.0,2.49e-11
6.0,0.001,0.0,0.008702544894191533,99.99129745510581,0.13584249234358112,0.1414566129458274,0.020322296756880576,-6.097535871361111e-18,-8.155550090962497e-21,-3.3749836878442526e-25,-1.9940480835530702e-26,5.239543986647544e-13,1.4813512702657143e-15,7.11814659880365e-16,7.412326518361355e-16,9.218657377598915e-15,2.9604637214392303e-20,1.7465845577138977e-21,ACBI1,1.0,36000.0,360,180,360,0,0.1,2.49e-11
6.0,0.001,0.0,0.0178577742708228,99.98214222572918,0.16248438755127723,0.17059271561845857,0.04121696646455231,-1.2530966770112868e-17,-2.0204897819153518e-20,-1.438085273519404e-24,-1.0255196081956229e-25,5.239064252628209e-13,1.786250593639005e-15,8.514181907686927e-16,8.939058298407228e-16,9.368939201463e-15,6.080122357893597e-20,4.328840545768011e-21,ACBI1,1.0,36000.0,360,180,360,0,0.12067926406393285,2.49e-11
6.0,0.001,0.0,0.0364046027121816,99.96359539728782,0.19399553746758286,0.20568603639865365,0.0894119408374805,-2.5590128123206838e-17,-4.949997581092349e-20,-6.0276817024733044e-24,-5.187737530014979e-25,5.238092398817881e-13,2.1532728066389456e-15,1.0165366163301342e-15,1.077794830728945e-15,9.549915867191887e-15,1.240726109518147e-19,1.0660164908382854e-20,ACBI1,1.0,36000.0,360,180,360,0,0.14563484775012436,2.49e-11
6.0,0.001,0.0,0.07363478201445162,99.92636521798555,0.23109716930211446,0.2479167202300814,0.17077216912229076,-5.1864141794079073e-17,-1.1990517172841958e-19,-2.483591791328913e-23,-2.5796548103722326e-24,5.236141537422443e-13,2.5945096301403803e-15,1.2109491671430797e-15,1.2990836140056266e-15,9.767638837775336e-15,2.5124657658364165e-19,2.605050182545673e-20,ACBI1,1.0,36000.0,360,180,360,0,0.1757510624854792,2.49e-11
6.0,0.001,0.0,0.14755400677950092,99.8524459932205,0.27452302228651404,0.29865782387288164,0.3338676698664722,-1.0415741762818776e-16,-2.8684881313394453e-19,-1.0039658922642923e-22,-1.2584785781766507e-23,5.232268170044754e-13,3.123817973386139e-15,1.4385006367813336e-15,1.5649669970938997e-15,1.0029123795776654e-14,5.040992143973921e-19,6.307524800692063e-20,ACBI1,1.0,36000.0,360,180,360,0,0.21209508879201905,2.49e-11
6.0,0.001,0.0,0.2923959363809132,99.70760406361909,0.32494378770321547,0.35945784522869223,0.6446866793403561,-2.0686471018214339e-16,-6.763942545095841e-19,-3.96978136293548e-22,-6.005294705125699e-23,5.22467845293364e-13,3.756411206050908e-15,1.7027054475648491e-15,1.8835591089983474e-15,1.0342239129491493e-14,1.0002227245748418e-18,1.5103082541084437e-19,ACBI1,1.0,36000.0,360,180,360,0,0.2559547922699536,2.49e-11
6.0,0.001,0.0,0.5717216377135799,99.42827836228642,0.3828202296542495,0.4319556614507597,1.4761081420469169,-4.052713357436235e-16,-1.5677487304799869e-18,-1.5292851961936295e-21,-2.7918667942592493e-22,5.210041786183808e-13,4.507568319163213e-15,2.0059780033882675e-15,2.263447666001981e-15,1.0715237092600983e-14,1.9579263164107765e-18,3.567713627438615e-19,ACBI1,1.0,36000.0,360,180,360,0,0.3088843596477481,2.49e-11
6.0,0.001,0.0,1.1000328693293824,98.89996713067062,0.4481292497974539,0.5176503641084463,2.4563690444289077,-7.805099234895185e-16,-3.558366160079028e-18,-5.710120871395306e-21,-1.2580253586539395e-21,5.18235827764714e-13,5.389553965112706e-15,2.348197268938658e-15,2.7124879079282584e-15,1.1155532868196843e-14,3.76924207506037e-18,8.288411766490008e-19,ACBI1,1.0,36000.0,360,180,360,0,0.372759372031494,2.49e-11
6.0,0.001,0.0,2.075598398280505,97.9244016017195,0.5198776865965674,0.6173860506946225,3.815674383097334,-1.4706784497496421e-15,-7.868753664049162e-18,-2.052808883561045e-20,-5.457982709710647e-21,5.131238643930101e-13,6.405201719557045e-15,2.7241590777660132e-15,3.235102905639822e-15,1.1667029455744748e-14,7.106366695695305e-18,1.885766094361768e-18,ACBI1,1.0,36000.0,360,180,360,0,0.44984326689694454,2.49e-11
6.0,0.001,0.0,3.8237656212239557,96.17623437877604,0.5953023342917105,0.7303328327638666,8.485514800942628,-2.692947240041511e-15,-1.683449381767332e-17,-7.044251037622114e-20,-2.2602862565474558e-20,5.039634681447864e-13,7.535938373223604e-15,3.119384231688563e-15,3.8269440436826605e-15,1.2244906006341013e-14,1.3046112293238669e-17,4.1777712168831755e-18,ACBI1,1.0,36000.0,360,180,360,0,0.5428675439323859,2.49e-11
6.0,0.001,0.0,6.8389884376709205,93.16101156232908,0.6687122157858977,0.8522084972238698,7.778246966292901,-4.7455101586537355e-15,-3.4507813006565297e-17,-2.2810960367623277e-19,-8.83343226042251e-20,4.881637005866044e-13,8.722145362847925e-15,3.504052010718104e-15,4.4655725254530776e-15,1.2866620867355758e-14,2.3136500277763197e-17,8.941027707787003e-18,ACBI1,1.0,36000.0,360,180,360,0,0.6551285568595507,2.49e-11
6.0,0.001,0.0,11.789410723612264,88.21058927638774,0.7301891827827631,0.9726679529165437,13.66475292563607,-7.935696676202118e-15,-6.68610053494838e-17,-6.865204290403963e-19,-3.208637974618317e-19,4.622234878082717e-13,9.836827370247544e-15,3.826191317781679e-15,5.096780073282689e-15,1.3478775190307213e-14,3.920374415382571e-17,1.828314833393285e-17,ACBI1,1.0,36000.0,360,180,360,0,0.7906043210907697,2.49e-11
6.0,0.001,0.0,19.41031837783801,80.58968162216199,0.7649968526515196,1.0725521717871536,22.336988990018092,-1.2341084889997744e-14,-1.2012669715800202e-16,-1.880793584294243e-18,-1.0610377341120968e-18,4.222899317001288e-13,1.0663337858629178e-14,4.0085835078939626e-15,5.620173380164685e-15,1.3983133234403961e-14,6.25335881110792e-17,3.519527693659595e-17,ACBI1,1.0,36000.0,360,180,360,0,0.9540954763499939,2.49e-11
6.0,0.001,0.0,30.18881068360561,69.81118931639439,0.755568741086121,1.1234824773714027,32.96832409106688,-1.733552223033902e-14,-1.9462289558634953e-16,-4.554329870234407e-18,-3.1016652624911855e-18,3.6581063201790663e-13,1.090721623641251e-14,3.959180203291274e-15,5.8870481814261505e-15,1.423359721279884e-14,9.209571952374277e-17,6.255726106648985e-17,ACBI1,1.0,36000.0,360,180,360,0,1.151395399326447,2.49e-11
6.0,0.001,0.0,43.814642731885854,56.185357268114146,0.6886572283512257,1.0949365340642832,64.51807002657391,-2.1089653655318884e-14,-2.726103628482788e-16,-9.330517688636365e-18,-7.67210910643753e-18,2.944112720849181e-13,1.0293057099752742e-14,3.6085638765604226e-15,5.737467438496844e-15,1.406882228836021e-14,1.2235701790785083e-16,1.0031150979788214e-16,ACBI1,1.0,36000.0,360,180,360,0,1.3894954943731375,2.49e-11
6.0,0.001,0.0,58.66746928012032,41.33253071987968,0.5681205734246807,0.9741806094827323,59.51766526644482,-2.0933328191440748e-14,-3.098350813383613e-16,-1.5146725427690463e-17,-1.503751766192356e-17,2.1658246097216952e-13,8.77745816466699e-15,2.976951804745327e-15,5.104706393689517e-15,1.340888348551088e-14,1.4354189470617568e-16,1.4202914006613965e-16,ACBI1,1.0,36000.0,360,180,360,0,1.6768329368110073,2.49e-11
6.0,0.001,0.0,72.06762709795265,27.932372902047355,0.42439040028453495,0.7916110664577968,82.55175281095299,-1.5672671330220822e-14,-2.622074375826624e-16,-1.7835116533090034e-17,-2.1374585601756266e-17,1.4636563400672811e-13,6.755588022321912e-15,2.2238056974909633e-15,4.148041988238855e-15,1.2390252236037689e-14,1.484336331376345e-16,1.7724193457833989e-16,ACBI1,1.0,36000.0,360,180,360,0,2.0235896477251565,2.49e-11
6.0,0.001,0.0,81.81034303151834,18.18965696848166,0.3006034829037927,0.6151184068430647,81.52076699899764,-8.070883190073808e-15,-1.5046331878967584e-16,-1.3858210294903934e-17,-2.0043938717688757e-17,9.53138025148439e-14,4.906503411804762e-15,1.5751622504158736e-15,3.223220451857659e-15,1.1367293136496722e-14,1.4149861927386072e-16,2.0388190030258197e-16,ACBI1,1.0,36000.0,360,180,360,0,2.442053094548651,2.49e-11
6.0,0.001,0.0,87.6977581780719,12.302241821928114,0.21853543380877632,0.4947581217875846,91.70642587247826,-2.5272907218637667e-15,-5.2802753314376106e-17,-6.4295700283379214e-18,-1.1224947661847939e-17,6.446374714690332e-14,3.636806863324148e-15,1.1451256731579878e-15,2.5925325581669435e-15,1.0641736290529225e-14,1.3466921113103667e-16,2.34145357054834e-16,ACBI1,1.0,36000.0,360,180,360,0,2.9470517025518097,2.49e-11
6.0,0.001,0.0,91.0449698976654,8.955030102334602,0.16978396432518608,0.42895826152433053,94.59479752648134,-3.2578810914292433e-16,-8.434647308344244e-18,-1.3440102518637686e-18,-2.837001815945587e-18,4.6924357736233314e-14,2.864276186434651e-15,8.89667973063975e-16,2.247741290387492e-15,1.0239960911421395e-14,1.334259787097767e-16,2.799428281521146e-16,ACBI1,1.0,36000.0,360,180,360,0,3.5564803062231287,2.49e-11
6.0,0.001,0.0,93.10909006347492,6.890909936525083,0.13852237581855814,0.3938444023708264,93.48355737579445,6.414795952647978e-17,1.106259231750073e-18,2.0270292541630733e-19,5.111733053345577e-19,3.6108368067391435e-14,2.355240038680492e-15,7.258572492892446e-16,2.0637446684231304e-15,1.0033389676754776e-14,1.3534726453815097e-16,3.4269294355171854e-16,ACBI1,1.0,36000.0,360,180,360,0,4.291934260128776,2.49e-11
6.0,0.001,0.0,94.51237748985986,5.4876225101401355,0.1159992283203911,0.3740507439922826,93.61354668305957,3.2043166738689565e-17,8.492767787197593e-19,2.0384470194032697e-19,6.251675281132817e-19,2.875514195313431e-14,1.9761651564763737e-15,6.078359563988493e-16,1.960025898519561e-15,9.92246896815092e-15,1.3747900732763323e-16,4.2007325275812805e-16,ACBI1,1.0,36000.0,360,180,360,0,5.17947467923121,2.49e-11
6.0,0.001,0.0,95.50483403118389,4.495165968816106,0.09900103666080236,0.36465842493437184,95.1797308821962,1.9227835240894222e-18,1.5047013321624925e-19,4.7140650009743314e-20,1.7612890784243088e-19,2.355466967659639e-14,1.6806131351772432e-15,5.187654321026044e-16,1.9108101466561085e-15,9.869740591734758e-15,1.3900725069115648e-16,5.12578162978656e-16,ACBI1,1.0,36000.0,360,180,360,0,6.25055192527397,2.49e-11
6.0,0.001,0.0,96.21450964628323,3.785490353716773,0.08605783432167285,0.3644558923885692,96.29864540397752,-2.9849658175079276e-18,-2.5639330075770367e-20,-5.7904903880284045e-21,-2.429804161687335e-20,1.983596945347589e-14,1.4487985365136975e-15,4.509430518455658e-16,1.9097488761161026e-15,9.865543599722868e-15,1.400538556124165e-16,6.232335485020365e-16,ACBI1,1.0,36000.0,360,180,360,0,7.543120063354615,2.49e-11
6.0,0.001,0.0,96.72515399545705,3.274846004542953,0.07614614220847793,0.3729891231549692,96.62303382816539,-2.0258348013971707e-18,-3.228477204099589e-20,-1.1032760268075446e-20,-5.839207366657122e-20,1.7160193063805073e-14,1.26647590638065e-15,3.9900578517242435e-16,1.9544630053320383e-15,9.907088182511584e-15,1.407944625789471e-16,7.560895701165816e-16,ACBI1,1.0,36000.0,360,180,360,0,9.102981779915218,2.49e-11
6.0,0.001,0.0,97.09360148619908,2.906398513800929,0.0684955108126956,0.39016084923717853,97.07457836919005,-1.0649634310490335e-18,-1.941570541564747e-20,-7.773424700959299e-21,-4.984419940685871e-20,1.522952821231687e-14,1.1223393528592328e-15,3.58916476658525e-16,2.0444428500028155e-15,9.99380775611962e-15,1.413280892838873e-16,9.158977265183904e-16,ACBI1,1.0,36000.0,360,180,360,0,10.985411419875584,2.49e-11
6.0,0.001,0.0,97.35806216595955,2.641937834040446,0.06253901375191967,0.4162616235864198,97.34720701349946,-5.979265568319885e-19,-1.1526452854887084e-20,-5.163684282420957e-21,-3.9990155829116533e-20,1.3843754250371935e-14,1.0077076394868921e-15,3.277044320600591e-16,2.1812109075928395e-15,1.0127101423502135e-14,1.4171172917088798e-16,1.108291646720975e-15,ACBI1,1.0,36000.0,360,180,360,0,13.257113655901081,2.49e-11
6.0,0.001,0.0,97.54416037152947,2.4558396284705326,0.057862794780493096,0.4519801806017163,97.55285092068107,-4.0389873856288973e-19,-7.732432541139673e-21,-3.874133278614635e-21,-3.620222087674442e-20,1.286859965318559e-14,9.160039740545299e-16,3.032010446497838e-16,2.3683761463529934e-15,1.031041790928784e-14,1.4198206648172228e-16,1.340017377689066e-15,ACBI1,1.0,36000.0,360,180,360,0,15.998587196060573,2.49e-11
6.0,0.001,0.0,97.66904150322321,2.3309584967767925,0.054163354854800345,0.4984055794197672,97.65213619889526,-3.4183843242748725e-19,-6.479127695377001e-21,-3.495442279759294e-21,-3.939282974583801e-20,1.2214222523110393e-14,8.422371158823167e-16,2.838159794391538e-16,2.6116452361595804e-15,1.0549293992776329e-14,1.421636655170039e-16,1.619172137042358e-15,ACBI1,1.0,36000.0,360,180,360,0,19.306977288832496,2.49e-11
6.0,0.001,0.0,97.74403310889242,2.255966891107579,0.051216171529009244,0.5570433200775357,97.73733943763307,-3.6545879584596866e-19,-6.656124139002401e-21,-3.865053394932232e-21,-5.25229637662087e-20,1.1821266509403715e-14,7.825941424381168e-16,2.6837273881200847e-16,2.9189069972062867e-15,1.0851439944031804e-14,1.4227288557737643e-16,1.9554767309819194e-15,ACBI1,1.0,36000.0,360,180,360,0,23.29951810515372,2.49e-11
6.0,0.001,0.0,97.77635084949641,2.223649150503584,0.04885347845775953,0.6298497082097236,97.78279101349987,-4.895867639090853e-19,-8.424052771384626e-21,-5.2068634107944576e-21,-8.530145814984957e-20,1.1651921548638779e-14,7.341388491094505e-16,2.5599222711865994e-16,3.3004124710189518e-15,1.1226912009167056e-14,1.4232027064416667e-16,2.360596667635122e-15,ACBI1,1.0,36000.0,360,180,360,0,28.11768697974228,2.49e-11
6.0,0.001,0.0,97.7701867041869,2.229813295813103,0.04694863471063003,0.7192848437808997,97.75520337002092,-8.100773139987452e-19,-1.2889812089433923e-20,-8.367049455181415e-21,-1.6515709292947623e-19,1.1684221670060658e-14,6.945912732894399e-16,2.4601084588370134e-16,3.7690525814119146e-15,1.1688379530727552e-14,1.4231218863974438e-16,2.848523287048934e-15,ACBI1,1.0,36000.0,360,180,360,0,33.93221771895326,2.49e-11
6.0,0.001,0.0,97.7273914030423,2.272608596957695,0.045405134860281623,0.8283852161959345,97.72111528147234,-1.6110104560497275e-18,-2.30578134343466e-20,-1.5411538754040454e-20,-3.66056085319137e-19,1.1908469048058322e-14,6.621671425632573e-16,2.379229066678757e-16,4.340738532866697e-15,1.225148643649064e-14,1.422521225156951e-16,3.4360291780185345e-15,ACBI1,1.0,36000.0,360,180,360,0,40.94915062380423,2.49e-11
6.0,0.001,0.0,97.64787516336655,2.3521248366334517,0.044148946651358933,0.9608596287993898,97.60337772813173,-3.654619837441327e-18,-4.556360144475224e-20,-3.0372715252190196e-20,-8.656871872505127e-19,1.2325134143959287e-14,6.354621941329706e-16,2.313404804531208e-16,5.034904454908803e-15,1.2935294644179397e-14,1.4214205890400426e-16,4.143223221675797e-15,ACBI1,1.0,36000.0,360,180,360,0,49.417133613238335,2.49e-11
6.0,0.001,0.0,97.52978495166106,2.470215048338939,0.04312331138849192,1.1212142539511383,97.73218546635886,-8.670907240094063e-18,-9.075282196157801e-20,-5.676506019801083e-20,-1.9285508989999673e-18,1.294392685329604e-14,6.133702060097922e-16,2.2596615167569765e-16,5.8751626907039646e-15,1.376271366403503e-14,1.4198410617197366e-16,4.994239400838911e-15,ACBI1,1.0,36000.0,360,180,360,0,59.63623316594643,2.49e-11
6.0,0.001,0.0,97.36949375046989,2.6305062495301175,0.042284969535573716,1.3148862954896394,96.72272172572399,-1.8856840654338916e-17,-1.556352719751637e-19,-7.599441473751193e-20,-2.9917245051003806e-18,1.3783852747537815e-14,5.950149132768144e-16,2.2157324036640627e-16,6.890004188365711e-15,1.476044596134476e-14,1.4177908768305712e-16,6.0179650318640684e-15,ACBI1,1.0,36000.0,360,180,360,0,71.96856730011514,2.49e-11
6.0,0.001,0.0,97.16169221697625,2.838307783023751,0.041598291656559684,1.5481767194324139,97.11384702740644,-2.8987618866327014e-17,-1.4268714173403507e-19,3.1230598924397826e-20,2.2989366189857955e-18,1.4872732783044455e-14,5.796234999391553e-16,2.1797504828037274e-16,8.112446009825849e-15,1.5956963820210913e-14,1.4150476205711634e-16,7.247780321843632e-15,ACBI1,1.0,36000.0,360,180,360,0,86.85113737513521,2.49e-11
6.0,0.001,0.0,96.90099268252635,3.0990073174736477,0.041017901324334194,1.827213082110892,97.26470440949062,3.2063927298672546e-18,3.365350483573256e-19,6.128912271347643e-19,3.9375092527412085e-17,1.6238798343561913e-14,5.661782918470931e-16,2.1493380293951117e-16,9.574596550261075e-15,1.737675126939699e-14,1.4103587159142763e-16,8.716469165590218e-15,ACBI1,1.0,36000.0,360,180,360,0,104.81131341546853,2.49e-11
6.0,0.001,0.0,96.58788019817152,3.412119801828479,0.040452912182223216,2.1551720371552596,96.65909112074586,2.0094493189693156e-16,2.0020039154441167e-18,2.0973575061782177e-18,1.5727022977191531e-16,1.787950776158123e-14,5.528680955985171e-16,2.1197325983484963e-16,1.1293101474693562e-14,1.903946358038076e-14,1.4003084525540272e-16,1.044236093415753e-14,ACBI1,1.0,36000.0,360,180,360,0,126.48552168552958,2.49e-11
6.0,0.001,0.0,96.2362997906566,3.7637002093434013,0.039755278167506965,2.532408080795775,96.76210230975583,7.035212821868867e-16,5.190832330876741e-18,3.892926410018281e-18,3.412346396866457e-16,1.972178909695942e-14,5.374997208369701e-16,2.083176575977365e-16,1.3269818343369862e-14,2.1011224446316732e-14,1.3812305502254775e-16,1.2430047457781384e-14,ACBI1,1.0,36000.0,360,180,360,0,152.6417967175232,2.49e-11
6.0,0.001,0.0,95.85782777995333,4.142172220046671,0.038851793818164615,2.977499382966611,94.89629832793854,1.280406325238438e-15,7.95575811609308e-18,2.808614723526334e-18,2.566339342244027e-16,2.1704982433044554e-14,5.209933869578394e-16,2.0358339960718257e-16,1.5602096766745044e-14,2.3598251083284332e-14,1.3596970953182547e-16,1.4777515899414274e-14,ACBI1,1.0,36000.0,360,180,360,0,184.20699693267144,2.49e-11
6.0,0.001,0.0,95.38347585948718,4.616524140512826,0.038003931716868174,3.5871078218488215,95.32483774806036,7.486693727508598e-16,6.198587182033677e-18,-6.637876138050218e-18,-1.0346397359987435e-15,2.419058649628721e-14,5.125445638743496e-16,1.9914060219638924e-16,1.8796444986487824e-14,2.7723729917644945e-14,1.367563110489456e-16,1.7984006350653567e-14,ACBI1,1.0,36000.0,360,180,360,0,222.29964825261933,2.49e-11
6.0,0.001,0.0,94.52933259756452,5.470667402435474,0.03780664960080292,4.628017762306735,94.7878129667907,-3.2880553330304006e-15,-2.0461964400955577e-18,-3.054693600809268e-17,-5.327684429016527e-15,2.8666297188761885e-14,5.304389154364122e-16,1.981068439082073e-16,2.425081307448729e-14,3.539969567552771e-14,1.4672618226153954e-16,2.3431925573712632e-14,ACBI1,1.0,36000.0,360,180,360,0,268.26957952797244,2.49e-11
6.0,0.001,0.0,92.67675315991818,7.323246840081822,0.03873524074104285,6.649391564041836,92.56132899858778,-1.4209268833557765e-14,-1.463306884662722e-17,-7.491190007118279e-17,-1.567115996200556e-14,3.837381344202875e-14,5.97517428439443e-16,2.029726614830645e-16,3.484281179557922e-14,4.998072565447702e-14,1.7436635413709696e-16,3.3984287583305345e-14,ACBI1,1.0,36000.0,360,180,360,0,323.74575428176433,2.49e-11
6.0,0.001,0.0,88.86684793929615,11.133152060703843,0.041142974647061674,10.53958378016682,93.1955292126283,-3.54242220560469e-14,-3.8164374954140966e-17,-1.4209656268032326e-16,-3.5519767681002725e-14,5.833771679808813e-14,7.374959374721709e-16,2.1558918715060317e-16,5.522741900807414e-14,7.516267415680209e-14,2.2775125104510583e-16,5.428533509608345e-14,ACBI1,1.0,36000.0,360,180,360,0,390.6939937054613,2.49e-11
6.0,0.001,0.0,82.00342879919131,17.996571200808688,0.04916928839461775,17.248480650758875,91.92943138830171,-6.893305926267538e-14,-1.8569262983938593e-16,-2.309760193909619e-16,-6.264693659994648e-14,9.430203309223754e-14,1.009657017381154e-15,2.5764707118779703e-16,9.03820386099765e-14,1.0987886971375766e-13,3.1084126653736576e-16,8.92396317195466e-14,ACBI1,1.0,36000.0,360,180,360,0,471.486636345739,2.49e-11
6.0,0.001,0.0,71.56122538395604,28.438774616043954,0.10208491742907153,24.331592490273778,86.86096327465731,-9.787743552533272e-14,-5.638040643323478e-16,-6.275460899271578e-17,-1.4352069951829985e-14,1.490191789880703e-13,1.4249940030123206e-15,5.349249673283348e-16,1.274975446490346e-13,1.3338375477517022e-13,3.760431045181271e-16,1.2531022667396968e-13,ACBI1,1.0,36000.0,360,180,360,0,568.9866029018293,2.49e-11
6.0,0.001,0.0,60.40920525017511,39.59079474982489,0.11176085080029532,26.261604465466252,75.48883816724224,-9.082792901111067e-14,-1.494184137029386e-17,3.237590809487951e-17,1.406282908011402e-14,2.0745576448908241e-13,1.3511293207090371e-15,5.856268581935475e-16,1.3761080739904317e-13,1.3952351211272042e-13,3.4022875711722914e-16,1.3526521984410855e-13,ACBI1,1.0,36000.0,360,180,360,0,686.6488450042998,2.49e-11
6.0,0.001,0.0,50.5817065311483,49.4182934688517,0.10105427605441732,26.896704742663424,-53.96309231891057,-7.793150070955439e-14,4.5974525701668316e-17,3.9592798054040884e-17,1.9352433450825902e-14,2.5895185777678294e-13,1.1622993558818943e-15,5.295244065251467e-16,1.4093873285155634e-13,1.4196198562318853e-13,2.901008748107671e-16,1.3882435778158064e-13,ACBI1,1.0,36000.0,360,180,360,0,828.6427728546843,2.49e-11
6.0,0.001,0.0,42.21520083211695,57.78479916788305,0.08907547700738742,27.226012996303073,79.754161103486,-6.574420264219642e-14,5.279529774348749e-17,3.651878252976123e-17,2.126325667226042e-14,3.027923476397072e-13,9.801642592335206e-16,4.667554995187101e-16,1.426643081006281e-13,1.4333223233618375e-13,2.440693552172936e-16,1.408018977351526e-13,ACBI1,1.0,36000.0,360,180,360,0,1000.0,2.49e-11
6.0,0.001,0.0,1.1911925383856214e-06,99.99999880880746,0.014134685847501454,0.01419624547581332,2.7677585889840373e-06,-8.246963517250376e-22,1.9160863407966618e-24,1.2678261406951959e-31,8.027215822895237e-34,5.23999993758151e-13,1.486934730977759e-16,7.406575384090762e-17,7.43883262932618e-17,8.091300204658354e-15,4.0246732555074066e-24,2.5147697446075723e-26,ACBI1,10.0,36000.0,360,180,360,0,0.1,2.49e-11
6.0,0.001,0.0,2.5173699640390623e-06,99.99999748263004,0.017041336667276946,0.01713090833508597,5.841730488231889e-06,-1.7431201992600158e-21,2.2319336254726714e-24,2.6225448238031753e-31,2.006427797531546e-33,5.239999868089814e-13,1.7943138102725128e-16,8.929660413653119e-17,8.976595967585049e-17,8.106454938614354e-15,8.506176560398034e-24,6.414079690811408e-26,ACBI1,10.0,36000.0,360,180,360,0,0.12067926406393285,2.49e-11
6.0,0.001,0.0,5.316063734994714e-06,99.99999468393627,0.02054166795405958,0.020671974116135538,1.23329124135374e-05,-3.6817336929655336e-21,2.4136871780355925e-24,5.115856739072429e-31,4.730565425901148e-33,5.23999972143826e-13,2.1652071070190522e-16,1.076383400792722e-16,1.0832114436855022e-16,8.124741164739558e-15,1.7964868350583476e-23,1.6347686337839543e-25,ACBI1,10.0,36000.0,360,180,360,0,0.14563484775012436,2.49e-11
6.0,0.001,0.0,1.1216183466444818e-05,99.99998878381653,0.024755107427741552,0.024944630646516554,2.6111791817662322e-05,-7.769736000653e-21,2.0784528477528713e-24,8.475987592592844e-31,9.512288365950082e-33,5.239999412271986e-13,2.6127260664100387e-16,1.2971676292136575e-16,1.3070986458774675e-16,8.146805358157003e-15,3.790838999555334e-23,4.162936851524552e-25,ACBI1,10.0,36000.0,360,180,360,0,0.1757510624854792,2.49e-11
6.0,0.001,0.0,2.3639204655978574e-05,99.99997636079534,0.029824279347748617,0.0300998565599461,5.4954246020422204e-05,-1.6379991867146045e-20,2.0841074027214955e-25,6.4277911893924e-31,9.081963394001059e-33,5.239998761305676e-13,3.1526827882106997e-16,1.5627922378220277e-16,1.5772324837411755e-16,8.173427178255805e-15,7.990815720730102e-23,1.0589799460204035e-24,ACBI1,10.0,36000.0,360,180,360,0,0.21209508879201905,2.49e-11
6.0,0.001,0.0,4.975747800983754e-05,99.99995024252199,0.03591913454380924,0.03631970954195084,0.00011559542290040525,-3.4489216963863445e-20,-5.833885140486295e-24,-4.00976207008992e-30,-6.261679731689001e-32,5.239997392708152e-13,3.8041432866085937e-16,1.8821626500956041e-16,1.9031527799982236e-16,8.205546776801763e-15,1.6822815943995203e-22,2.6904649889944916e-24,ACBI1,10.0,36000.0,360,180,360,0,0.2559547922699536,2.49e-11
6.0,0.001,0.0,0.00010457011609332767,99.9998954298839,0.04324164269954802,0.04382368629699291,0.00024261208972919945,-7.251141790347054e-20,-2.2822591646934268e-23,-3.28825093502413e-29,-6.304290931708568e-31,5.239994520525916e-13,4.590092375775499e-16,2.265862077456316e-16,2.2963611619624286e-16,8.24429763991134e-15,3.536282147430014e-22,6.825075541629672e-24,ACBI1,10.0,36000.0,360,180,360,0,0.3088843596477481,2.49e-11
6.0,0.001,0.0,0.000219353158740887,99.99978064684126,0.05203103817132643,0.05287636393820922,0.0005093930718569339,-1.5217811708934258e-19,-6.791847531527931e-23,-1.7857400592878307e-28,-4.1471530974976446e-30,5.239988505894482e-13,5.538231502016224e-16,2.7264264001775045e-16,2.7707214703621634e-16,8.291046046435587e-15,7.419976979817011e-22,1.72820341731529e-23,ACBI1,10.0,36000.0,360,180,360,0,0.372759372031494,2.49e-11
6.0,0.001,0.0,0.00045909625204387794,99.99954090374796,0.06256955625536641,0.06379656750344737,0.0010650119268040825,-3.1868708809330463e-19,-1.8433041404147987e-22,-8.588887772604011e-28,-2.4106479927906154e-29,5.239975943356392e-13,6.681933845343494e-16,3.2786447477811995e-16,3.3429401371806417e-16,8.347438405992947e-15,1.5534820131745888e-21,4.3664660879470393e-23,ACBI1,10.0,36000.0,360,180,360,0,0.44984326689694454,2.49e-11
6.0,0.001,0.0,0.0009582785788211368,99.99904172142118,0.07518850834790965,0.07696834247556686,0.0022280363923821156,-6.656658577163226e-19,-4.800725246297626e-22,-3.91886761377157e-27,-1.3282406973059899e-28,5.239949786202469e-13,8.061383253193506e-16,3.939877837430465e-16,4.0331411457197037e-16,8.415457916813448e-15,3.243899536735321e-21,1.100329086505688e-22,ACBI1,10.0,36000.0,360,180,360,0,0.5428675439323859,2.49e-11
6.0,0.001,0.0,0.0019937694306264575,99.99800623056937,0.09027440241328955,0.09285403468683384,0.00464637376045296,-1.3861315145222977e-18,-1.2233734687782187e-21,-1.738462812495499e-26,-7.113060174764711e-28,5.239895526481835e-13,9.72492335227074e-16,4.730378686456372e-16,4.865551417590093e-16,8.497492107058587e-15,6.752407494078654e-21,2.7640436965101965e-22,ACBI1,10.0,36000.0,360,180,360,0,0.6551285568595507,2.49e-11
6.0,0.001,0.0,0.00413214624150271,99.9958678537585,0.10827458559540468,0.1120097684291172,0.00965799820076274,-2.8756931370813864e-18,-3.0755827254750336e-21,-7.572830651114871e-26,-3.739873995856154e-27,5.239783475536945e-13,1.1730636679016125e-15,5.673588285199205e-16,5.86931186568574e-16,8.596412770999752e-15,1.40026049188544e-20,6.9171283230587e-22,ACBI1,10.0,36000.0,360,180,360,0,0.7906043210907697,2.49e-11
6.0,0.001,0.0,0.008524405574078742,99.99147559442592,0.12970150526831475,0.13510350904819776,0.01973534434691615,-5.93953705415112e-18,-7.653737418065508e-21,-3.2515705746385447e-25,-1.9380509770852314e-26,5.239553321147918e-13,1.4148152402782836e-15,6.796358876059693e-16,7.079423874125562e-16,8.71566929371755e-15,2.8906459930217805e-20,1.723226030875888e-21,ACBI1,10.0,36000.0,360,180,360,0,0.9540954763499939,2.49e-11
6.0,0.001,0.0,0.01748833571686248,99.98251166428314,0.15513402911915797,0.16293556527508776,0.0408166290139067,-1.2202654906247281e-17,-1.8873435916562913e-20,-1.3773758787008363e-24,-9.907865555768075e-26,5.239083611208436e-13,1.7060626817352113e-15,8.129023125843876e-16,8.537823620414599e-16,8.859394709554369e-15,5.935150783662395e-20,4.269814028857578e-21,ACBI1,10.0,36000.0,360,180,360,0,1.151395399326447,2.49e-11
6.0,0.001,0.0,0.035642156506696665,99.9643578434933,0.18521308565393493,0.19646053017784304,0.08287527917661963,-2.4910987959973822e-17,-4.610684620310759e-20,-5.752075999835607e-24,-4.993423709467225e-25,5.238132350999049e-13,2.056671427787248e-15,9.70516568826619e-16,1.0294531781318975e-15,9.032519575624142e-15,1.2107632769928912e-19,1.051152521204963e-20,ACBI1,10.0,36000.0,360,180,360,0,1.3894954943731375,2.49e-11
6.0,0.001,0.0,0.07207064427525722,99.92792935572474,0.22062669255182998,0.23680763114208525,0.1683174800780729,-5.046717039794704e-17,-1.114754807346425e-19,-2.3640358733001487e-23,-2.4766739002724806e-24,5.236223498239976e-13,2.4782067405348393e-15,1.156083868971589e-15,1.2408719871845267e-15,9.240878658212929e-15,2.4508941111000123e-19,2.5677908861133258e-20,ACBI1,10.0,36000.0,360,180,360,0,1.6768329368110073,2.49e-11
6.0,0.001,0.0,0.14436888613703047,99.85563111386297,0.2620753016559187,0.2852919195891683,0.3398973547274031,-1.0130426200190874e-16,-2.663124251076911e-19,-9.537581319488385e-23,-1.2058435796305315e-23,5.232435070366419e-13,2.9839315794782597e-15,1.3732745806770141e-15,1.4949296586472419e-15,9.491272909490101e-15,4.915376620454266e-19,6.21469331057336e-20,ACBI1,10.0,36000.0,360,180,360,0,2.0235896477251565,2.49e-11
6.0,0.001,0.0,0.28596941495301564,99.71403058504698,0.3102006942554764,0.34339907578843587,0.7227561648713521,-2.0109057352971984e-16,-6.272542662472152e-19,-3.7648025556219998e-22,-5.744222312669595e-23,5.225015202656462e-13,3.588427967108481e-15,1.6254516378986965e-15,1.799411157131404e-15,9.791401411742375e-15,9.74829297130352e-19,1.4873676474645748e-19,ACBI1,10.0,36000.0,360,180,360,0,2.442053094548651,2.49e-11
6.0,0.001,0.0,0.558904167593127,99.44109583240687,0.36544806056864765,0.4127072399455791,1.140667177591681,-3.9372577164912823e-16,-1.4523654845495498e-18,-1.4479584434934463e-21,-2.6661262964664803e-22,5.21071342161812e-13,4.306389696995455e-15,1.9149478373797138e-15,2.1625859373148345e-15,1.0149482262040131e-14,1.907198765187285e-18,3.5116524559546363e-19,ACBI1,10.0,36000.0,360,180,360,0,2.9470517025518097,2.49e-11
6.0,0.001,0.0,1.0748415712642014,98.9251584287358,0.42780927789783363,0.4946734476478999,2.4181291377413205,-7.57797061186943e-16,-3.2932706913280196e-18,-5.39758725177751e-21,-1.1993890660614716e-21,5.183678301665756e-13,5.149735491278862e-15,2.241720616184648e-15,2.5920888656749956e-15,1.0573204393807579e-14,3.669483457027296e-18,8.153522610582403e-19,ACBI1,10.0,36000.0,360,180,360,0,3.5564803062231287,2.49e-11
6.0,0.001,0.0,2.0270137581932204,97.97298624180678,0.4963680399019484,0.5901539086404117,1.9910064613844702,-1.4269962814610522e-15,-7.275674300993884e-18,-1.937162205625022e-20,-5.194740545868402e-21,5.133784479070675e-13,6.121592815526363e-15,2.6009685290862096e-15,3.0924064812757572e-15,1.1067363617877295e-14,6.914309696540253e-18,1.854014769138619e-18,ACBI1,10.0,36000.0,360,180,360,0,4.291934260128776,2.49e-11
6.0,0.001,0.0,3.732339866018279,96.26766013398172,0.5685525120716923,0.6984537182675429,4.20077291232781,-2.6116059698356785e-15,-1.5551838312066916e-17,-6.635785089428837e-20,-2.147494620686393e-20,5.044425391020642e-13,7.205074270226337e-15,2.9792151632556676e-15,3.6598974837219245e-15,1.1629167329453077e-14,1.2687089054528913e-17,4.10535278098368e-18,ACBI1,10.0,36000.0,360,180,360,0,5.17947467923121,2.49e-11
6.0,0.001,0.0,6.672432340627054,93.32756765937295,0.6390550831936687,0.8156670304564024,16.668990956322816,-4.601046096690144e-15,-3.1854730500326994e-17,-2.1450746223371258e-19,-8.377873761340801e-20,4.890364545351142e-13,8.34488487307548e-15,3.348648635934824e-15,4.274095239591549e-15,1.2239997026495999e-14,2.2492779564392208e-17,8.783303106103898e-18,ACBI1,10.0,36000.0,360,180,360,0,6.25055192527397,2.49e-11
6.0,0.001,0.0,11.498817397945828,88.50118260205417,0.6986205918482524,0.9322382402504638,10.471217746503758,-7.696827131489879e-15,-6.169507882796046e-17,-6.445624158020293e-19,-3.038274660025859e-19,4.637461968347638e-13,9.422672840135131e-15,3.660771901284842e-15,4.88492837891243e-15,1.2853168755726197e-14,3.8117242911158483e-17,1.7962563184342937e-17,ACBI1,10.0,36000.0,360,180,360,0,7.543120063354615,2.49e-11
6.0,0.001,0.0,18.932023893797805,81.0679761062022,0.7334892655991271,1.030380975816252,28.049934198826588,-1.1988325785298387e-14,-1.1088785107899301e-16,-1.764075602543308e-18,-1.0036507123863132e-18,4.2479619479649954e-13,1.0236106062441363e-14,3.843483751739426e-15,5.3991963132771614e-15,1.3380492337570995e-14,6.085751751569245e-17,3.461022820448126e-17,ACBI1,10.0,36000.0,360,180,360,0,9.102981779915218,2.49e-11
6.0,0.001,0.0,29.461944774296455,70.53805522570354,0.7272046609645884,1.0836265913613965,30.580629537715698,-1.6907007582162643e-14,-1.800617492909234e-16,-4.274381341836986e-18,-2.935545696937328e-18,3.6961940938268657e-13,1.050928137153744e-14,3.810552423454443e-15,5.678203338733717e-15,1.3688107144042558e-14,8.984740734415447e-17,6.166738852145418e-17,ACBI1,10.0,36000.0,360,180,360,0,10.985411419875584,2.49e-11
6.0,0.001,0.0,42.82589718405625,57.17410281594375,0.6670929240649274,1.0631208108640449,63.628237183518245,-2.0748181505964018e-14,-2.5388180201436004e-16,-8.798535273666037e-18,-7.294969317317464e-18,2.9959229875554524e-13,9.980375881051667e-15,3.4955669221002194e-15,5.570753048927595e-15,1.3623624649900328e-14,1.1996931008447367e-16,9.937895048813298e-17,ACBI1,10.0,36000.0,360,180,360,0,13.257113655901081,2.49e-11
6.0,0.001,0.0,57.51390374710888,42.48609625289112,0.5557902166505693,0.9554355602778208,48.53769595057075,-2.0959990727267745e-14,-2.931150609309525e-16,-1.4481511374593988e-17,-1.4495551269515187e-17,2.2262714436514947e-13,8.593778716769147e-15,2.9123407352489832e-15,5.006482335855781e-15,1.310017755594753e-14,1.4193687858543054e-16,1.4190259212780966e-16,ACBI1,10.0,36000.0,360,180,360,0,15.998587196060573,2.49e-11
6.0,0.001,0.0,70.96610588294776,29.033894117052245,0.42010578043892527,0.7857721928997647,81.5427966129423,-1.6214395111365676e-14,-2.5608480130992714e-16,-1.7573677682804055e-17,-2.123367508645825e-17,1.5213760517335375e-13,6.69159088679799e-15,2.2013542894999685e-15,4.117446290794768e-15,1.2218490368074308e-14,1.4833509609453125e-16,1.7896898548536722e-16,ACBI1,10.0,36000.0,360,180,360,0,19.306977288832496,2.49e-11
6.0,0.001,0.0,80.96461774183862,19.03538225816138,0.2999343214088771,0.6156116567455114,83.25776995614633,-8.831773716868463e-15,-1.553127700572958e-16,-1.4409034511200038e-17,-2.1010698008833618e-17,9.974540303276563e-14,4.8979791210750156e-15,1.5716558441825162e-15,3.2258050813464802e-15,1.128527497518503e-14,1.4238120392664557e-16,2.0729510056396845e-16,ACBI1,10.0,36000.0,360,180,360,0,23.29951810515372,2.49e-11
6.0,0.001,0.0,87.13905090690584,12.860949093094161,0.21797208230297718,0.49511728194279025,83.86357402591284,-3.0517168660876297e-15,-5.979645971593804e-17,-7.316296695750553e-18,-1.2875551959347016e-17,6.739137324781341e-14,3.628571531597438e-15,1.1421737112676006e-15,2.5944145573802208e-15,1.0592563457985605e-14,1.353127209480726e-16,2.37724344633843e-16,ACBI1,10.0,36000.0,360,180,360,0,28.11768697974228,2.49e-11
6.0,0.001,0.0,90.67261014473448,9.32738985526553,0.1687293015867349,0.4277989391499497,90.80832558636817,-5.143518025264194e-16,-1.191153315431353e-17,-1.891395393305007e-18,-4.021084014975633e-18,4.887552284159137e-14,2.8466759327253025e-15,8.84141540314491e-16,2.2416664411457363e-15,1.0197765308682375e-14,1.33407776439909e-16,2.8283351587271367e-16,ACBI1,10.0,36000.0,360,180,360,0,33.93221771895326,2.49e-11
6.0,0.001,0.0,92.83004495519387,7.169955044806127,0.13750687455746366,0.39241233633883715,91.68830652899354,4.039169791397889e-17,4.160818144187664e-19,6.667258669603703e-20,1.6675912046579765e-19,3.7570564434784106e-14,2.3375759309774724e-15,7.205360226811096e-16,2.0562406424155066e-15,9.996872858983125e-15,1.350070884961329e-16,3.454084493005391e-16,ACBI1,10.0,36000.0,360,180,360,0,40.94915062380423,2.49e-11
6.0,0.001,0.0,94.28474086080567,5.715259139194333,0.1152735113507379,0.37316988504023685,95.00860820403389,3.956173390762214e-17,9.36138979906881e-19,2.231970258090517e-19,6.894365478331729e-19,2.99479578893783e-14,1.9631399310212153e-15,6.040331994778667e-16,1.955410197610841e-15,9.894030486831972e-15,1.371267846587625e-16,4.233804414237867e-16,ACBI1,10.0,36000.0,360,180,360,0,49.417133613238335,2.49e-11
6.0,0.001,0.0,95.31298716327024,4.6870128367297585,0.09852729428317895,0.36441895340860897,95.37191521801336,5.637396288406008e-18,2.3561118642173687e-19,7.109461786376634e-20,2.6655991123355536e-19,2.4559947264463935e-14,1.6718492213337087e-15,5.162830220438578e-16,1.909555315861111e-15,9.848987829602562e-15,1.387176885479588e-16,5.168610948942309e-16,ACBI1,10.0,36000.0,360,180,360,0,59.63623316594643,2.49e-11
6.0,0.001,0.0,96.04980765450647,3.9501923454935333,0.08575329575479222,0.36475733868579663,95.71949248237328,-2.6688743084795627e-18,-5.625201164040126e-21,1.1674379105201042e-21,6.805900665724998e-21,2.0699007890386116e-14,1.443001960102521e-15,4.493472697551112e-16,1.911328454713574e-15,9.850963871589427e-15,1.3981324468130518e-16,6.286708128643011e-16,ACBI1,10.0,36000.0,360,180,360,0,71.96856730011514,2.49e-11
6.0,0.001,0.0,96.58111290011273,3.4188870998872773,0.07595403674712677,0.37376648173428856,96.45224435790452,-2.4401121043641478e-18,-3.4060170757010226e-20,-1.1387370852347695e-20,-6.067587966759293e-20,1.7914968403409332e-14,1.262726176471982e-15,3.979991525549442e-16,1.958536364287672e-15,9.897455291371512e-15,1.4058595353267621e-16,7.628671262060154e-16,ACBI1,10.0,36000.0,360,180,360,0,86.85113737513521,2.49e-11
6.0,0.001,0.0,96.96526598680103,3.0347340131989755,0.06838072478074304,0.3913984239656438,96.91153611780811,-1.4324459932542109e-18,-2.4133071793199264e-20,-9.588806762535002e-21,-6.201324924221765e-20,1.590200622916263e-14,1.120052229831939e-15,3.5831499785109353e-16,2.0509277415799732e-15,9.98838327378683e-15,1.4114231061965874e-16,9.242621908874555e-16,ACBI1,10.0,36000.0,360,180,360,0,104.81131341546853,2.49e-11
6.0,0.001,0.0,97.24170137213768,2.7582986278623203,0.06247878584389007,0.4179770762377392,97.23173139108943,-8.505472153656234e-19,-1.5314095764641198e-20,-6.895607119521909e-21,-5.389058813816724e-20,1.4453484809998558e-14,1.0064924309523124e-15,3.2738883782198397e-16,2.1901998794857534e-15,1.0125514226518572e-14,1.4154306129504326e-16,1.1185530495237915e-15,ACBI1,10.0,36000.0,360,180,360,0,126.48552168552958,2.49e-11
6.0,0.001,0.0,97.43695433755671,2.5630456624432885,0.057841746444290014,0.45421660701910416,97.43957900846763,-5.885144402048467e-19,-1.0784593317384647e-20,-5.385934747927206e-21,-5.080754285163769e-20,1.3430359271202832e-14,9.15587440349021e-16,3.030907513680797e-16,2.3800950207801056e-15,1.031256168086193e-14,1.4182653496477767e-16,1.3525537715283032e-15,ACBI1,10.0,36000.0,360,180,360,0,152.6417967175232,2.49e-11
6.0,0.001,0.0,97.56882816838049,2.431171831619514,0.05417085024033869,0.5012292724071925,97.55783184984293,-5.015399306607609e-19,-9.19437186074899e-21,-4.954385581381229e-21,-5.63856474924014e-20,1.2739340397686255e-14,8.42423350482292e-16,2.8385525525937476e-16,2.6264413874136886e-15,1.0555271767937781e-14,1.420182430560059e-16,1.6344405934139416e-15,ACBI1,10.0,36000.0,360,180,360,0,184.20699693267144,2.49e-11
6.0,0.001,0.0,97.64912339147935,2.350876608520646,0.051244732369091044,0.5605441198371106,97.6692385282935,-5.356482315719069e-19,-9.361006521721003e-21,-5.5150504711166494e-21,-7.570782721257833e-20,1.2318593428648183e-14,7.832402123219902e-16,2.685223976140371e-16,2.9372511879464593e-15,1.0861538034305661e-14,1.4213521195935233e-16,1.974028448499114e-15,ACBI1,10.0,36000.0,360,180,360,0,222.29964825261933,2.49e-11
6.0,0.001,0.0,97.68539528397673,2.3146047160232746,0.048897772685969246,0.63414295552951,97.69780659566469,-7.138008937514742e-19,-1.1781605648521045e-20,-7.407739708646323e-21,-1.2261599791931264e-19,1.212852871196196e-14,7.351389234037673e-16,2.5622432887447886e-16,3.3229090869746328e-15,1.1241591976592097e-14,1.4218850258249323e-16,2.383095754628655e-15,ACBI1,10.0,36000.0,360,180,360,0,268.26957952797244,2.49e-11
6.0,0.001,0.0,97.68207739426524,2.317922605734759,0.047004824615096176,0.7245148465006505,97.67065701495311,-1.1710111397807245e-18,-1.8174739200101345e-20,-1.1768928950385843e-20,-2.347357717484821e-19,1.2145914454050136e-14,6.958661499737244e-16,2.4630528098310396e-16,3.796457795663408e-15,1.1708283184939239e-14,1.421849432381522e-16,2.875770444705816e-15,ACBI1,10.0,36000.0,360,180,360,0,323.74575428176433,2.49e-11
6.0,0.001,0.0,97.64118623455285,2.3588137654471537,0.04547047307022791,0.8347307097852971,97.62939969217545,-2.295768809159138e-18,-3.1907554609067954e-20,-2.121738730463865e-20,-5.092899789987596e-19,1.2360184130943085e-14,6.636575792609787e-16,2.3826527888799424e-16,4.3739889192749565e-15,1.2277450710682484e-14,1.421285482103191e-16,3.468993492696134e-15,ACBI1,10.0,36000.0,360,180,360,0,390.6939937054613,2.49e-11
6.0,0.001,0.0,97.56273121744998,2.437268782550018,0.044221573379424305,0.9685425935645152,97.50923705064758,-5.089162603514663e-18,-6.119747143103387e-20,-4.041875463694432e-20,-1.1644457508450982e-18,1.2771288420562095e-14,6.371253277107035e-16,2.3172104450818334e-16,5.07516319027806e-15,1.2968367986412623e-14,1.4202211200152045e-16,4.1830892016415e-15,ACBI1,10.0,36000.0,360,180,360,0,471.486636345739,2.49e-11
6.0,0.001,0.0,97.44488648084003,2.5551135191599763,0.043202196652484696,1.1305125383116172,97.60737806263937,-1.165690359329281e-17,-1.1644264880356177e-19,-7.15337818099671e-20,-2.457020185795073e-18,1.3388794840398275e-14,6.151776591484681e-16,2.263795104590198e-16,5.923885700752875e-15,1.3804129712240736e-14,1.4186882616542636e-16,5.0424722812058e-15,ACBI1,10.0,36000.0,360,180,360,0,568.9866029018293,2.49e-11
6.0,0.001,0.0,97.28397663553194,2.7160233644680534,0.04236967947530872,1.3261357459310226,97.31724930946254,-2.4088352502868447e-17,-1.8513913909538307e-19,-8.498510554612123e-20,-3.370816692560774e-18,1.42319624298126e-14,5.969454255166302e-16,2.220171204506177e-16,6.9489513086785586e-15,1.4811387591177422e-14,1.4166914474867103e-16,6.076326036841677e-15,ACBI1,10.0,36000.0,360,180,360,0,686.6488450042998,2.49e-11
6.0,0.001,0.0,97.07467848722142,2.9253215127785754,0.04168737846734852,1.561685154615104,97.25469369154646,-3.387562694895648e-17,-1.1434845719625133e-19,7.327378171183508e-20,4.5482378894893896e-18,1.5328684726959734e-14,5.816270896399325e-16,2.1844186316890621e-16,8.183230210183145e-15,1.6017721781640522e-14,1.4139168653959164e-16,7.317909945645604e-15,ACBI1,10.0,36000.0,360,180,360,0,828.6427728546843,2.49e-11
6.0,0.001,0.0,96.81216149622767,3.1878385037723294,0.041103761722162784,1.8429038874858967,96.65077832979325,1.2795533444872407e-17,5.083828639563395e-19,8.017382434189829e-19,5.150598688774716e-17,1.6704273759767003e-14,5.680831729409159e-16,2.15383711424133e-16,9.656816370426099e-15,1.7445237363450317e-14,1.4087993636271801e-16,8.798125883199303e-15,ACBI1,10.0,36000.0,360,180,360,0,1000.0,2.49e-11
6.0,0.001,0.0,1.2330758636380779e-10,99.99999999987669,0.0014194988756795653,0.0014201205470885192,2.85449441861374e-10,-8.33085511981184e-26,1.5994312625537059e-25,1.07717986041035e-35,6.79582671569135e-39,5.239999999993539e-13,1.4874594235260428e-17,7.438174108560922e-18,7.441431666743841e-18,7.978188334504805e-15,4.159043374918459e-28,2.6145536191917284e-31,ACBI1,100.0,36000.0,360,180,360,0,0.1,2.49e-11
6.0,0.001,0.0,2.609681359899696e-10,99.99999999973903,0.0017128755671088458,0.001713780855106352,5.977884853791693e-10,-1.8240673858921894e-25,1.9467824963406218e-25,2.291424198836502e-35,1.744874427001833e-38,5.239999999986325e-13,1.7950442976524087e-17,8.975467971650351e-18,8.980211680757285e-18,7.979704947585433e-15,8.817995627186869e-28,6.689699443155625e-31,ACBI1,100.0,36000.0,360,180,360,0,0.12067926406393285,2.49e-11
6.0,0.001,0.0,5.542233338928781e-10,99.99999999944578,0.0020668450425381023,0.002068163312872902,1.2821632644488545e-09,-3.8372483028384983e-25,2.35067927981378e-25,4.877392384500529e-35,4.5183064109731676e-38,5.239999999970959e-13,2.1662305371242994e-17,1.0830268022899656e-17,1.0837175759454007e-17,7.981535161123384e-15,1.869452527859235e-27,1.7115271239527936e-30,ACBI1,100.0,36000.0,360,180,360,0,0.14563484775012436,2.49e-11
6.0,0.001,0.0,1.173788177766255e-09,99.99999999882621,0.0024939030892801913,0.0024958226964391502,2.7035818028764425e-09,-8.153877804974177e-25,2.8434333556510326e-25,1.0389110908063535e-34,1.1571272515906893e-37,5.239999999938493e-13,2.6141681895912376e-17,1.3068052187828202e-17,1.3078110929341147e-17,7.983743814450265e-15,3.962967894301507e-27,4.378471320049127e-30,ACBI1,100.0,36000.0,360,180,360,0,0.1757510624854792,2.49e-11
6.0,0.001,0.0,2.4881359195205732e-09,99.99999999751186,0.003009113879932445,0.00301190905089824,5.766320754219123e-09,-1.722952046973873e-24,3.457356466530233e-25,2.2148701292392004e-34,2.990163754904194e-37,5.239999999869622e-13,3.154725610416902e-17,1.576775673084601e-17,1.5782403426706777e-17,7.986409150202618e-15,8.400019164757259e-27,1.1199917769903664e-29,ACBI1,100.0,36000.0,360,180,360,0,0.21209508879201905,2.49e-11
6.0,0.001,0.0,5.2718149845532025e-09,99.99999999472819,0.003630633972680248,0.003634703932073842,1.2205703114887001e-08,-3.645301211938038e-24,4.200526548120844e-25,4.726589316259492e-34,7.670100639115426e-37,5.239999999723757e-13,3.8070511206056857e-17,1.9024522016844498e-17,1.904584860406693e-17,7.989625583752943e-15,1.780262456670334e-26,2.864515533153981e-29,ACBI1,100.0,36000.0,360,180,360,0,0.2559547922699536,2.49e-11
6.0,0.001,0.0,1.1171948699484346e-08,99.99999998882805,0.0043803414353721735,0.0043862673379245765,2.5903446054797996e-08,-7.725824494492924e-24,5.0971774074312545e-25,1.0098348706967796e-33,1.986585452889666e-36,5.23999999941459e-13,4.59425059758738e-17,2.2952989121350188e-17,2.298404085072478e-17,7.99350704429586e-15,3.772422034283967e-26,7.32520865025529e-29,ACBI1,100.0,36000.0,360,180,360,0,0.3088843596477481,2.49e-11
6.0,0.001,0.0,2.3669173287999e-08,99.99999997633083,0.005284590366834453,0.005293218127742408,5.4894888634748895e-08,-1.6368817225487658e-23,6.203854594147708e-25,2.1601471937885766e-33,5.131032841339285e-36,5.239999998759735e-13,5.5442048750144487e-17,2.7691253522212536e-17,2.7736462989370218e-17,7.998191005334804e-15,7.992360555166622e-26,1.8728688112662278e-28,ACBI1,100.0,36000.0,360,180,360,0,0.372759372031494,2.49e-11
6.0,0.001,0.0,5.0132882734033046e-08,99.99999994986712,0.006375114621018081,0.006387675399837831,1.1627219187460014e-07,-3.467407705392422e-23,7.569025722286982e-25,4.626393116531277e-33,1.3236066390258957e-35,5.239999997373037e-13,6.690555720075186e-17,3.340560061413474e-17,3.3471419095150233e-17,8.003843346443111e-15,1.6929012485777775e-25,4.787364106178205e-28,ACBI1,100.0,36000.0,360,180,360,0,0.44984326689694454,2.49e-11
6.0,0.001,0.0,1.0615470102948166e-07,99.9999998938453,0.007690108507113609,0.007708393918158746,2.4618179716995314e-07,-7.342684271630857e-23,9.24923634153532e-25,9.917269679695377e-33,3.430092515699435e-35,5.239999994437493e-13,8.073895039858475e-17,4.029616857727531e-17,4.039198413115183e-17,8.010664217192412e-15,3.58483938809959e-25,1.2233960065746823e-27,ACBI1,100.0,36000.0,360,180,360,0,0.5428675439323859,2.49e-11
6.0,0.001,0.0,2.2470331373369845e-07,99.99999977529669,0.009275516601829388,0.009302133432256754,5.221001075916831e-07,-1.554493919754985e-22,1.1284876130240036e-24,2.1255476930664734e-32,8.863227405200048e-35,5.239999988225546e-13,9.743199036753511e-17,4.860370699358599e-17,4.874317918502538e-17,8.018895109026546e-15,7.588656655414763e-25,3.125321894338168e-27,ACBI1,100.0,36000.0,360,180,360,0,0.6551285568595507,2.49e-11
6.0,0.001,0.0,4.7545239567625686e-07,99.9999995245476,0.011186569464582574,0.011225309844824533,1.1020750534385115e-06,-3.2894571826671746e-22,1.3708256831078984e-24,4.543577188527145e-32,2.2870418089598426e-34,5.239999975086294e-13,1.1757557516461263e-16,5.861762399441269e-17,5.882062358688055e-17,8.028827382744038e-15,1.6057866211972565e-24,7.980868365704596e-27,ACBI1,100.0,36000.0,360,180,360,0,0.7906043210907697,2.49e-11
6.0,0.001,0.0,1.0055213124360307e-06,99.99999899447869,0.013489606787904385,0.013545985907937298,2.334427595673816e-06,-6.9576670071939835e-22,1.6462832894365922e-24,9.629781377303471e-32,5.849259889691703e-34,5.239999947310683e-13,1.4188258719720602e-16,7.068553956861897e-17,7.098096615759144e-17,8.040812549482558e-15,3.3962769203170095e-24,2.0370318939446607e-26,ACBI1,100.0,36000.0,360,180,360,0,0.9540954763499939,2.49e-11
6.0,0.001,0.0,2.1252952677741632e-06,99.99999787470473,0.01626423398618622,0.01634627077889983,4.935876452005772e-06,-1.4708106669513253e-21,1.9257798636000176e-24,1.9967191545892347e-31,1.4662646334416885e-33,5.239999888634528e-13,1.7121302210685214e-16,8.522458608761579e-17,8.56544588814351e-17,8.055274663267017e-15,7.179067813570749e-24,5.196311355950594e-26,ACBI1,100.0,36000.0,360,180,360,0,1.151395399326447,2.49e-11
6.0,0.001,0.0,4.488879696395998e-06,99.9999955111203,0.0196058618392686,0.019725211693079007,1.0499218539017363e-05,-3.107090945822896e-21,2.1018788611943145e-24,3.9211707972808764e-31,3.480215594818497e-33,5.239999764782704e-13,2.0660426861435834e-16,1.0273471603776746e-16,1.0336010927173399e-16,8.072725255109082e-15,1.5164616339973358e-23,1.3246186164502957e-25,ACBI1,100.0,36000.0,360,180,360,0,1.3894954943731375,2.49e-11
6.0,0.001,0.0,9.472927018805422e-06,99.99999052707298,0.023628680639718475,0.023802277616032354,2.1988065834754877e-05,-6.558351191245324e-21,1.8692343139137754e-24,6.63433212960024e-31,7.137977856385193e-33,5.239999503618624e-13,2.4930758202678684e-16,1.238142865521248e-16,1.2472393470800954e-16,8.093781324414476e-15,3.200600857174951e-23,3.373829974130514e-25,ACBI1,100.0,36000.0,360,180,360,0,1.6768329368110073,2.49e-11
6.0,0.001,0.0,1.9970180559880646e-05,99.99998002981944,0.02846911893054367,0.02872155446052889,4.6335436398869945e-05,-1.38294934785026e-20,4.06320164173997e-25,5.860243708905786e-31,7.854183054454196e-33,5.239998953562539e-13,3.0083199740879815e-16,1.4917818319604883e-16,1.5050094537317137e-16,8.119187005317551e-15,6.748296854525667e-23,8.584559560022384e-25,ACBI1,100.0,36000.0,360,180,360,0,2.0235896477251565,2.49e-11
6.0,0.001,0.0,4.2047473030493165e-05,99.99995795252697,0.034289830242485664,0.03465679474129184,9.757426462364549e-05,-2.912740192458696e-20,-4.408937288392993e-24,-2.5854766909047972e-30,-3.86269324471165e-32,5.239997796712412e-13,3.6299716564220397e-16,1.7967871047062488e-16,1.8160160444436924e-16,8.149839645899055e-15,1.4211187384783945e-22,2.181655979212142e-24,ACBI1,100.0,36000.0,360,180,360,0,2.442053094548651,2.49e-11
6.0,0.001,0.0,8.839920229775089e-05,99.9999116007977,0.041284236100092464,0.04181749175473442,0.00020482431192236916,-6.125985892145143e-20,-1.804206931774597e-23,-2.2880806074235964e-29,-4.2088791522152556e-31,5.2399953678818e-13,4.3799686698369363e-16,2.163293971644845e-16,2.1912365679480835e-16,8.186821178896356e-15,2.988362236021748e-22,5.5363187169699095e-24,ACBI1,100.0,36000.0,360,180,360,0,2.9470517025518097,2.49e-11
6.0,0.001,0.0,0.00018551370621366914,99.99981448629379,0.04968162530727644,0.05045617957607779,0.00043006575541904013,-1.286185401864143e-19,-5.435723691338456e-23,-1.2630575983382039e-28,-2.8151317997108226e-30,5.239990279081795e-13,5.284752557241478e-16,2.6033171661012853e-16,2.6439038097864765e-16,8.231435824001533e-15,6.2729922216453695e-22,1.4024726085317408e-23,ACBI1,100.0,36000.0,360,180,360,0,3.5564803062231287,2.49e-11
6.0,0.001,0.0,0.00038847729699398315,99.999611522703,0.059752761184928276,0.06087719459727117,0.0009025576924281964,-2.6948469524490396e-19,-1.48275355974398e-22,-6.115033647933523e-28,-1.6472575110841248e-29,5.239979643789637e-13,6.376181936032763e-16,3.131044686090242e-16,3.1899649968970097e-16,8.285255340482792e-15,1.3140188841295345e-21,3.545298957299135e-23,ACBI1,100.0,36000.0,360,180,360,0,4.291934260128776,2.49e-11
6.0,0.001,0.0,0.0008113894643884123,99.99918861053561,0.07181586931897778,0.07344716913420764,0.0018854032581505642,-5.632326444455846e-19,-3.872158463157166e-22,-2.80014806474349e-27,-9.109013080069978e-29,5.239957483192066e-13,7.692622798935476e-16,3.7631515523144356e-16,3.84863166263248e-16,8.350173230657153e-15,2.7455575681462045e-21,8.939499705010162e-23,ACBI1,100.0,36000.0,360,180,360,0,5.17947467923121,2.49e-11
6.0,0.001,0.0,0.0016894406193728173,99.99831055938063,0.08624275124811093,0.08860755490613276,0.003932788273175447,-1.173680728971735e-18,-9.88557572389728e-22,-1.2453482102763766e-26,-4.890587093120395e-28,5.239911473311545e-13,9.280242427472521e-16,4.519120165401012e-16,4.643035877081356e-16,8.428469440767403e-15,5.7192989291508215e-21,2.2472769764107867e-22,ACBI1,100.0,36000.0,360,180,360,0,6.25055192527397,2.49e-11
6.0,0.001,0.0,0.0035046062996002547,99.9964953937004,0.10346456474451052,0.10688947408124908,0.008169962219628513,-2.437049047936748e-18,-2.4890712814965896e-21,-5.437061625934506e-26,-2.5771708291301356e-27,5.239816358629901e-13,1.1194529013153202e-15,5.421543192612351e-16,5.601008441857451e-16,8.522887117944232e-15,1.1870729855956207e-20,5.628880946184693e-22,ACBI1,100.0,36000.0,360,180,360,0,7.543120063354615,2.49e-11
6.0,0.001,0.0,0.007237700961113092,99.99276229903889,0.12397647441419803,0.12893112055926298,0.016669907829136577,-5.038773263299119e-18,-6.203666378246609e-21,-2.3399732047347663e-25,-1.3386405649312854e-26,5.239620744469637e-13,1.3502042347795465e-15,6.496367259303976e-16,6.755990717305379e-16,8.636722625423285e-15,2.4531468237986186e-20,1.4037786859101563e-21,ACBI1,100.0,36000.0,360,180,360,0,9.102981779915218,2.49e-11
6.0,0.001,0.0,0.014867909860200257,99.9851320901398,0.14833980145900647,0.15549767397258094,0.03432780457792717,-1.0364922491238224e-17,-1.5323433605839607e-20,-9.93804466229247e-25,-6.86135807921681e-26,5.239220921523325e-13,1.6282356642930522e-15,7.773005596451939e-16,8.148078116163241e-16,8.773928748647756e-15,5.0432520161319836e-20,3.482697723789036e-21,ACBI1,100.0,36000.0,360,180,360,0,10.985411419875584,2.49e-11
6.0,0.001,0.0,0.030348657571963145,99.96965134242804,0.17717927749185222,0.1875029950406963,0.07140554676277056,-2.119090496058397e-17,-3.750696199050417e-20,-4.162790751933087e-24,-3.468487417162418e-25,5.238409730343229e-13,1.9630051864502762e-15,9.284194140573056e-16,9.825156940132486e-16,8.939227616199443e-15,1.030377820200417e-19,8.58679468727234e-21,ACBI1,100.0,36000.0,360,180,360,0,13.257113655901081,2.49e-11
6.0,0.001,0.0,0.061480570779011146,99.93851942922099,0.2111711145635318,0.22603070119444355,0.14313539048945723,-4.300759526367156e-17,-9.08904756525624e-20,-1.7169594062300285e-23,-1.7264601043110547e-24,5.236778418091179e-13,2.3656376866302287e-15,1.1065366403129067e-15,1.1844008742588842e-15,9.138221638340039e-15,2.0895392875288086e-19,2.101425188289357e-20,ACBI1,100.0,36000.0,360,180,360,0,15.998587196060573,2.49e-11
6.0,0.001,0.0,0.12342763182088845,99.87657236817911,0.25101403721834636,0.2723484406434914,0.2820492499322258,-8.651750145338725e-17,-2.1772886040231265e-19,-6.95634166044047e-23,-8.441416939394357e-24,5.233532392092585e-13,2.8489710300164786e-15,1.3153135550241348e-15,1.427105828971895e-15,9.377472139558316e-15,4.1998216813360995e-19,5.0970897898874925e-20,ACBI1,100.0,36000.0,360,180,360,0,19.306977288832496,2.49e-11
6.0,0.001,0.0,0.24513486858373312,99.75486513141627,0.2973687526528399,0.3279010475457352,0.5536597626621176,-1.721927320242056e-16,-5.1451549734806455e-19,-2.759805624373255e-22,-4.0415613332866303e-23,5.227154932886213e-13,3.4272928605611767e-15,1.558212263900881e-15,1.7182014891396522e-15,9.664475280364257e-15,8.351205643327434e-19,1.2231162786986013e-19,ACBI1,100.0,36000.0,360,180,360,0,23.29951810515372,2.49e-11
6.0,0.001,0.0,0.48061659388078226,99.51938340611922,0.3507393697379387,0.3942517075352001,0.9438381457328449,-3.3824839409764234e-16,-1.1961223443865445e-18,-1.06789259458109e-21,-1.887268396014856e-22,5.214815690480647e-13,4.115382029719941e-15,1.8378742974267985e-15,2.0658789474844485e-15,1.00073833100421e-14,1.6391430258142588e-18,2.897086986735976e-19,ACBI1,100.0,36000.0,360,180,360,0,28.11768697974228,2.49e-11
6.0,0.001,0.0,0.9278270014681027,99.0721729985319,0.4112506719640428,0.47290898602885606,1.8316949925817005,-6.537078856373763e-16,-2.7257486759600035e-18,-4.010156215430943e-21,-8.552691532704693e-22,5.191381865123072e-13,4.9261156558193784e-15,2.1549535210915845e-15,2.4780430867912055e-15,1.0414164993280667e-14,3.166358984471868e-18,6.7535155074673185e-19,ACBI1,100.0,36000.0,360,180,360,0,33.93221771895326,2.49e-11
6.0,0.001,0.0,1.7579315196620655,98.24206848033793,0.47824854097367997,0.5649248287574067,4.858028606347375,-1.2375472149804448e-15,-6.059655164179316e-18,-1.452207581386041e-20,-3.7377210160646334e-21,5.147884388369707e-13,5.8653491782199645e-15,2.5060223547020827e-15,2.960206102688811e-15,1.0890638244324114e-14,5.996398142451339e-18,1.5434210207779033e-18,ACBI1,100.0,36000.0,360,180,360,0,40.94915062380423,2.49e-11
6.0,0.001,0.0,3.2554730099337803,96.74452699006622,0.5496301587176109,0.6700766829804541,6.752160200578194,-2.2808574483125293e-15,-1.3056829024878028e-17,-5.0301737587249724e-20,-1.5624329309222958e-20,5.06941321427947e-13,6.922123074306126e-15,2.8800620316802814e-15,3.5112018188175796e-15,1.1436448236670285e-14,1.1074236959771939e-17,3.439788815524694e-18,ACBI1,100.0,36000.0,360,180,360,0,49.417133613238335,2.49e-11
6.0,0.001,0.0,5.8614517116666605,94.13854828833334,0.6208410114982427,0.7853947467938169,8.845235649705774,-4.0566894674841705e-15,-2.7025390551478468e-17,-1.6488681133931383e-19,-6.180912003977543e-20,4.932859930308667e-13,8.052081006352833e-15,3.2532069002507915e-15,4.115468473199601e-15,1.2037785667042058e-14,1.9800250456664174e-17,7.421883639718596e-18,ACBI1,100.0,36000.0,360,180,360,0,59.63623316594643,2.49e-11
6.0,0.001,0.0,10.191294283491573,89.80870571650843,0.6836604925744681,0.9028957498869408,15.5529479702186,-6.875408300453524e-15,-5.3072817486319355e-17,-5.043144670944033e-19,-2.2815627515967573e-19,4.705976179545042e-13,9.153969932619454e-15,3.582380981090213e-15,4.73117372940757e-15,1.2656062166890899e-14,3.393235140278281e-17,1.5349265661813792e-17,ACBI1,100.0,36000.0,360,180,360,0,71.96856730011514,2.49e-11
6.0,0.001,0.0,16.96603436194154,83.03396563805846,0.7253912400848656,1.0069296664499339,28.071595372789805,-1.0905306419412114e-14,-9.719182072780778e-17,-1.4121922283267142e-18,-7.711125854458708e-19,4.350979799434263e-13,1.0046394090632597e-14,3.801050098044695e-15,5.276311452197654e-15,1.3214253722748749e-14,5.498752340296092e-17,3.001772439807497e-17,ACBI1,100.0,36000.0,360,180,360,0,86.85113737513521,2.49e-11
6.0,0.001,0.0,26.7653956551396,73.2346043448604,0.7299301578969363,1.0729381396511872,46.91928393990641,-1.5777122550911812e-14,-1.619434029242062e-16,-3.5269550911797345e-18,-2.3246630821564266e-18,3.837493267670685e-13,1.0467656356706937e-14,3.8248340273799456e-15,5.622195851772221e-15,1.3589123260344365e-14,8.278386076167575e-17,5.453991840200672e-17,ACBI1,100.0,36000.0,360,180,360,0,104.81131341546853,2.49e-11
6.0,0.001,0.0,39.55010446887185,60.44989553112815,0.6829774828903431,1.0716893140010444,47.44515276355666,-2.0072455449807358e-14,-2.3681362920229294e-16,-7.566179489819336e-18,-6.0203451829533944e-18,3.1675745258311153e-13,1.0141244860172292e-14,3.578802010345397e-15,5.615652005365472e-15,1.3628499884511692e-14,1.1332419497638345e-16,9.01078090356045e-17,ACBI1,100.0,36000.0,360,180,360,0,126.48552168552958,2.49e-11
6.0,0.001,0.0,54.119506053384086,45.880493946615914,0.5825823046834842,0.9841994386529447,47.36552010274677,-2.13335264309533e-14,-2.8807566466738127e-16,-1.3191085456239603e-17,-1.267163090666463e-17,2.404137882802674e-13,8.944743869081405e-15,3.0527312765414567e-15,5.15720505854143e-15,1.3220297090799032e-14,1.3803374334146337e-16,1.3246416420702674e-16,ACBI1,100.0,36000.0,360,180,360,0,152.6417967175232,2.49e-11
6.0,0.001,0.0,68.08158750747705,31.91841249252295,0.4498207319418611,0.8252542195550563,58.811220454640114,-1.769221716158247e-14,-2.706506792505171e-16,-1.7314320276524433e-17,-2.007787586055151e-17,1.6725248146082028e-13,7.120610552976121e-15,2.3570606353753522e-15,4.324332110468495e-15,1.2411853725236852e-14,1.4824158059861172e-16,1.716845304395711e-16,ACBI1,100.0,36000.0,360,180,360,0,184.20699693267144,2.49e-11
6.0,0.001,0.0,78.9836095343102,21.01639046568979,0.32365675415348844,0.6503793628382432,79.37840796557319,-1.0557462561327709e-14,-1.8030021067304365e-16,-1.5684600501037362e-17,-2.1950565030015555e-17,1.1012588604021449e-13,5.258818090245136e-15,1.6959613917642793e-15,3.407987861272394e-15,1.1470019037141088e-14,1.442913165480723e-16,2.0165586378225957e-16,ACBI1,100.0,36000.0,360,180,360,0,222.29964825261933,2.49e-11
6.0,0.001,0.0,85.9736331169082,14.026366883091795,0.23289835113818716,0.516965103622469,85.10320478359296,-4.123341879039382e-15,-7.822486002060409e-17,-9.018706706593809e-18,-1.5231979808350672e-17,7.349816246740101e-14,3.862549333908071e-15,1.2203873599641007e-15,2.708897142981737e-15,1.0714073272840779e-14,1.365931267563869e-16,2.3035469445646757e-16,ACBI1,100.0,36000.0,360,180,360,0,268.26957952797244,2.49e-11
6.0,0.001,0.0,89.99395228750376,10.00604771249624,0.17760063785812796,0.4392007613840209,88.33132189512813,-8.739615096487305e-16,-1.9063736399037002e-17,-2.856533621485333e-18,-5.825782240057619e-18,5.2431690013480303e-14,2.9889384361094783e-15,9.306273423765904e-16,2.30141198965227e-15,1.0260300283381416e-14,1.334188680786124e-16,2.7151697684003613e-16,ACBI1,100.0,36000.0,360,180,360,0,323.74575428176433,2.49e-11
6.0,0.001,0.0,92.3918879082006,7.608112091799392,0.14339118636199474,0.39840538818921273,91.65386693561982,-5.5966982157741566e-18,-7.806600562377602e-19,-1.6435020333401842e-19,-4.0880505990743716e-19,3.986650736102881e-14,2.4346814991861173e-15,7.513698165368525e-16,2.087644234111475e-15,1.0026872918569766e-14,1.3449707211698013e-16,3.3030664356804075e-16,ACBI1,100.0,36000.0,360,180,360,0,390.6939937054613,2.49e-11
6.0,0.001,0.0,93.97726309295317,6.0227369070468315,0.11960788738564039,0.37635469939568095,93.30117449654777,5.0025645059514894e-17,1.089356206291684e-18,2.4641971184154354e-19,7.298126191250454e-19,3.15591413929254e-14,2.037073570528225e-15,6.267453299007556e-16,1.9720986248333682e-15,9.908074684069722e-15,1.3665016726568934e-16,4.0499150902231718e-16,ACBI1,100.0,36000.0,360,180,360,0,471.486636345739,2.49e-11
6.0,0.001,0.0,95.09060572463726,4.909394275362748,0.10182747560252442,0.36551813434725977,95.26784148782409,1.1093989212934511e-17,3.6325476475386402e-19,1.0331090991825461e-19,3.7094751121747497e-19,2.5725226002900805e-14,1.7299382051185133e-15,5.335759721572279e-16,1.915315023979641e-15,9.852432993754603e-15,1.3837884280693627e-16,4.949243423328937e-16,ACBI1,100.0,36000.0,360,180,360,0,568.9866029018293,2.49e-11
6.0,0.001,0.0,95.88701044999135,4.112989550008655,0.08828264649122095,0.36393674765625433,95.62535261378137,-1.9538745816754497e-18,2.3269740070875335e-20,1.0899874755324794e-20,4.867089775439058e-20,2.1552065242045356e-14,1.48880367923479e-15,4.626010676139978e-16,1.907028557718773e-15,9.844929715570315e-15,1.3957429819549178e-16,6.024315749286673e-16,ACBI1,100.0,36000.0,360,180,360,0,686.6488450042998,2.49e-11
6.0,0.001,0.0,96.46074549863793,3.5392545013620698,0.07790439344391291,0.3710760652370126,96.53387362740932,-2.704040421032617e-18,-3.3799548153320757e-20,-1.0610069832790258e-20,-5.403462317113857e-20,1.8545693587137247e-14,1.2989546699776304e-15,4.082190216461036e-16,1.944438581841946e-15,9.882088486865145e-15,1.40411485226965e-16,7.313699637794375e-16,ACBI1,100.0,36000.0,360,180,360,0,828.6427728546843,2.49e-11
6.0,0.001,0.0,96.87561281377273,3.124387186227268,0.06989680689547792,0.3868149503332235,96.93111847942836,-1.6703320408683623e-18,-2.71460311554339e-20,-1.0428454961974475e-20,-6.468882507627584e-20,1.6371788855830883e-14,1.1488624148633735e-15,3.6625926813230425e-16,2.026910339746091e-15,9.963455094352536e-15,1.4101247624016026e-16,8.8638672988190485e-16,ACBI1,100.0,36000.0,360,180,360,0,1000.0,2.49e-11
