t,initial_BPD_ec_conc,initial_BPD_ic_conc,degradation,Ternary,all_Ternary,Dmax,degradation_rate,total_target,total_target_ub,total_naked_ternary,total_ternary,total_bpd_ic,PROTAC,Kd_T_binary,kon_T_binary,kub,kde_ub,kdeg_UPS,kdeg_Ternary,alpha,PS_cell
6.0,0.0005,0.0,55.33337872482744,0.00033463992894385014,0.0003361140693568241,99.00000000119749,-2.1733351517088345e-14,2.2133351489930978e-13,2.6878290301211886e-18,1.3385597157754005e-18,1.3444562774272964e-18,3.830096429159855e-15,ACBI1,9.26,36000.0,360,180,360,360,0.1,2.5e-12
6.0,0.0005,0.0,55.33337869670842,0.0004034652753442188,0.00040561014493366705,99.00000000338807,-2.173335153609952e-14,2.2133351478683368e-13,3.2435711040426742e-18,1.6138611013768752e-18,1.6224405797346684e-18,3.830009927432571e-15,ACBI1,9.26,36000.0,360,180,360,360,0.12067926406393285,2.5e-12
6.0,0.0005,0.0,55.33337863733772,0.00048635282320294457,0.0004894730057928632,99.00000000606947,-2.173335157624391e-14,2.2133351454935086e-13,3.914199129959181e-18,1.9454112928117783e-18,1.9578920231714527e-18,3.829905530741211e-15,ACBI1,9.26,36000.0,360,180,360,360,0.14563484775012436,2.5e-12
6.0,0.0005,0.0,55.33337851209339,0.0005861336011986615,0.0005906715466419896,99.00000000389267,-2.1733351660934726e-14,2.2133351404837354e-13,4.723453195216711e-18,2.344534404794646e-18,2.3626861865679584e-18,3.829779535332619e-15,ACBI1,9.26,36000.0,360,180,360,360,0.1757510624854792,2.5e-12
6.0,0.0005,0.0,55.33337824818383,0.0007061895793839162,0.0007127876708909391,99.00000004478888,-2.17333518394093e-14,2.213335129927353e-13,5.699974238655765e-18,2.8247583175356653e-18,2.8511506835637566e-18,3.829627470087148e-15,ACBI1,9.26,36000.0,360,180,360,360,0.21209508879201905,2.5e-12
6.0,0.0005,0.0,55.33337769282915,0.0008505523143684944,0.0008601426276138677,99.00000018926686,-2.1733352215024858e-14,2.2133351077131663e-13,6.878313178927543e-18,3.402209257473978e-18,3.440570510455471e-18,3.829443937173795e-15,ACBI1,9.26,36000.0,360,180,360,360,0.2559547922699536,2.5e-12
6.0,0.0005,0.0,55.333376526056234,0.001024015354454703,0.0010379492768835539,99.00000002451719,-2.173335300429045e-14,2.2133350610422492e-13,8.300146217681542e-18,4.0960614178188125e-18,4.151797107534216e-18,3.829222419457128e-15,ACBI1,9.26,36000.0,360,180,360,360,0.3088843596477481,2.5e-12
6.0,0.0005,0.0,55.33337407947273,0.0012322604649746096,0.001252495553174653,99.000000157891,-2.173335465957259e-14,2.2133349631789093e-13,1.0015737243232848e-17,4.929041859898439e-18,5.009982212698612e-18,3.828955047652423e-15,ACBI1,9.26,36000.0,360,180,360,360,0.372759372031494,2.5e-12
6.0,0.0005,0.0,55.33336896121966,0.0014819966493894898,0.0015113654412127922,99.00000052743482,-2.173335812315116e-14,2.2133347584487868e-13,1.208569534677918e-17,5.92798659755796e-18,6.045461764851169e-18,3.828632318724003e-15,ACBI1,9.26,36000.0,360,180,360,360,0.44984326689694454,2.5e-12
6.0,0.0005,0.0,55.33335828376117,0.001781109251190504,0.0018237050144369875,99.00000175643561,-2.1733365350534675e-14,2.2133343313504467e-13,1.4583082775290646e-17,7.124437004762017e-18,7.294820057747951e-18,3.828242755197792e-15,ACBI1,9.26,36000.0,360,180,360,360,0.5428675439323859,2.5e-12
6.0,0.0005,0.0,55.333336083631664,0.0021388139025125567,0.002200542535039234,99.0000051559367,-2.1733380382002596e-14,2.2133334433452666e-13,1.7595935060741883e-17,8.555255610050227e-18,8.802170140156936e-18,3.827772492854012e-15,ACBI1,9.26,36000.0,360,180,360,360,0.6551285568595507,2.5e-12
6.0,0.0005,0.0,55.33329011143153,0.0025658064679294204,0.00265517328595771,99.00000254784365,-2.173341152073798e-14,2.2133316044572612e-13,2.1230258138417447e-17,1.026322587171768e-17,1.062069314383084e-17,3.8272047816294785e-15,ACBI1,9.26,36000.0,360,180,360,360,0.7906043210907697,2.5e-12
6.0,0.0005,0.0,55.33319536927917,0.0030743951079847493,0.003203621674485906,99.00001462751509,-2.1733475721682408e-14,2.2133278147711668e-13,2.5613561990966403e-17,1.2297580431938997e-17,1.2814486697943626e-17,3.826519381500229e-15,ACBI1,9.26,36000.0,360,180,360,360,0.9540954763499939,2.5e-12
6.0,0.0005,0.0,55.33300123954066,0.0036785938295454635,0.0038651951045283726,99.00011561782634,-2.1733607341626757e-14,2.2133200495816262e-13,3.089896691994125e-17,1.4714375318181855e-17,1.546078041811349e-17,3.825691831791202e-15,ACBI1,9.26,36000.0,360,180,360,360,1.151395399326447,2.5e-12
6.0,0.0005,0.0,55.33260618137287,0.004394148081344978,0.00466314585147169,99.00006549200943,-2.173387536238483e-14,2.213304247254915e-13,3.726985844892081e-17,1.7576592325379914e-17,1.865258340588676e-17,3.824692569318277e-15,ACBI1,9.26,36000.0,360,180,360,360,1.3894954943731375,2.5e-12
6.0,0.0005,0.0,55.33180876447358,0.005238451807575753,0.005625457934762528,99.00001530159221,-2.1734416770706284e-14,2.2132723505789431e-13,4.4944936556369726e-17,2.095380723030301e-17,2.2501831739050114e-17,3.8234858694764654e-15,ACBI1,9.26,36000.0,360,180,360,360,1.6768329368110073,2.5e-12
6.0,0.0005,0.0,55.330214702360934,0.0062303016193460325,0.006785774044194858,99.00015336923462,-2.1735500047636764e-14,2.2132085880944376e-13,5.4183246419241683e-17,2.492120647738413e-17,2.7143096176779434e-17,3.822028588362616e-15,ACBI1,9.26,36000.0,360,180,360,360,2.0235896477251565,2.5e-12
6.0,0.0005,0.0,55.327064388587374,0.007389417016878057,0.008184469197618132,99.00054485182628,-2.1737643199054944e-14,2.213082575543495e-13,6.528829689749828e-17,2.9557668067512224e-17,3.273787679047253e-17,3.820268701061061e-15,ACBI1,9.26,36000.0,360,180,360,360,2.442053094548651,2.5e-12
6.0,0.0005,0.0,55.32092186467983,0.008735635206782838,0.009869855287007423,99.00069052222985,-2.1741827131930593e-14,2.2128368745871933e-13,7.860952986742229e-17,3.494254082713135e-17,3.9479421148029697e-17,3.818143677625992e-15,ACBI1,9.26,36000.0,360,180,360,360,2.9470517025518097,2.5e-12
6.0,0.0005,0.0,55.30913298712711,0.01028766383392677,0.011899449077993677,99.0053550255922,-2.174986830119531e-14,2.2123653194850843e-13,9.453802056312464e-17,4.115065533570708e-17,4.759779631197471e-17,3.815578845665079e-15,ACBI1,9.26,36000.0,360,180,360,360,3.5564803062231287,2.5e-12
6.0,0.0005,0.0,55.286921229437624,0.012061243877839948,0.014341128917919822,99.00343151921894,-2.176504190666082e-14,2.211476849177505e-13,1.1349120819047435e-16,4.824497551135979e-17,5.736451567167929e-17,3.812486112896534e-15,ACBI1,9.26,36000.0,360,180,360,360,4.291934260128776,2.5e-12
6.0,0.0005,0.0,55.245958458520704,0.014066540604688229,0.01727380031073356,99.01526512895369,-2.1793067543356705e-14,2.2098383383408282e-13,1.3587870677264292e-16,5.626616241875291e-17,6.909520124293424e-17,3.8087638517824305e-15,ACBI1,9.26,36000.0,360,180,360,360,5.17947467923121,2.5e-12
6.0,0.0005,0.0,55.17225977454376,0.01630455842052557,0.020786834243804127,99.00809578135166,-2.1843555606235793e-14,2.2068903909817506e-13,1.6203840877627e-16,6.521823368210227e-17,8.314733697521651e-17,3.8042994878933004e-15,ACBI1,9.26,36000.0,360,180,360,360,6.25055192527397,2.5e-12
6.0,0.0005,0.0,55.04336871461918,0.018762412843831656,0.024976998127076027,99.00013124261858,-2.1931912288369512e-14,2.2017347485847673e-13,1.9213090811923797e-16,7.504965137532664e-17,9.990799250830413e-17,3.798977444276033e-15,ACBI1,9.26,36000.0,360,180,360,360,7.543120063354615,2.5e-12
6.0,0.0005,0.0,54.82510615280493,0.02140749080125461,0.02994092593271796,99.13445954769,-2.2081437015789287e-14,2.193004246112197e-13,2.259843186586372e-16,8.562996320501844e-17,1.1976370373087182e-16,3.7926964140289155e-15,ACBI1,9.26,36000.0,360,180,360,360,9.102981779915218,2.5e-12
6.0,0.0005,0.0,54.468715710377516,0.024181044140635755,0.03576067184192963,99.0845369755012,-2.232485256131686e-14,2.1787486284151004e-13,2.6289627662737806e-16,9.672417656254303e-17,1.4304268736771852e-16,3.785400756764004e-15,ACBI1,9.26,36000.0,360,180,360,360,10.985411419875584,2.5e-12
6.0,0.0005,0.0,53.90998775879601,0.026992716794747462,0.042480267534314664,99.07226566172078,-2.270383117970301e-14,2.1563995103518405e-13,3.0143015410404173e-16,1.0797086717898984e-16,1.6992107013725865e-16,3.777129543705781e-15,ACBI1,9.26,36000.0,360,180,360,360,13.257113655901081,2.5e-12
6.0,0.0005,0.0,53.07254971756975,0.029718774164003668,0.05007353432083589,99.0226103776941,-2.32645493445914e-14,2.1229019887027902e-13,3.392857336122213e-16,1.1887509665601467e-16,2.0029413728334353e-16,3.768081058534294e-15,ACBI1,9.26,36000.0,360,180,360,360,15.998587196060573,2.5e-12
6.0,0.0005,0.0,51.87730856163236,0.03220769520161652,0.058408487030115,98.98280738045692,-2.4047640162399438e-14,2.0750923424652947e-13,3.733607670895018e-16,1.2883078080646606e-16,2.3363394812046005e-16,3.75867885570813e-15,ACBI1,9.26,36000.0,360,180,360,360,19.306977288832496,2.5e-12
6.0,0.0005,0.0,50.25830447904536,0.0342960385492917,0.06722056470605002,99.26005597202251,-2.507294062249116e-14,2.010332179161814e-13,4.0010851548025707e-16,1.3718415419716682e-16,2.688822588242001e-16,3.749610478139247e-15,ACBI1,9.26,36000.0,360,180,360,360,23.29951810515372,2.5e-12
6.0,0.0005,0.0,48.181963879169196,0.03583407437162243,0.07611160401545354,99.20126875816256,-2.6323124491853873e-14,1.9272785551667677e-13,4.161993510811561e-16,1.433362974864897e-16,3.044464160618142e-16,3.74180150938297e-15,ACBI1,9.26,36000.0,360,180,360,360,28.11768697974228,2.5e-12
6.0,0.0005,0.0,45.66337693507571,0.036715323611341985,0.0845880083610817,99.09420014274248,-2.773374346322329e-14,1.8265350774030286e-13,4.193263672012397e-16,1.4686129444536797e-16,3.383520334443268e-16,3.7362994252269566e-15,ACBI1,9.26,36000.0,360,180,360,360,33.93221771895326,2.5e-12
6.0,0.0005,0.0,42.77234165835709,0.03690005294310617,0.09213727931245898,99.64533431166899,-2.9197063261924233e-14,1.7108936663342838e-13,4.088541325590719e-16,1.476002117724247e-16,3.6854911724983594e-16,3.734078355014567e-15,ACBI1,9.26,36000.0,360,180,360,360,40.94915062380423,2.5e-12
6.0,0.0005,0.0,39.625180172488015,0.0364235567293975,0.09832282800107098,99.59107098922648,-3.058164340147203e-14,1.5850072068995206e-13,3.860219468113658e-16,1.4569422691759e-16,3.932913120042839e-16,3.735820901237442e-15,ACBI1,9.26,36000.0,360,180,360,360,49.417133613238335,2.5e-12
6.0,0.0005,0.0,36.364426357089236,0.03538617224302454,0.1028652080127425,99.19357070449894,-3.176150429363159e-14,1.4545770542835695e-13,3.5360672764183235e-16,1.4154468897209816e-16,4.1146083205097005e-16,3.741755762306164e-15,ACBI1,9.26,36000.0,360,180,360,360,59.63623316594643,2.5e-12
6.0,0.0005,0.0,33.133627824907094,0.033929649284472604,0.10568250663424482,99.21395842617217,-3.2643575501855764e-14,1.3253451129962837e-13,3.1520414210394407e-16,1.357185971378904e-16,4.227300265369793e-16,3.751610790610984e-15,ACBI1,9.26,36000.0,360,180,360,360,71.96856730011514,2.5e-12
6.0,0.0005,0.0,30.055591293608824,0.0322089717856044,0.10688078314888187,83.04146157592176,-3.3183517164656546e-14,1.202223651744353e-13,2.744303533783635e-16,1.288358871424176e-16,4.2752313259552753e-16,3.7646912274547086e-15,ACBI1,9.26,36000.0,360,180,360,360,86.85113737513521,2.5e-12
6.0,0.0005,0.0,27.2194534298695,0.030368202958257998,0.10670540892394913,99.77667847276655,-3.3386407970187583e-14,1.08877813719478e-13,2.343122476560448e-16,1.21472811833032e-16,4.2682163569579647e-16,3.780043581483432e-15,ACBI1,9.26,36000.0,360,180,360,360,104.81131341546853,2.5e-12
6.0,0.0005,0.0,24.67751552085132,0.028525112079592668,0.10547525208806448,99.70519937543916,-3.329550916489652e-14,9.871006208340528e-14,1.9698672672869832e-16,1.1410044831837068e-16,4.219010083522579e-16,3.796642804223487e-15,ACBI1,9.26,36000.0,360,180,360,360,126.48552168552958,2.5e-12
6.0,0.0005,0.0,22.449442455413944,0.026765133273141214,0.10352099669278973,99.38584481260496,-3.297570234353776e-14,8.979776982165578e-14,1.636823332397566e-16,1.0706053309256486e-16,4.1408398677115897e-16,3.8135485348201074e-15,ACBI1,9.26,36000.0,360,180,360,360,152.6417967175232,2.5e-12
6.0,0.0005,0.0,20.53022937254084,0.025142484608457114,0.10114064647459918,99.67008003302263,-3.249774050007692e-14,8.212091749016337e-14,1.3487807008422923e-16,1.0056993843382846e-16,4.0456258589839675e-16,3.8300021318078475e-15,ACBI1,9.26,36000.0,360,180,360,360,184.20699693267144,2.5e-12
6.0,0.0005,0.0,18.89883901062854,0.023685393837690628,0.09857566694798335,99.37367377841848,-3.1926859172444155e-14,7.559535604251417e-14,1.1052813344807136e-16,9.474157535076251e-17,3.9430266779193344e-16,3.845462849477077e-15,ACBI1,9.26,36000.0,360,180,360,360,222.29964825261933,2.5e-12
6.0,0.0005,0.0,17.5256253005501,0.02240276909279267,0.09600449808313992,99.37486515395258,-3.1316574883768216e-14,7.010250120220041e-14,9.027510291405394e-17,8.961107637117068e-17,3.840179923325597e-16,3.859598196381045e-15,ACBI1,9.26,36000.0,360,180,360,360,268.26957952797244,2.5e-12
6.0,0.0005,0.0,16.377810856741803,0.021290564961887668,0.0935474230308763,99.75384000683071,-3.070676406420095e-14,6.551124342696722e-14,7.36149014387787e-17,8.516225984755067e-17,3.7418969212350526e-16,3.87224847330778e-15,ACBI1,9.26,36000.0,360,180,360,360,323.74575428176433,2.5e-12
6.0,0.0005,0.0,15.423043242196693,0.020336988557423864,0.09127700215025206,99.72726062464562,-3.012449873162622e-14,6.169217296878677e-14,6.000673633001421e-17,8.134795422969546e-17,3.6510800860100823e-16,3.883382512070905e-15,ACBI1,9.26,36000.0,360,180,360,360,390.6939937054613,2.5e-12
6.0,0.0005,0.0,14.631408944187543,0.019526325920783783,0.08922989046898017,99.6526447975254,-2.9586235735468394e-14,5.852563577675017e-14,4.8936704796864534e-17,7.810530368313514e-17,3.5691956187592067e-16,3.893055612782666e-15,ACBI1,9.26,36000.0,360,180,360,360,471.486636345739,2.5e-12
6.0,0.0005,0.0,13.976363443988385,0.01884151949788262,0.08741764336245302,99.75602483583695,-2.910037505546071e-14,5.590545377595354e-14,3.994844134439035e-17,7.536607799153049e-17,3.496705734498121e-16,3.9013749882537606e-15,ACBI1,9.26,36000.0,360,180,360,360,568.9866029018293,2.5e-12
6.0,0.0005,0.0,13.434977001876888,0.0182657641491143,0.0858354942745694,99.75778164845346,-2.8669631309994116e-14,5.3739908007507555e-14,3.265311610308211e-17,7.306305659645721e-17,3.4334197709827763e-16,3.908474073043427e-15,ACBI1,9.26,36000.0,360,180,360,360,686.6488450042998,2.5e-12
6.0,0.0005,0.0,12.987792594174225,0.017783401039652525,0.08446893770287037,85.94273041027306,-2.8292980370299146e-14,5.19511703766969e-14,2.6727978809070267e-17,7.11336041586101e-17,3.3787575081148145e-16,3.914494904572517e-15,ACBI1,9.26,36000.0,360,180,360,360,828.6427728546843,2.5e-12
6.0,0.0005,0.0,12.61849343401373,0.017380344499018242,0.0832983712591644,99.81269532243617,-2.796713474958276e-14,5.0473973736054925e-14,2.1909474385328273e-17,6.952137799607297e-17,3.331934850366576e-16,3.9195769389921184e-15,ACBI1,9.26,36000.0,360,180,360,360,1000.0,2.5e-12
6.0,0.0005,0.0,55.33337876411194,0.0004254739481239922,0.0004273496392828097,99.00000000082701,-2.173335154025616e-14,2.2133351505644776e-13,3.4187620031648e-18,1.7018957924959687e-18,1.7093985571312387e-18,4.87252633113046e-15,ACBI1,9.26,36000.0,360,180,360,360,0.1,2.5e-11
6.0,0.0005,0.0,55.33337871031342,0.0005129934012360975,0.000515722593789771,99.0000000017472,-2.173335155730253e-14,2.2133351484125368e-13,4.125737627192799e-18,2.05197360494439e-18,2.0628903751590836e-18,4.8725377095757e-15,ACBI1,9.26,36000.0,360,180,360,360,0.12067926406393285,2.5e-11
6.0,0.0005,0.0,55.333378596713615,0.0006184001854067281,0.0006223705129602724,99.00000001484366,-2.173335159329789e-14,2.2133351438685447e-13,4.9789105101077595e-18,2.4736007416269126e-18,2.4894820518410895e-18,4.872551441059193e-15,ACBI1,9.26,36000.0,360,180,360,360,0.14563484775012436,2.5e-11
6.0,0.0005,0.0,55.33337835705703,0.0007452979718655885,0.0007510725643238689,99.00000000460626,-2.1733351669238513e-14,2.2133351342822813e-13,6.008512610513814e-18,2.981191887462354e-18,3.0042902572954754e-18,4.87256801219267e-15,ACBI1,9.26,36000.0,360,180,360,360,0.1757510624854792,2.5e-11
6.0,0.0005,0.0,55.33337785201496,0.0008979929146706126,0.0009063894360845365,99.00000006463854,-2.1733351829282253e-14,2.2133351140805988e-13,7.251026809816304e-18,3.591971658682451e-18,3.625557744338146e-18,4.8725880102179584e-15,ACBI1,9.26,36000.0,360,180,360,360,0.21209508879201905,2.5e-11
6.0,0.0005,0.0,55.33337678911785,0.0010816199835287424,0.0010938249554359012,99.00000002998975,-2.1733352166122607e-14,2.2133350715647141e-13,8.750478555222012e-18,4.32647993411497e-18,4.375299821743605e-18,4.872612143810293e-15,ACBI1,9.26,36000.0,360,180,360,360,0.2559547922699536,2.5e-11
6.0,0.0005,0.0,55.33337455572628,0.0013022871955157178,0.001320021127852431,99.00000015339619,-2.173335287394892e-14,2.2133349822290512e-13,1.0559993464178458e-17,5.209148782062872e-18,5.2800845114097236e-18,4.8726412681722716e-15,ACBI1,9.26,36000.0,360,180,360,360,0.3088843596477481,2.5e-11
6.0,0.0005,0.0,55.33336987181572,0.00156723799414134,0.0015929935037224028,99.00000024594712,-2.1733354358532957e-14,2.2133347948726288e-13,1.2743674629628982e-17,6.26895197656536e-18,6.371974014889612e-18,4.87267641529366e-15,ACBI1,9.26,36000.0,360,180,360,360,0.372759372031494,2.5e-11
6.0,0.0005,0.0,55.33336007116999,0.0018850307121652502,0.0019224151977553891,99.00000062413213,-2.173335746518974e-14,2.2133344028467995e-13,1.537886311693155e-17,7.540122848661001e-18,7.689660791021556e-18,4.8727188304169495e-15,ACBI1,9.26,36000.0,360,180,360,360,0.44984326689694454,2.5e-11
6.0,0.0005,0.0,55.333339620725475,0.0022657319921292117,0.0023199595847780813,99.00000333743756,-2.1733363948425517e-14,2.2133335848290191e-13,1.855885547055872e-17,9.062927968516848e-18,9.279838339112326e-18,4.872770015937038e-15,ACBI1,9.26,36000.0,360,180,360,360,0.5428675439323859,2.5e-11
6.0,0.0005,0.0,55.33329708895547,0.0027211179405284064,0.0027997137093077043,99.00000017057576,-2.1733377433803122e-14,2.2133318835582187e-13,2.239616158698472e-17,1.0884471762113625e-17,1.1198854837230818e-17,4.8728317841640074e-15,ACBI1,9.26,36000.0,360,180,360,360,0.6551285568595507,2.5e-11
6.0,0.0005,0.0,55.333208983718386,0.0032648722999344295,0.003378676789377858,99.0000055127395,-2.1733405373656594e-14,2.2133283593487353e-13,2.7026391942634482e-17,1.3059489199737718e-17,1.3514707157511431e-17,4.872906320566289e-15,ACBI1,9.26,36000.0,360,180,360,360,0.7906043210907697,2.5e-11
6.0,0.0005,0.0,55.33302733644013,0.003912764598548534,0.004077360812177387,99.00001385197369,-2.1733462988981892e-14,2.2133210934576053e-13,3.261285829058007e-17,1.5651058394194137e-17,1.630944324870955e-17,4.872996259259924e-15,ACBI1,9.26,36000.0,360,180,360,360,0.9540954763499939,2.5e-11
6.0,0.0005,0.0,55.33265495002756,0.004682782538347833,0.004920512875929896,99.00003529903611,-2.1733581131319745e-14,2.2133061980011026e-13,3.935194322405478e-17,1.8731130153391333e-17,1.9682051503719583e-17,4.873104772537627e-15,ACBI1,9.26,36000.0,360,180,360,360,1.151395399326447,2.5e-11
6.0,0.0005,0.0,55.33189668131304,0.005595181113578012,0.005937980964634975,99.00001622399868,-2.1733821763972422e-14,2.2132758672525215e-13,4.747921552153048e-17,2.238072445431205e-17,2.37519238585399e-17,4.873235676047924e-15,ACBI1,9.26,36000.0,360,180,360,360,1.3894954943731375,2.5e-11
6.0,0.0005,0.0,55.330365027704445,0.006672395097588252,0.007165744600893064,99.00000634179035,-2.1734307978772226e-14,2.2132146011081777e-13,5.727609132462462e-17,2.6689580390353007e-17,2.866297840357226e-17,4.87339355072702e-15,ACBI1,9.26,36000.0,360,180,360,360,1.6768329368110073,2.5e-11
6.0,0.0005,0.0,55.32730055645363,0.007938739892624629,0.008647125502168826,99.00022707975657,-2.173528110964715e-14,2.2130920222581452e-13,6.907647847918944e-17,3.1754959570498516e-17,3.4588502008675306e-17,4.873583881748211e-15,ACBI1,9.26,36000.0,360,180,360,360,2.0235896477251565,2.5e-11
6.0,0.0005,0.0,55.32123806099308,0.009419795157300438,0.010434172659987466,99.00061586717132,-2.1737206922675332e-14,2.2128495224397235e-13,8.327214334327821e-17,3.767918062920175e-17,4.173669063994986e-17,4.8738132139486776e-15,ACBI1,9.26,36000.0,360,180,360,360,2.442053094548651,2.5e-11
6.0,0.0005,0.0,55.30940292862766,0.011141320341905857,0.012589163993227369,99.00075916743049,-2.1740967480846997e-14,2.2123761171451066e-13,1.0031426862356938e-16,4.4565281367623433e-17,5.035665597290948e-17,4.874089323873106e-15,ACBI1,9.26,36000.0,360,180,360,360,2.9470517025518097,2.5e-11
6.0,0.0005,0.0,55.286656420425665,0.013127481768741277,0.015186049584335127,99.00296540117307,-2.1748195506377207e-14,2.2114662568170266e-13,1.2070649138360287e-16,5.250992707496512e-17,6.074419833734051e-17,4.8744214145444184e-15,ACBI1,9.26,36000.0,360,180,360,360,3.5564803062231287,2.5e-11
6.0,0.0005,0.0,55.24372979344244,0.015398065014305526,0.01831142015770187,99.00262752737412,-2.176183036721487e-14,2.209749191737698e-13,1.4498124429386007e-16,6.15922600572221e-17,7.324568063080748e-17,4.874820358587731e-15,ACBI1,9.26,36000.0,360,180,360,360,4.291934260128776,2.5e-11
6.0,0.0005,0.0,55.164424434462155,0.017964197969055885,0.022064125942874636,99.01108250990035,-2.1786985452837485e-14,2.2065769773784864e-13,1.736462907006182e-16,7.185679187622354e-17,8.825650377149856e-17,4.875299063016899e-15,ACBI1,9.26,36000.0,360,180,360,360,5.17947467923121,2.5e-11
6.0,0.0005,0.0,55.02148124312777,0.020821945815861075,0.02655188058235862,99.02163041334852,-2.1832180543706784e-14,2.2008592497251108e-13,2.0708259882681068e-16,8.32877832634443e-17,1.0620752232943449e-16,4.875873123958794e-15,ACBI1,9.26,36000.0,360,180,360,360,6.25055192527397,2.5e-11
6.0,0.0005,0.0,54.77107621253755,0.023943075864081755,0.03188199794961691,99.01854415339157,-2.1910838855152486e-14,2.190843048501502e-13,2.4537092212922395e-16,9.577230345632703e-17,1.2752799179846764e-16,4.8765620898648296e-15,ACBI1,9.26,36000.0,360,180,360,360,7.543120063354615,2.5e-11
6.0,0.0005,0.0,54.34658248368276,0.027262617573379576,0.038142016675162364,99.00349288697086,-2.2042565980383445e-14,2.1738632993473105e-13,2.880294873128911e-16,1.0905047029351831e-16,1.5256806670064947e-16,4.877391805789225e-15,ACBI1,9.26,36000.0,360,180,360,360,9.102981779915218,2.5e-11
6.0,0.0005,0.0,53.653530886841224,0.03066407061724528,0.04536521037150545,99.0332545309669,-2.2253015470420726e-14,2.1461412354736494e-13,3.3367128829801063e-16,1.2265628246898114e-16,1.814608414860218e-16,4.8783982583361575e-15,ACBI1,9.26,36000.0,360,180,360,360,10.985411419875584,2.5e-11
6.0,0.0005,0.0,52.56950459855874,0.033965796571193065,0.0534778355571968,99.07383902991288,-2.257019245979838e-14,2.1027801839423495e-13,3.7965090177258727e-16,1.3586318628477227e-16,2.1391134222878722e-16,4.87963259384958e-15,ACBI1,9.26,36000.0,360,180,360,360,13.257113655901081,2.5e-11
6.0,0.0005,0.0,50.95421613460637,0.03691619839735446,0.06223246126782215,99.01636606091483,-2.3014490716362168e-14,2.0381686453842548e-13,4.2186839810217124e-16,1.4766479358941784e-16,2.489298450712886e-16,4.881164853741632e-15,ACBI1,9.26,36000.0,360,180,360,360,15.998587196060573,2.5e-11
6.0,0.0005,0.0,48.67441083234287,0.0392088649543614,0.07114690138969389,98.950990794,-2.3581072428103733e-14,1.946976433293715e-13,4.549895737095996e-16,1.5683545981744559e-16,2.8458760555877556e-16,4.8830803113663035e-15,ACBI1,9.26,36000.0,360,180,360,360,19.306977288832496,2.5e-11
6.0,0.0005,0.0,45.643285479020626,0.040527549325475795,0.07948716642738389,99.28586674367938,-2.4218048619648418e-14,1.8257314191608252e-13,4.733210178805939e-16,1.621101973019032e-16,3.179486657095356e-16,4.885459179676713e-15,ACBI1,9.26,36000.0,360,180,360,360,23.29951810515372,2.5e-11
6.0,0.0005,0.0,41.864518875299126,0.04061990625004446,0.0863404277248715,99.39807323293036,-2.481167139094327e-14,1.6745807550119653e-13,4.723249111387815e-16,1.6247962500017786e-16,3.45361710899486e-16,4.888333401872848e-15,ACBI1,9.26,36000.0,360,180,360,360,28.11768697974228,2.5e-11
6.0,0.0005,0.0,37.4614656610337,0.03937936648922846,0.09079894933890165,99.09487512308806,-2.5194585347099984e-14,1.498458626441348e-13,4.502961468086308e-16,1.5751746595691387e-16,3.631957973556066e-16,4.891628853729548e-15,ACBI1,9.26,36000.0,360,180,360,360,33.93221771895326,2.5e-11
6.0,0.0005,0.0,32.67157255095268,0.03689838342881147,0.09221330483766038,99.43126854046747,-2.5186220105764232e-14,1.3068629020381073e-13,4.0935990324748473e-16,1.4759353371524587e-16,3.6885321935064153e-16,4.895123422874406e-15,ACBI1,9.26,36000.0,360,180,360,360,40.94915062380423,2.5e-11
6.0,0.0005,0.0,27.800261397850235,0.03346062307010338,0.0904081890576707,99.32291253514234,-2.4654089870954735e-14,1.1120104559140093e-13,3.551047306047537e-16,1.3384249228041353e-16,3.6163275623068284e-16,4.898460908864679e-15,ACBI1,9.26,36000.0,360,180,360,360,49.417133613238335,2.5e-11
6.0,0.0005,0.0,23.15067322997656,0.02946884574197893,0.08574726030279053,99.32787753673043,-2.356535581643356e-14,9.260269291990625e-14,2.949055954762694e-16,1.1787538296791573e-16,3.4298904121116216e-16,4.901236551625887e-15,ACBI1,9.26,36000.0,360,180,360,360,59.63623316594643,2.5e-11
6.0,0.0005,0.0,18.959303988203544,0.025340446341733103,0.07900914615592351,99.67297844636731,-2.1999323906578942e-14,7.583721595281418e-14,2.357775584672736e-16,1.0136178536693241e-16,3.1603658462369405e-16,4.903121046766235e-15,ACBI1,9.26,36000.0,360,180,360,360,71.96856730011514,2.5e-11
6.0,0.0005,0.0,15.361917702730473,0.02141684887987557,0.0711429357943651,99.46991155809528,-2.011580581320859e-14,6.14476708109219e-14,1.8278040480212818e-16,8.566739551950227e-17,2.845717431774604e-16,4.9039581784554755e-15,ACBI1,9.26,36000.0,360,180,360,360,86.85113737513521,2.5e-11
6.0,0.0005,0.0,12.395081882366688,0.017917552603035604,0.06302468110353635,99.78320204172273,-1.8100650687319767e-14,4.9580327529466753e-14,1.3848874756889318e-16,7.167021041214243e-17,2.520987244141454e-16,4.9037885229935175e-15,ACBI1,9.26,36000.0,360,180,360,360,104.81131341546853,2.5e-11
6.0,0.0005,0.0,10.021662833230973,0.014940900953235714,0.05530610894182355,99.58402929908829,-1.611714596200988e-14,4.008665133292389e-14,1.0336731234306277e-16,5.976360381294285e-17,2.212244357672942e-16,4.9028012574317344e-15,ACBI1,9.26,36000.0,360,180,360,360,126.48552168552958,2.5e-11
6.0,0.0005,0.0,8.163342729879547,0.012493561457068767,0.04837537470306528,99.49094110310686,-1.4279959995615695e-14,3.2653370919518186e-14,7.655024711515259e-17,4.997424582827507e-17,1.9350149881226113e-16,4.9012533874005565e-15,ACBI1,9.26,36000.0,360,180,360,360,152.6417967175232,2.5e-11
6.0,0.0005,0.0,6.727943383871729,0.010527494496769834,0.04239603183723364,99.84275639655517,-1.2651733372920886e-14,2.6911773535486916e-14,5.658619806019909e-17,4.2109977987079337e-17,1.6958412734893455e-16,4.899397744940726e-15,ACBI1,9.26,36000.0,360,180,360,360,184.20699693267144,2.5e-11
6.0,0.0005,0.0,5.626956076336657,0.008970787763320599,0.037376949556924444,99.82012787533142,-1.1253276904690658e-14,2.250782430534663e-14,4.1946205208886283e-17,3.5883151053282394e-17,1.4950779822769777e-16,4.897440255254592e-15,ACBI1,9.26,36000.0,360,180,360,360,222.29964825261933,2.5e-11
6.0,0.0005,0.0,4.784073778536733,0.007747815995621572,0.03323938928447521,99.80655557282275,-1.0077900689377665e-14,1.9136295114146935e-14,3.128430739694471e-17,3.099126398248629e-17,1.3295755713790083e-16,4.895526044696863e-15,ACBI1,9.26,36000.0,360,180,360,360,268.26957952797244,2.5e-11
6.0,0.0005,0.0,4.137614853377078,0.006789832806469724,0.029866602012334154,99.81653742868514,-9.104095931380582e-15,1.655045941350831e-14,2.352469862823541e-17,2.71593312258789e-17,1.194664080493366e-16,4.8937441012007344e-15,ACBI1,9.26,36000.0,360,180,360,360,323.74575428176433,2.5e-11
6.0,0.0005,0.0,3.639657980377737,0.0060390427593799804,0.027134513688949542,99.82088825782309,-8.304510082990449e-15,1.455863192151095e-14,1.7855369119905033e-17,2.415617103751992e-17,1.0853805475579819e-16,4.892139880517635e-15,ACBI1,9.26,36000.0,360,180,360,360,390.6939937054613,2.5e-11
6.0,0.0005,0.0,3.2538445066070447,0.005449017651277401,0.024927780541489912,99.51015572221678,-7.651345262060424e-15,1.301537802642818e-14,1.368413152568939e-17,2.179607060510961e-17,9.971112216595964e-17,4.890728906289214e-15,ACBI1,9.26,36000.0,360,180,360,360,471.486636345739,2.5e-11
6.0,0.0005,0.0,2.9529413982295156,0.004983439997674633,0.02314642284172618,99.83647394571055,-7.119115756575883e-15,1.1811765592918063e-14,1.058749054685521e-17,1.9933759990698534e-17,9.258569136690473e-17,4.8895081257199496e-15,ACBI1,9.26,36000.0,360,180,360,360,568.9866029018293,2.5e-11
6.0,0.0005,0.0,2.7166597782252686,0.00461431476673104,0.021707183707796292,99.82032768531846,-6.685741284595193e-15,1.0866639112901075e-14,8.265467357637831e-18,1.8457259066924162e-17,8.682873483118518e-17,4.888464181062987e-15,ACBI1,9.26,36000.0,360,180,360,360,686.6488450042998,2.5e-11
6.0,0.0005,0.0,2.5298862513514675,0.00432020813566232,0.020542335537735767,99.75068328856739,-6.3327164995577945e-15,1.011954500540587e-14,6.506120485012646e-18,1.728083254264928e-17,8.216934215094307e-17,4.887578902095639e-15,ACBI1,9.26,36000.0,360,180,360,360,828.6427728546843,2.5e-11
6.0,0.0005,0.0,2.3813239181839276,0.004084734532251969,0.019597506460472706,99.63569225164946,-6.044834343007124e-15,9.525295672735711e-15,5.15936228464155e-18,1.6338938129007877e-17,7.839002584189083e-17,4.886832687392973e-15,ACBI1,9.26,36000.0,360,180,360,360,1000.0,2.5e-11
6.0,0.0005,0.0,55.3333787610939,0.00042543147825221034,0.0004273069815242581,99.0000000017437,-2.173335153904563e-14,2.2133351504437562e-13,3.4184205638499166e-18,1.7017259130088413e-18,1.7092279260970326e-18,4.872038532301952e-15,ACBI1,9.26,36000.0,360,180,360,360,0.1,2.5e-10
6.0,0.0005,0.0,55.33337870393291,0.0005129408755921507,0.0005156697877173102,99.00000000635151,-2.1733351554742225e-14,2.2133351481573167e-13,4.125314958671465e-18,2.051763502368603e-18,2.0626791508692407e-18,4.872037335019637e-15,ACBI1,9.26,36000.0,360,180,360,360,0.12067926406393285,2.5e-10
6.0,0.0005,0.0,55.33337858323212,0.0006183349471495604,0.0006223048543741898,99.00000000684454,-2.173335158788811e-14,2.2133351433292847e-13,4.97838496722536e-18,2.473339788598242e-18,2.4892194174967595e-18,4.872035890140009e-15,ACBI1,9.26,36000.0,360,180,360,360,0.14563484775012436,2.5e-10
6.0,0.0005,0.0,55.33337832859155,0.0007452165540020593,0.0007509905134023909,99.00000001442643,-2.1733351657817056e-14,2.2133351331436621e-13,6.00785585955209e-18,2.9808662160082374e-18,3.003962053609564e-18,4.872034146450939e-15,ACBI1,9.26,36000.0,360,180,360,360,0.1757510624854792,2.5e-10
6.0,0.0005,0.0,55.333377791968644,0.0008978907555540484,0.0009062863183653689,99.00000002936041,-2.1733351805184263e-14,2.2133351116787458e-13,7.250201435126186e-18,3.591563022216194e-18,3.625145273461475e-18,4.872032042137049e-15,ACBI1,9.26,36000.0,360,180,360,360,0.21209508879201905,2.5e-10
6.0,0.0005,0.0,55.33337666259541,0.001081491031588206,0.0010936945432423661,99.00000011915624,-2.1733352115339632e-14,2.2133350665038165e-13,8.749434709037943e-18,4.325964126352824e-18,4.374778172969465e-18,4.872029502572739e-15,ACBI1,9.26,36000.0,360,180,360,360,0.2559547922699536,2.5e-10
6.0,0.0005,0.0,55.333374289489356,0.0013021233575802006,0.0013198550509138647,99.00000000042053,-2.173335276706666e-14,2.2133349715795742e-13,1.0558664149606777e-17,5.208493430320802e-18,5.279420203655458e-18,4.87202643764301e-15,ACBI1,9.26,36000.0,360,180,360,360,0.3088843596477481,2.5e-10
6.0,0.0005,0.0,55.33336931248576,0.0015670283624822925,0.0015927804147513977,99.00000070033038,-2.1733354133934743e-14,2.2133347724994302e-13,1.274196902311455e-17,6.26811344992917e-18,6.371121659005591e-18,4.872022738477572e-15,ACBI1,9.26,36000.0,360,180,360,360,0.372759372031494,2.5e-10
6.0,0.0005,0.0,55.33335889836531,0.0018847604778899827,0.0019221395849281435,99.00000078953151,-2.1733356994121097e-14,2.2133343559346127e-13,1.537665706656176e-17,7.539041911559931e-18,7.688558339712575e-18,4.8720182734429386e-15,ACBI1,9.26,36000.0,360,180,360,360,0.44984326689694454,2.5e-10
6.0,0.0005,0.0,55.33333716730282,0.0022653809130033674,0.0023196000727851453,99.00000126321744,-2.1733362962655097e-14,2.2133334866921128e-13,1.8555977905854443e-17,9.06152365201347e-18,9.278400291140582e-18,4.872012883169524e-15,ACBI1,9.26,36000.0,360,180,360,360,0.5428675439323859,2.5e-10
6.0,0.0005,0.0,55.333291970875706,0.0027206581735998037,0.0027992406146648665,99.00000428298821,-2.1733375376564716e-14,2.2133316788350283e-13,2.239237497180542e-17,1.0882632694399214e-17,1.1196962458659466e-17,4.872006374275269e-15,ACBI1,9.26,36000.0,360,180,360,360,0.6551285568595507,2.5e-10
6.0,0.0005,0.0,55.33319834251714,0.003264265323060808,0.003378048578081451,99.00000500366039,-2.1733401094294383e-14,2.2133279337006858e-13,2.7021363971251483e-17,1.3057061292243232e-17,1.3512194312325806e-17,4.87199851124209e-15,ACBI1,9.26,36000.0,360,180,360,360,0.7906043210907697,2.5e-10
6.0,0.0005,0.0,55.33300530011548,0.00391195681090716,0.004076518919481736,99.00000513220422,-2.1733454121861853e-14,2.213320212004619e-13,3.260612054285496e-17,1.5647827243628642e-17,1.6306075677926944e-17,4.871989005528543e-15,ACBI1,9.26,36000.0,360,180,360,360,0.9540954763499939,2.5e-10
6.0,0.0005,0.0,55.33260953317446,0.0046816989105421675,0.004919374033050162,99.00000837476564,-2.173356284316878e-14,2.2133043813269783e-13,3.9342830029270225e-17,1.872679564216867e-17,1.967749613220065e-17,4.871977500329959e-15,ACBI1,9.26,36000.0,360,180,360,360,1.151395399326447,2.5e-10
6.0,0.0005,0.0,55.331803607177854,0.005593715875931983,0.005936425623077741,99.00003300865244,-2.1733784252980905e-14,2.213272144287114e-13,4.746677197485549e-17,2.2374863503727933e-17,2.3745702492310965e-17,4.871963548188635e-15,ACBI1,9.26,36000.0,360,180,360,360,1.3894954943731375,2.5e-10
6.0,0.0005,0.0,55.33017557033651,0.006670397750328558,0.007163599019744211,99.00012816051074,-2.173423154185796e-14,2.2132070228134601e-13,5.725893150057807e-17,2.668159100131423e-17,2.8654396078976846e-17,4.871946576557103e-15,ACBI1,9.26,36000.0,360,180,360,360,1.6768329368110073,2.5e-10
6.0,0.0005,0.0,55.326917975439095,0.007935993463482293,0.008644133083187407,99.00005159372158,-2.1735126552910527e-14,2.2130767190175638e-13,6.905255977028463e-17,3.1743973853929175e-17,3.457653233274963e-17,4.871925832904344e-15,ACBI1,9.26,36000.0,360,180,360,360,2.0235896477251565,2.5e-10
6.0,0.0005,0.0,55.32047275292412,0.009415980959391966,0.010429946178495386,99.0003828585423,-2.173689723594704e-14,2.2128189101169648e-13,8.323839312535365e-17,3.766392383756786e-17,4.171978471398155e-17,4.871900295440918e-15,ACBI1,9.26,36000.0,360,180,360,360,2.442053094548651,2.5e-10
6.0,0.0005,0.0,55.307888936134155,0.011135958239909335,0.012583102455018187,99.00106871762921,-2.174035352046699e-14,2.212315557445366e-13,1.0026594049092301e-16,4.454383295963734e-17,5.0332409820072747e-17,4.8718685277041106e-15,ACBI1,9.26,36000.0,360,180,360,360,2.9470517025518097,2.5e-10
6.0,0.0005,0.0,55.283700112854795,0.01311982493208609,0.015177187609452043,99.00122189293384,-2.174699323815794e-14,2.2113480045141919e-13,1.2063601269761392e-16,5.2479299728344365e-17,6.070875043780817e-17,4.871828445911764e-15,ACBI1,9.26,36000.0,360,180,360,360,3.5564803062231287,2.5e-10
6.0,0.0005,0.0,55.238044479741355,0.015386909887440677,0.01829814688665475,99.00261347811808,-2.1759509214063465e-14,2.209521779189654e-13,1.4487609844212984e-16,6.154763954976271e-17,7.319258754661901e-17,4.871776961018842e-15,ACBI1,9.26,36000.0,360,180,360,360,4.291934260128776,2.5e-10
6.0,0.0005,0.0,55.153683601730144,0.017947539519522437,0.022043652670293155,99.00365470581299,-2.1782575793194885e-14,2.2061473440692058e-13,1.7348509072999761e-16,7.179015807808976e-17,8.817461068117262e-17,4.871709462752885e-15,ACBI1,9.26,36000.0,360,180,360,360,5.17947467923121,2.5e-10
6.0,0.0005,0.0,55.00160488248152,0.020796362798558985,0.026519235440351476,99.0081472652532,-2.182395329032774e-14,2.200064195299261e-13,2.06827896811101e-16,8.318545119423595e-17,1.060769417614059e-16,4.8716191502159185e-15,ACBI1,9.26,36000.0,360,180,360,360,6.25055192527397,2.5e-10
6.0,0.0005,0.0,54.735167808701746,0.02390267849612705,0.031828168411488125,99.04089704082823,-2.1895792310570317e-14,2.1894067123480697e-13,2.4495651707130525e-16,9.56107139845082e-17,1.273126736459525e-16,4.871496312691767e-15,ACBI1,9.26,36000.0,360,180,360,360,7.543120063354615,2.5e-10
6.0,0.0005,0.0,54.283496145135004,0.027197364567907667,0.03805066059975033,99.05020069351296,-2.2015637853033828e-14,2.1713398458054003e-13,2.873394732236653e-16,1.0878945827163068e-16,1.5220264239900133e-16,4.871327853007421e-15,ACBI1,9.26,36000.0,360,180,360,360,9.102981779915218,2.5e-10
6.0,0.0005,0.0,53.54622644866255,0.030557347800519132,0.04520721602365591,99.05763675894922,-2.2205928972086786e-14,2.1418490579465018e-13,3.3250906751121694e-16,1.2222939120207653e-16,1.8082886409462365e-16,4.871097610674855e-15,ACBI1,9.26,36000.0,360,180,360,360,10.985411419875584,2.5e-10
6.0,0.0005,0.0,52.393697475703895,0.03379148957414491,0.053203221290502575,99.02494940292871,-2.2489867755964824e-14,2.0957478990281559e-13,3.777012564383717e-16,1.3516595829657966e-16,2.1281288516201029e-16,4.870788252945317e-15,ACBI1,9.26,36000.0,360,180,360,360,13.257113655901081,2.5e-10
6.0,0.0005,0.0,50.67832034863547,0.03663622957041598,0.0617602143691463,99.1138310713023,-2.2881069050365944e-14,2.0271328139454186e-13,4.18667071536493e-16,1.4654491828166392e-16,2.470408574765852e-16,4.8703853427683944e-15,ACBI1,9.26,36000.0,360,180,360,360,15.998587196060573,2.5e-10
6.0,0.0005,0.0,48.26216014628278,0.038773216825718375,0.07035594846615642,99.11743610706853,-2.336593558213936e-14,1.9304864058513114e-13,4.499315110376303e-16,1.550928673028735e-16,2.814237938646257e-16,4.869883251558055e-15,ACBI1,9.26,36000.0,360,180,360,360,19.306977288832496,2.5e-10
6.0,0.0005,0.0,45.06014742876011,0.03987949290507712,0.07821545704695072,99.31027538371822,-2.3882894047811507e-14,1.8024058971504045e-13,4.657486822557318e-16,1.595179716203085e-16,3.128618281878029e-16,4.86929081764264e-15,ACBI1,9.26,36000.0,360,180,360,360,23.29951810515372,2.5e-10
6.0,0.0005,0.0,41.08749872459594,0.03970815577049394,0.08440147629834392,99.21815496250035,-2.4310541627911738e-14,1.6434999489838377e-13,4.6171824039331575e-16,1.5883262308197578e-16,3.376059051933757e-16,4.868633093484759e-15,ACBI1,9.26,36000.0,360,180,360,360,28.11768697974228,2.5e-10
6.0,0.0005,0.0,36.48931114244732,0.03817520393865588,0.08802114451356174,99.51244248159638,-2.4480844975853706e-14,1.459572445697893e-13,4.3652045193228793e-16,1.5270081575462353e-16,3.52084578054247e-16,4.867946233930526e-15,ACBI1,9.26,36000.0,360,180,360,360,33.93221771895326,2.5e-10
6.0,0.0005,0.0,31.530416149311698,0.03541084884112783,0.08849412015765531,54.17418689913204,-2.4224513481124182e-14,1.261216645972468e-13,3.9284909044525516e-16,1.4164339536451133e-16,3.539764806306213e-16,4.867266610971433e-15,ACBI1,9.26,36000.0,360,180,360,360,40.94915062380423,2.5e-10
6.0,0.0005,0.0,26.540714393332475,0.03174100043785289,0.08575991399939378,99.41616489120096,-2.3433398400338555e-14,1.0616285757332991e-13,3.36846084654981e-16,1.2696400175141157e-16,3.4303965599757517e-16,4.866620034941096e-15,ACBI1,9.26,36000.0,360,180,360,360,49.417133613238335,2.5e-10
6.0,0.0005,0.0,21.836682083621866,0.027600337810270267,0.08030815017780583,99.73820265214044,-2.2106452130837716e-14,8.734672833448747e-14,2.7619703171630527e-16,1.1040135124108106e-16,3.2123260071122336e-16,4.866017568341701e-15,ACBI1,9.26,36000.0,360,180,360,360,59.63623316594643,2.5e-10
6.0,0.0005,0.0,17.653696909628017,0.02341756040818392,0.07301146101160352,99.13786323322114,-2.035183008459106e-14,7.061478763851207e-14,2.1787639761762627e-16,9.36702416327357e-17,2.920458440464141e-16,4.8654593637199644e-15,ACBI1,9.26,36000.0,360,180,360,360,71.96856730011514,2.5e-10
6.0,0.0005,0.0,14.114792684668654,0.019524439118183246,0.06485438890138412,99.85124138246796,-1.8346058651213363e-14,5.6459170738674614e-14,1.66620365129643e-16,7.809775647273298e-17,2.5941755560553646e-16,4.864942076268583e-15,ACBI1,9.26,36000.0,360,180,360,360,86.85113737513521,2.5e-10
6.0,0.0005,0.0,11.23850379371717,0.016117664540069982,0.05669139323878659,99.84398473906742,-1.6276545884784667e-14,4.495401517486868e-14,1.2456848411754587e-16,6.447065816027994e-17,2.2676557295514636e-16,4.864464246979875e-15,ACBI1,9.26,36000.0,360,180,360,360,104.81131341546853,2.5e-10
6.0,0.0005,0.0,8.970326947170058,0.013269501170200157,0.04911707881924597,99.809063625143,-1.4296282869112154e-14,3.5881307788680236e-14,9.179646107855939e-17,5.3078004680800623e-17,1.964683152769839e-16,4.864027447043725e-15,ACBI1,9.26,36000.0,360,180,360,360,126.48552168552958,2.5e-10
6.0,0.0005,0.0,7.218665341549739,0.010964332494574182,0.04245223027236948,99.83391751094828,-1.2503929888964202e-14,2.887466136619896e-14,6.717411438718296e-17,4.3857329978296735e-17,1.6980892108947794e-16,4.863634571019009e-15,ACBI1,9.26,36000.0,360,180,360,360,152.6417967175232,2.5e-10
6.0,0.0005,0.0,5.882975032006173,0.009138513527969589,0.03680057223078381,99.77462062845758,-1.094584509108557e-14,2.353190012802469e-14,4.911507788297069e-17,3.655405411187836e-17,1.4720228892313526e-16,4.863287673554387e-15,ACBI1,9.26,36000.0,360,180,360,360,184.20699693267144,2.5e-10
6.0,0.0005,0.0,4.870541232915427,0.0077110252343831264,0.03212645053710203,99.74028997441516,-9.629423457351166e-15,1.948216493166171e-14,3.605140684525015e-17,3.084410093753251e-17,1.2850580214840813e-16,4.862986756538032e-15,ACBI1,9.26,36000.0,360,180,360,360,222.29964825261933,2.5e-10
6.0,0.0005,0.0,4.103730244116038,0.006602074390981655,0.028322391335825533,99.82173712099274,-8.538422097882676e-15,1.6414920976464155e-14,2.665444879059427e-17,2.6408297563926624e-17,1.1328956534330213e-16,4.862729667027624e-15,ACBI1,9.26,36000.0,360,180,360,360,268.26957952797244,2.5e-10
6.0,0.0005,0.0,3.521230129514566,0.005741933762424033,0.025255675915349298,99.84885264641792,-7.64533737752801e-15,1.4084920518058265e-14,1.9891115431559877e-17,2.296773504969613e-17,1.0102270366139718e-16,4.862512655462883e-15,ACBI1,9.26,36000.0,360,180,360,360,323.74575428176433,2.5e-10
6.0,0.0005,0.0,3.076324971563462,0.0050736078141615714,0.022795186540714787,99.83148338712716,-6.919557435318136e-15,1.2305299886253848e-14,1.499848796379085e-17,2.0294431256646285e-17,9.118074616285916e-17,4.862331112189768e-15,ACBI1,9.26,36000.0,360,180,360,360,390.6939937054613,2.5e-10
6.0,0.0005,0.0,2.734159369986551,0.004552299401215147,0.020824123534452985,99.79753840864552,-6.331894004896815e-15,1.0936637479946204e-14,1.1430195450324478e-17,1.820919760486059e-17,8.329649413781194e-17,4.8621801975821e-15,ACBI1,9.26,36000.0,360,180,360,360,471.486636345739,2.5e-10
6.0,0.0005,0.0,2.469005752126499,0.004143585932849371,0.01924419370973914,99.84375856294965,-5.8566319720269185e-15,9.876023008505996e-15,8.801528731317292e-18,1.6574343731397484e-17,7.697677483895656e-17,4.862055269824542e-15,ACBI1,9.26,36000.0,360,180,360,360,568.9866029018293,2.5e-10
6.0,0.0005,0.0,2.2619429576487606,0.0038213283268152326,0.01797535999141958,99.69933526593739,-5.472116195225348e-15,9.047771830595043e-15,6.843636764837342e-18,1.528531330726093e-17,7.190143996567833e-17,4.861952122054741e-15,ACBI1,9.26,36000.0,360,180,360,360,686.6488450042998,2.5e-10
6.0,0.0005,0.0,2.0990371660980682,0.0035657699412436693,0.01695367265180825,99.8592191194219,-5.1605892525227e-15,8.396148664392273e-15,5.368809176281198e-18,1.4263079764974676e-17,6.7814690607233e-17,4.86186707952247e-15,ACBI1,9.26,36000.0,360,180,360,360,828.6427728546843,2.5e-10
6.0,0.0005,0.0,1.96997896843023,0.0033619754901165894,0.016128549553458552,99.74507868818434,-4.907712179603837e-15,7.879915873720921e-15,4.2455034897490346e-18,1.3447901960466357e-17,6.451419821383421e-17,4.861797009104168e-15,ACBI1,9.26,36000.0,360,180,360,360,1000.0,2.5e-10
6.0,0.0005,0.0,55.33337876079288,0.0004254273863336103,0.0004273028715030086,99.0000000010989,-2.1733351538924295e-14,2.2133351504317155e-13,3.4183876656203095e-18,1.7017095453344412e-18,1.7092114860120347e-18,4.871991533777461e-15,ACBI1,9.26,36000.0,360,180,360,360,0.1,2.5e-09
6.0,0.0005,0.0,55.3333787032957,0.0005129358150977077,0.0005156647002054613,99.00000000149757,-2.1733351554486722e-14,2.2133351481318283e-13,4.125274236198462e-18,2.051743260390831e-18,2.0626588008218453e-18,4.8719891275586876e-15,ACBI1,9.26,36000.0,360,180,360,360,0.12067926406393285,2.5e-09
6.0,0.0005,0.0,55.33337858188495,0.0006183286622864527,0.0006222985290178311,99.00000000711873,-2.1733351587347768e-14,2.213335143275398e-13,4.9783343365209535e-18,2.473314649145811e-18,2.4891941160713246e-18,4.871986223755469e-15,ACBI1,9.26,36000.0,360,180,360,360,0.14563484775012436,2.5e-09
6.0,0.0005,0.0,55.33337832574776,0.0007452087110206756,0.0007509826094385595,99.00000000787497,-2.173335165667552e-14,2.2133351330299104e-13,6.0077925930009194e-18,2.9808348440827027e-18,3.003930437754238e-18,4.871982719465508e-15,ACBI1,9.26,36000.0,360,180,360,360,0.1757510624854792,2.5e-09
6.0,0.0005,0.0,55.33337778596953,0.0008978809153857588,0.0009062763858625998,99.0000000383451,-2.1733351802777152e-14,2.2133351114387814e-13,7.25012193129036e-18,3.591523661543035e-18,3.6251055434504e-18,4.871978490496645e-15,ACBI1,9.26,36000.0,360,180,360,360,0.21209508879201905,2.5e-09
6.0,0.0005,0.0,55.333376649954026,0.0010814786118339764,0.0010936819828467545,99.00000011044612,-2.173335211026548e-14,2.213335065998161e-13,8.749334170469248e-18,4.325914447335906e-18,4.374727931387018e-18,4.8719733869507634e-15,ACBI1,9.26,36000.0,360,180,360,360,0.2559547922699536,2.5e-09
6.0,0.0005,0.0,55.33337426288879,0.0013021075794637006,0.001319839057174273,99.00000018828987,-2.1733352756388344e-14,2.2133349705155517e-13,1.0558536129254855e-17,5.208430317854803e-18,5.2793562286970924e-18,4.871967227879191e-15,ACBI1,9.26,36000.0,360,180,360,360,0.3088843596477481,2.5e-09
6.0,0.0005,0.0,55.33336925660183,0.0015670081765316788,0.0015927598958877585,99.00000018887565,-2.173335411149845e-14,2.213334770264073e-13,1.2741804782261833e-17,6.268032706126715e-18,6.371039583551034e-18,4.871959794800745e-15,ACBI1,9.26,36000.0,360,180,360,360,0.372759372031494,2.5e-09
6.0,0.0005,0.0,55.33335878118921,0.001884734459468633,0.001922113048654682,99.00000058475382,-2.173335694706415e-14,2.2133343512475687e-13,1.5376444661255635e-17,7.538937837874532e-18,7.688452194618728e-18,4.871950823812901e-15,ACBI1,9.26,36000.0,360,180,360,360,0.44984326689694454,2.5e-09
6.0,0.0005,0.0,55.333336922183165,0.002265347115002503,0.0023195654629617297,99.00000123776418,-2.173336286418383e-14,2.2133334768873266e-13,1.8555700880244143e-17,9.061388460010013e-18,9.27826185184692e-18,4.8719399959347616e-15,ACBI1,9.26,36000.0,360,180,360,360,0.5428675439323859,2.5e-09
6.0,0.0005,0.0,55.33329145954102,0.0027206139180433143,0.0027991950762297517,99.00000552460051,-2.1733375171067716e-14,2.2133316583816409e-13,2.2392010478597203e-17,1.0882455672173257e-17,1.1196780304919006e-17,4.871926925177042e-15,ACBI1,9.26,36000.0,360,180,360,360,0.6551285568595507,2.5e-09
6.0,0.0005,0.0,55.33319727940524,0.0032642069050349536,0.0033779881163658707,99.00000563838944,-2.1733400666848003e-14,2.21332789117621e-13,2.7020880049564496e-17,1.3056827620139814e-17,1.3511952465463483e-17,4.87191114358954e-15,ACBI1,9.26,36000.0,360,180,360,360,0.7906043210907697,2.5e-09
6.0,0.0005,0.0,55.333003098630215,0.003911879075228331,0.004076437901779884,99.00001304120954,-2.173345323620709e-14,2.213320123945209e-13,3.260547214009375e-17,1.5647516300913326e-17,1.6305751607119536e-17,4.8718920821194176e-15,ACBI1,9.26,36000.0,360,180,360,360,0.9540954763499939,2.5e-09
6.0,0.0005,0.0,55.33260499606381,0.004681594640188491,0.004919264449719716,99.00001485411347,-2.173356101664246e-14,2.2133041998425525e-13,3.93419531139812e-17,1.8726378560753964e-17,1.9677057798878865e-17,4.871869045374282e-15,ACBI1,9.26,36000.0,360,180,360,360,1.151395399326447,2.5e-09
6.0,0.0005,0.0,55.33179430950644,0.005593574893843172,0.005936275971393289,99.00010074701304,-2.173378050684295e-14,2.2132717723802576e-13,4.746557466736311e-17,2.2374299575372688e-17,2.3745103885573155e-17,4.871841177088349e-15,ACBI1,9.26,36000.0,360,180,360,360,1.3894954943731375,2.5e-09
6.0,0.0005,0.0,55.33015664533478,0.006670205566804539,0.007163392573281029,99.00001004657732,-2.1734223908933966e-14,2.2132062658133913e-13,5.725728037387078e-17,2.6680822267218157e-17,2.8653570293124115e-17,4.871807410850608e-15,ACBI1,9.26,36000.0,360,180,360,360,1.6768329368110073,2.5e-09
6.0,0.0005,0.0,55.32687976143481,0.007935729167249165,0.008643845114783845,99.00014510418364,-2.1735111120618887e-14,2.2130751904573926e-13,6.905025798602481e-17,3.1742916668996664e-17,3.457538045913538e-17,4.871766396914159e-15,ACBI1,9.26,36000.0,360,180,360,360,2.0235896477251565,2.5e-09
6.0,0.0005,0.0,55.3203963157895,0.009415613785785698,0.01042953931666949,99.00042998215729,-2.1736866318058487e-14,2.2128158526315802e-13,8.323514413558734e-17,3.766245514314279e-17,4.1718157266677965e-17,4.8717163900064206e-15,ACBI1,9.26,36000.0,360,180,360,360,2.442053094548651,2.5e-09
6.0,0.0005,0.0,55.30773773558766,0.011135441729800953,0.012582518571632796,99.00002923817591,-2.1740292234654185e-14,2.2123095094235062e-13,1.0026128520495325e-16,4.4541766919203816e-17,5.033007428653118e-17,4.871655074534841e-15,ACBI1,9.26,36000.0,360,180,360,360,2.9470517025518097,2.5e-09
6.0,0.0005,0.0,55.28340490307233,0.013119086601292343,0.015176333071733892,99.0035235775253,-2.174687325033092e-14,2.2113361961228935e-13,1.20629216581115e-16,5.247634640516937e-17,6.070533228693557e-17,4.871579293047801e-15,ACBI1,9.26,36000.0,360,180,360,360,3.5564803062231287,2.5e-09
6.0,0.0005,0.0,55.23747683976708,0.015385832520441303,0.018296864952849205,99.00359994090941,-2.1759277616359433e-14,2.2094990735906836e-13,1.4486594341174437e-16,6.154333008176521e-17,7.318745981139682e-17,4.871484634811097e-15,ACBI1,9.26,36000.0,360,180,360,360,4.291934260128776,2.5e-09
6.0,0.0005,0.0,55.15261140772295,0.01794592717575942,0.0220416711073455,99.01101870275079,-2.1782135947689422e-14,2.206104456308918e-13,1.73469488518324e-16,7.178370870303768e-17,8.8166684429382e-17,4.871364843624867e-15,ACBI1,9.26,36000.0,360,180,360,360,5.17947467923121,2.5e-09
6.0,0.0005,0.0,54.99962126336294,0.020793880178782843,0.026516067526856753,99.00903272758615,-2.1823132992766704e-14,2.1999848505345179e-13,2.06803180307979e-16,8.317552071513138e-17,1.0606427010742702e-16,4.871211037572617e-15,ACBI1,9.26,36000.0,360,180,360,360,6.25055192527397,2.5e-09
6.0,0.0005,0.0,54.7315855568178,0.023898747280949102,0.03182293012454342,99.03091166596873,-2.18942929336948e-14,2.189263422272712e-13,2.4491619032912124e-16,9.559498912379641e-17,1.2729172049817368e-16,4.871010830618792e-15,ACBI1,9.26,36000.0,360,180,360,360,7.543120063354615,2.5e-09
6.0,0.0005,0.0,54.27720599690235,0.027190998211251986,0.03804174765304635,99.03955988440683,-2.20129565783082e-14,2.171088239876094e-13,2.872721536721986e-16,1.0876399284500795e-16,1.5216699061218541e-16,4.870747642977484e-15,ACBI1,9.26,36000.0,360,180,360,360,9.102981779915218,2.5e-09
6.0,0.0005,0.0,53.535535966728446,0.030546915579668068,0.045191772262333216,99.115155388851,-2.2201245721613027e-14,2.141421438669138e-13,3.323954618982221e-16,1.2218766231867228e-16,1.8076708904933286e-16,4.870400789691696e-15,ACBI1,9.26,36000.0,360,180,360,360,10.985411419875584,2.5e-09
6.0,0.0005,0.0,52.376202874859004,0.03377443597633827,0.05317635455039421,99.0835082046411,-2.2481891479734103e-14,2.09504811499436e-13,3.775105138960806e-16,1.350977439053531e-16,2.1270541820157687e-16,4.8699472472992415e-15,ACBI1,9.26,36000.0,360,180,360,360,13.257113655901081,2.5e-09
6.0,0.0005,0.0,50.650913288756996,0.03660885005231228,0.061714032184947,99.09960595914359,-2.286785100317745e-14,2.02603653155028e-13,4.1835400550146493e-16,1.464354002092491e-16,2.46856128739788e-16,4.869366027728355e-15,ACBI1,9.26,36000.0,360,180,360,360,15.998587196060573,2.5e-09
6.0,0.0005,0.0,48.221309003581496,0.038730695019136195,0.07027874905512838,99.15899363098205,-2.3344692300970456e-14,1.92885236014326e-13,4.49437827430493e-16,1.5492278007654478e-16,2.811149962205135e-16,4.868645374134922e-15,ACBI1,9.26,36000.0,360,180,360,360,19.306977288832496,2.5e-09
6.0,0.0005,0.0,45.00256018498956,0.039816465436839366,0.07809177968409864,99.27953347922201,-2.3849949987186015e-14,1.8001024073995826e-13,4.650122484253182e-16,1.5926586174735745e-16,3.1236711873639453e-16,4.867791241846403e-15,ACBI1,9.26,36000.0,360,180,360,360,23.29951810515372,2.5e-09
6.0,0.0005,0.0,41.01111257127682,0.03961995154390133,0.08421390653208871,83.6869233007434,-2.4261577468162923e-14,1.6404445028510728e-13,4.606921713727294e-16,1.5847980617560531e-16,3.3685562612835485e-16,4.8668333208176555e-15,ACBI1,9.26,36000.0,360,180,360,360,28.11768697974228,2.5e-09
6.0,0.0005,0.0,36.394287331134684,0.038059516213513375,0.08775428480473531,99.43902929760827,-2.441162765237091e-14,1.4557714932453874e-13,4.3519703775760134e-16,1.522380648540535e-16,3.5101713921894123e-16,4.865824041407128e-15,ACBI1,9.26,36000.0,360,180,360,360,33.93221771895326,2.5e-09
6.0,0.0005,0.0,31.41963140657168,0.03526911490727965,0.0881397723793291,99.23195146365472,-2.413206672197255e-14,1.2567852562628673e-13,3.912760140570975e-16,1.410764596291186e-16,3.5255908951731644e-16,4.8648285186753945e-15,ACBI1,9.26,36000.0,360,180,360,360,40.94915062380423,2.5e-09
6.0,0.0005,0.0,26.419372415317284,0.03157864506576568,0.08532108399262256,99.5421545366051,-2.3317190647977034e-14,1.0567748966126914e-13,3.351223534947005e-16,1.2631458026306272e-16,3.412843359704902e-16,4.8639086551023855e-15,ACBI1,9.26,36000.0,360,180,360,360,49.417133613238335,2.5e-09
6.0,0.0005,0.0,21.711130521477397,0.027425583287132425,0.07979948957255044,99.5390221384264,-2.1968958889668688e-14,8.68445220859096e-14,2.744474556909725e-16,1.0970233314852971e-16,3.191979582902018e-16,4.86310868580411e-15,ACBI1,9.26,36000.0,360,180,360,360,59.63623316594643,2.5e-09
6.0,0.0005,0.0,17.52998730063122,0.023239364655626003,0.07245569706311117,99.74294400018229,-2.019808886178215e-14,7.011994920252488e-14,2.1621767234530863e-16,9.295745862250402e-17,2.8982278825244466e-16,4.862448515363487e-15,ACBI1,9.26,36000.0,360,180,360,360,71.96856730011514,2.5e-09
6.0,0.0005,0.0,13.997593256973067,0.01935055794448493,0.06427662915872531,99.79238947679947,-1.8182429065724264e-14,5.599037302789228e-14,1.6513573014154318e-16,7.740223177793972e-17,2.5710651663490125e-16,4.8619260453372156e-15,ACBI1,9.26,36000.0,360,180,360,360,86.85113737513521,2.5e-09
6.0,0.0005,0.0,11.130665171257874,0.015953549521046682,0.05611397682935553,99.61404804979144,-1.6109297583585973e-14,4.4522660685031497e-14,1.2329942657999356e-16,6.381419808418673e-17,2.2445590731742214e-16,4.861524892907058e-15,ACBI1,9.26,36000.0,360,180,360,360,104.81131341546853,2.5e-09
6.0,0.0005,0.0,8.873020585197942,0.013118132189035065,0.04855663190230068,99.70671507605712,-1.413056912748761e-14,3.549208234079177e-14,9.074874082865927e-17,5.2472528756140265e-17,1.9422652760920272e-16,4.861222725285789e-15,ACBI1,9.26,36000.0,360,180,360,360,126.48552168552958,2.5e-09
6.0,0.0005,0.0,7.131823611565401,0.010826661222178874,0.04191904579508022,99.75893204523229,-1.2343350155155716e-14,2.8527294446261606e-14,6.633017333853299e-17,4.33066448887155e-17,1.6767618318032088e-16,4.860997260419578e-15,ACBI1,9.26,36000.0,360,180,360,360,152.6417967175232,2.5e-09
6.0,0.0005,0.0,5.805780587128135,0.009014120091207086,0.03629951084903166,99.12115043396685,-1.0792489351551882e-14,2.3223122348512542e-14,4.844611787509731e-17,3.605648036482834e-17,1.4519804339612664e-16,4.860829343622034e-15,ACBI1,9.26,36000.0,360,180,360,360,184.20699693267144,2.5e-09
6.0,0.0005,0.0,4.8018244818698035,0.00759872191265968,0.0316584368219531,99.76659044307198,-9.484174937558313e-15,1.9207297927479214e-14,3.5526015045820903e-17,3.0394887650638716e-17,1.266337472878124e-16,4.860703849318237e-15,ACBI1,9.26,36000.0,360,180,360,360,222.29964825261933,2.5e-09
6.0,0.0005,0.0,4.04223532039893,0.006500348870876152,0.02788587777652426,99.7265986736356,-8.401326942180745e-15,1.616894128159572e-14,2.624346971858489e-17,2.6001395483504607e-17,1.1154351110609705e-16,4.860609412425982e-15,ACBI1,9.26,36000.0,360,180,360,360,268.26957952797244,2.5e-09
6.0,0.0005,0.0,3.465765787404758,0.005649227048530524,0.02484779352530901,99.8259912185448,-7.515931979393176e-15,1.3863063149619032e-14,1.9569723636083102e-17,2.25969081941221e-17,9.939117410123605e-17,4.8605377247844314e-15,ACBI1,9.26,36000.0,360,180,360,360,323.74575428176433,2.5e-09
6.0,0.0005,0.0,3.0258346090575974,0.004988464361589368,0.022412532460832975,99.84769154664961,-6.79711386319323e-15,1.2103338436230389e-14,1.4746587978544846e-17,1.995385744635747e-17,8.965012984333189e-17,4.8604827903797544e-15,ACBI1,9.26,36000.0,360,180,360,360,390.6939937054613,2.5e-09
6.0,0.0005,0.0,2.68774204746061,0.004473433150894328,0.020463243684490696,99.20753574560327,-6.215584149850788e-15,1.075096818984244e-14,1.1232004106313918e-17,1.7893732603577313e-17,8.185297473796279e-17,4.860440295694323e-15,ACBI1,9.26,36000.0,360,180,360,360,471.486636345739,2.5e-09
6.0,0.0005,0.0,2.425911244799942,0.004069897273386244,0.018901846612250993,99.81744153120104,-5.745627167268872e-15,9.703644979199768e-15,8.644861810517738e-18,1.6279589093544973e-17,7.560738644900397e-17,4.860407128219515e-15,ACBI1,9.26,36000.0,360,180,360,360,568.9866029018293,2.5e-09
6.0,0.0005,0.0,2.2215552321711702,0.003751895634568457,0.017648639002382185,99.88544779816037,-5.365641579689073e-15,8.886220928684681e-15,6.719169560740705e-18,1.500758253827383e-17,7.059455600952874e-17,4.860381026559051e-15,ACBI1,9.26,36000.0,360,180,360,360,686.6488450042998,2.5e-09
6.0,0.0005,0.0,2.0608543220721796,0.0034998299877867897,0.016640043908227736,99.85305113835071,-5.057949011879391e-15,8.243417288288718e-15,5.269425803995092e-18,1.399931995114716e-17,6.656017563291095e-17,4.860360332609834e-15,ACBI1,9.26,36000.0,360,180,360,360,828.6427728546843,2.5e-09
6.0,0.0005,0.0,1.933593661286676,0.0032989005932778973,0.01582584382615991,99.80271648059616,-4.808297349606074e-15,7.734374645146704e-15,4.165767924633872e-18,1.319560237311159e-17,6.330337530463964e-17,4.860343818005971e-15,ACBI1,9.26,36000.0,360,180,360,360,1000.0,2.5e-09
