t,initial_BPD_ec_conc,initial_BPD_ic_conc,degradation,Ternary,all_Ternary,Dmax,degradation_rate,total_target,total_target_ub,total_naked_ternary,total_ternary,total_bpd_ic,PROTAC,Kd_T_binary,kon_T_binary,kub,kde_ub,kdeg_UPS,kdeg_Ternary,alpha
6.0,0.0005,0.0,55.33337876420135,0.0004254741392636953,0.00042734983126861524,99.00000000010127,-2.173335154023747e-14,2.2133351505680541e-13,3.4187635405034715e-18,1.7018965570547813e-18,1.709399325074461e-18,4.872528526662736e-15,ACBI1,9.26,36000.0,360,180,360,100,0.1
6.0,0.0005,0.0,55.33337871053592,0.000512993637791197,0.0005157228316093511,99.00000000762249,-2.1733351557252257e-14,2.213335148421437e-13,4.125739533145375e-18,2.051974551164788e-18,2.0628913264374043e-18,4.872539963205797e-15,ACBI1,9.26,36000.0,360,180,360,100,0.12067926406393285
6.0,0.0005,0.0,55.33337859726753,0.0006184004794410261,0.000622370808893759,99.00000000660502,-2.1733351593165428e-14,2.2133351438907015e-13,4.97891288581994e-18,2.4736019177641043e-18,2.489483235575036e-18,4.872553764802343e-15,ACBI1,9.26,36000.0,360,180,360,100,0.14563484775012436
6.0,0.0005,0.0,55.333378358438566,0.0007452983391479996,0.0007510729344765723,99.00000002303308,-2.1733351668893626e-14,2.213335134337543e-13,6.0085155921586115e-18,2.981193356591999e-18,3.004291737906289e-18,4.8725704205493084e-15,ACBI1,9.26,36000.0,360,180,360,100,0.1757510624854792
6.0,0.0005,0.0,55.33337785546733,0.0008979933759917965,0.0009063899017789714,99.00000003109945,-2.1733351828382046e-14,2.2133351142186934e-13,7.251030586472422e-18,3.5919735039671866e-18,3.625559607115886e-18,4.87259052068794e-15,ACBI1,9.26,36000.0,360,180,360,100,0.21209508879201905
6.0,0.0005,0.0,55.333376797751164,0.0010816205665494473,0.0010938255451947558,99.00000006436457,-2.1733352163796464e-14,2.2133350719100466e-13,8.75048340168777e-18,4.3264822661977894e-18,4.3753021807790235e-18,4.872614777513519e-15,ACBI1,9.26,36000.0,360,180,360,100,0.2559547922699536
6.0,0.0005,0.0,55.3333745773167,0.0013022879374009568,0.0013200218802913296,99.00000014176987,-2.173335286797045e-14,2.2133349830926679e-13,1.0559999806578191e-17,5.209151749603828e-18,5.280087521165319e-18,4.8726440505982306e-15,ACBI1,9.26,36000.0,360,180,360,100,0.3088843596477481
6.0,0.0005,0.0,55.33336992577138,0.0015672389454101342,0.0015929944719433684,99.00000017423783,-2.173335434325253e-14,2.213334797030855e-13,1.2743683186485564e-17,6.268955781640537e-18,6.371977887773474e-18,4.8726793772066556e-15,ACBI1,9.26,36000.0,360,180,360,100,0.372759372031494
6.0,0.0005,0.0,55.333360205814856,0.0018850319425714765,0.0019224164564855904,99.00000103116943,-2.1733357426338858e-14,2.213334408232594e-13,1.5378875219114365e-17,7.540127770285907e-18,7.689665825942361e-18,4.87272200895032e-15,ACBI1,9.26,36000.0,360,180,360,100,0.44984326689694454
6.0,0.0005,0.0,55.33333995595736,0.002265733600335501,0.00231996124321042,99.000001276991,-2.1733363850191473e-14,2.2133335982382947e-13,1.855887381206319e-17,9.062934401342005e-18,9.27984497284168e-18,4.872773455917978e-15,ACBI1,9.26,36000.0,360,180,360,100,0.5428675439323859
6.0,0.0005,0.0,55.333297920929205,0.002721120071837577,0.0027997159373213975,99.00000233658618,-2.173337718686997e-14,2.2133319168371682e-13,2.2396192020285803e-17,1.088448028735031e-17,1.119886374928559e-17,4.872835539721204e-15,ACBI1,9.26,36000.0,360,180,360,100,0.6551285568595507
6.0,0.0005,0.0,55.33321103980975,0.003264875183214311,0.0033786798781502286,99.00000336067352,-2.1733404756883708e-14,2.21332844159239e-13,2.7026447807095983e-17,1.3059500732857245e-17,1.3514719512600914e-17,4.8729104570921795e-15,ACBI1,9.26,36000.0,360,180,360,100,0.7906043210907697
6.0,0.0005,0.0,55.333032390620204,0.003912768632594952,0.004077365328083218,99.00000385945076,-2.173346145941532e-14,2.2133212956248084e-13,3.261297085631382e-17,1.5651074530379806e-17,1.6309461312332872e-17,4.8730008558296915e-15,ACBI1,9.26,36000.0,360,180,360,100,0.9540954763499939
6.0,0.0005,0.0,55.33266729170306,0.004682788510914686,0.004920520073791637,99.00002707896914,-2.1733577368720263e-14,2.2133066916681225e-13,3.935218678211529e-17,1.8731154043658744e-17,1.9682080295166552e-17,4.87310992494621e-15,ACBI1,9.26,36000.0,360,180,360,100,1.151395399326447
6.0,0.0005,0.0,55.331926574588074,0.0055951907813334275,0.005937993926073441,99.00004801191498,-2.1733812594254118e-14,2.213277062983523e-13,4.7479767161308784e-17,2.238076312533371e-17,2.3751975704293765e-17,4.8732415007415435e-15,ACBI1,9.26,36000.0,360,180,360,100,1.3894954943731375
6.0,0.0005,0.0,55.330436727590225,0.006672412744263514,0.007165771387536324,99.00009534223211,-2.1734285871693362e-14,2.2132174691036092e-13,5.727737169246638e-17,2.6689650977054053e-17,2.8663085550145296e-17,4.873400190144895e-15,ACBI1,9.26,36000.0,360,180,360,100,1.6768329368110073
6.0,0.0005,0.0,55.327470527298885,0.007938776498314447,0.00864718783003547,99.00003062660454,-2.173522847806437e-14,2.2130988210919554e-13,6.90794782733763e-17,3.175510599325778e-17,3.4588751320141883e-17,4.873591512059819e-15,ACBI1,9.26,36000.0,360,180,360,100,2.0235896477251565
6.0,0.0005,0.0,55.321635426585026,0.00941987937552981,0.010434329403991107,99.00048006165136,-2.1737083443917586e-14,2.2128654170634012e-13,8.327916668920537e-17,3.767951750211924e-17,4.173731761596443e-17,4.873822057100455e-15,ACBI1,9.26,36000.0,360,180,360,100,2.442053094548651
6.0,0.0005,0.0,55.31031680294053,0.011141526685016783,0.012589573523690122,99.00207281817669,-2.174068270795217e-14,2.212412672117621e-13,1.0033058781564606e-16,4.4566106740067136e-17,5.0358294094760497e-17,4.8740996675634305e-15,ACBI1,9.26,36000.0,360,180,360,100,2.9470517025518097
6.0,0.0005,0.0,55.28871821010411,0.013128000647223546,0.01518713065548747,99.00143511978666,-2.174755177140001e-14,2.2115487284041641e-13,1.2074393096512389e-16,5.251200258889418e-17,6.074852262194988e-17,4.8744336466609395e-15,ACBI1,9.26,36000.0,360,180,360,100,3.5564803062231287
6.0,0.0005,0.0,55.24827858232997,0.015399369875222096,0.018314253632880247,99.00443084692724,-2.1760408916968044e-14,2.2099311432931988e-13,1.4506569034504433e-16,6.159747950088839e-17,7.3257014531521e-17,4.874835027079288e-15,ACBI1,9.26,36000.0,360,180,360,100,4.291934260128776
6.0,0.0005,0.0,55.174203857283445,0.01796742500170433,0.022071418765105988,99.00541199619703,-2.178393193203864e-14,2.206968154291338e-13,1.73832795481593e-16,7.186970000681731e-17,8.828567506042395e-17,4.875316977869932e-15,ACBI1,9.26,36000.0,360,180,360,100,5.17947467923121
6.0,0.0005,0.0,55.041889207312714,0.020829706558857138,0.026570171166284195,99.01371392278054,-2.182583056491172e-14,2.2016755682925086e-13,2.0748425358972688e-16,8.331882623542855e-17,1.0628068466513679e-16,4.875895523771457e-15,ACBI1,9.26,36000.0,360,180,360,100,6.25055192527397
6.0,0.0005,0.0,54.81223651217447,0.023961073341984503,0.031926419358586686,99.00594148104125,-2.18981328404252e-14,2.1924894604869789e-13,2.4621055090824446e-16,9.584429336793801e-17,1.2770567743434675e-16,4.876590901654942e-15,ACBI1,9.26,36000.0,360,180,360,100,7.543120063354615
6.0,0.0005,0.0,54.42643451445489,0.027302577577628283,0.03824588323592412,99.01209771158086,-2.2018288119252753e-14,2.1770573805781958e-13,2.8972443576915703e-16,1.0921031031051314e-16,1.529835329436965e-16,4.877430046900352e-15,ACBI1,9.26,36000.0,360,180,360,100,9.102981779915218
6.0,0.0005,0.0,53.80177354543818,0.030748452206306526,0.04559767687229248,99.03689468374776,-2.2209145058576453e-14,2.1520709418175275e-13,3.3695611882548843e-16,1.229938088252261e-16,1.8239070748916994e-16,4.878450726633035e-15,ACBI1,9.26,36000.0,360,180,360,100,10.985411419875584
6.0,0.0005,0.0,52.831402076510024,0.034134158588528044,0.05397287292902678,99.06236760893931,-2.249615724142997e-14,2.1132560830604012e-13,3.857222987743593e-16,1.3653663435411218e-16,2.1589149171610712e-16,4.879707341385135e-15,ACBI1,9.26,36000.0,360,180,360,100,13.257113655901081
6.0,0.0005,0.0,51.39199724181724,0.03723157776617828,0.06322927486726847,99.10085472234587,-2.289975570747441e-14,2.05567988967269e-13,4.3249403371776884e-16,1.4892631106471312e-16,2.5291709946907384e-16,4.8812768405050154e-15,ACBI1,9.26,36000.0,360,180,360,100,15.998587196060573
6.0,0.0005,0.0,49.36286688777597,0.03976014987045051,0.07303314382061712,98.97458809225968,-2.3421695077177264e-14,1.974514675511039e-13,4.724668811800885e-16,1.5904059948180206e-16,2.9213257528246847e-16,4.883260230860515e-15,ACBI1,9.26,36000.0,360,180,360,100,19.306977288832496
6.0,0.0005,0.0,46.65657154826675,0.04142197757437935,0.08282200621769237,99.02169946284344,-2.4027440830358788e-14,1.86626286193067e-13,5.001465310410048e-16,1.656879102975174e-16,3.3128802487076946e-16,4.8857718225727004e-15,ACBI1,9.26,36000.0,360,180,360,100,23.29951810515372
6.0,0.0005,0.0,43.25454381189796,0.04196126731413148,0.09182254527304334,99.4815261784253,-2.463205999013568e-14,1.7301817524759184e-13,5.105130848978623e-16,1.6784506925652592e-16,3.6729018109217335e-16,4.888908086351316e-15,ACBI1,9.26,36000.0,360,180,360,100,28.11768697974228
6.0,0.0005,0.0,39.2342268070378,0.041234340223714396,0.09915112970525077,99.42943820071008,-2.5101185804178056e-14,1.5693690722815121e-13,5.005016978919263e-16,1.6493736089485759e-16,3.9660451882100305e-16,4.892695572497361e-15,ACBI1,9.26,36000.0,360,180,360,100,33.93221771895326
6.0,0.0005,0.0,34.77259662326887,0.039263338505027445,0.10399285885880581,99.37592436845205,-2.5275737658034412e-14,1.3909038649307546e-13,4.702024542786575e-16,1.570533540201098e-16,4.159714354352233e-16,4.897033642069985e-15,ACBI1,9.26,36000.0,360,180,360,100,40.94915062380423
6.0,0.0005,0.0,30.118801439150182,0.03624638675590414,0.10580775994352304,99.02117531976093,-2.5016818687350097e-14,1.2047520575660074e-13,4.231359660649824e-16,1.4498554702361657e-16,4.2323103977409216e-16,4.9016636015493175e-15,ACBI1,9.26,36000.0,360,180,360,100,49.417133613238335
6.0,0.0005,0.0,25.54335185879771,0.03251453659131891,0.10448112944269947,99.59134442811653,-2.4252361152507653e-14,1.0217340743519084e-13,3.653609550670122e-16,1.3005814636527563e-16,4.1792451777079787e-16,4.906194605406667e-15,ACBI1,9.26,36000.0,360,180,360,100,59.63623316594643
6.0,0.0005,0.0,21.283290391967,0.02845189121984523,0.10034942899339212,84.64031621723306,-2.3002278939815684e-14,8.5133161567868e-14,3.0379394841303745e-16,1.1380756487938091e-16,4.013977159735685e-16,4.910190229299253e-15,ACBI1,9.26,36000.0,360,180,360,100,71.96856730011514
6.0,0.0005,0.0,17.503513035758427,0.024411931494360925,0.09409175676660224,93.31348301804722,-2.1370076665120575e-14,7.001405214303371e-14,2.4450899609914755e-16,9.76477259774437e-17,3.7636702706640895e-16,4.913282624807024e-15,ACBI1,9.26,36000.0,360,180,360,100,86.85113737513521
6.0,0.0005,0.0,14.28421051545733,0.02065976190209832,0.0865409375822021,99.6883609955472,-1.9507807656184842e-14,5.713684206182932e-14,1.9167271984503682e-16,8.263904760839327e-17,3.461637503288084e-16,4.915262640435987e-15,ACBI1,9.26,36000.0,360,180,360,100,104.81131341546853
6.0,0.0005,0.0,11.631410954821938,0.01735214544165067,0.07849517434832842,99.5927270741099,-1.7573432183888174e-14,4.6525643819287757e-14,1.4731786950827436e-16,6.940858176660268e-17,3.139806973933137e-16,4.9161096252332214e-15,ACBI1,9.26,36000.0,360,180,360,100,126.48552168552958
6.0,0.0005,0.0,9.499926524888693,0.014548869948507143,0.07059096773421344,99.57974298776344,-1.5698191522258663e-14,3.799970609955477e-14,1.1173871046140287e-16,5.819547979402858e-17,2.823638709368538e-16,4.9159600541605284e-15,ACBI1,9.26,36000.0,360,180,360,100,152.6417967175232
6.0,0.0005,0.0,7.81778613944505,0.012240170445775793,0.06325498994211773,99.76410614746153,-1.3971500425223377e-14,3.12711445577802e-14,8.413425621277651e-17,4.8960681783103176e-17,2.5301995976847093e-16,4.915042071906929e-15,ACBI1,9.26,36000.0,360,180,360,100,184.20699693267144
6.0,0.0005,0.0,6.505470357708547,0.010376149172483345,0.05671774822311671,99.8891823634907,-1.2441106186888336e-14,2.6021881430834185e-14,6.320358782062999e-17,4.150459668993338e-17,2.2687099289246683e-16,4.9136084282585044e-15,ACBI1,9.26,36000.0,360,180,360,100,222.29964825261933
6.0,0.0005,0.0,5.487954334995577,0.0088901683392602,0.05105903399084024,99.83776291858928,-1.112184767427659e-14,2.195181733998231e-14,4.7559240336207585e-17,3.5560673357040805e-17,2.0423613596336098e-16,4.911888337863337e-15,ACBI1,9.26,36000.0,360,180,360,100,268.26957952797244
6.0,0.0005,0.0,4.700528277464025,0.007713982770915067,0.046259769115431434,99.69185059235184,-1.000678323052565e-14,1.8802113109856105e-14,3.595155582106994e-17,3.085593108366027e-17,1.8503907646172574e-16,4.91006328690108e-15,ACBI1,9.26,36000.0,360,180,360,100,323.74575428176433
6.0,0.0005,0.0,4.090415109876381,0.00678575125189433,0.04224591719618471,99.82934332879245,-9.07695558039142e-15,1.6361660439505523e-14,2.7354843442537743e-17,2.714300500757732e-17,1.6898366878473884e-16,4.908261864031453e-15,ACBI1,9.26,36000.0,360,180,360,100,390.6939937054613
6.0,0.0005,0.0,3.6160753431749577,0.00605317215906823,0.03891974178506707,99.82711009800262,-8.30843161930922e-15,1.4464301372699832e-14,2.0973533198069326e-17,2.421268863627292e-17,1.5567896714026827e-16,4.906565695638402e-15,ACBI1,9.26,36000.0,360,180,360,100,471.486636345739
6.0,0.0005,0.0,3.2455284442092767,0.005473815635503737,0.03617924933291525,99.8650126806298,-7.676681975989074e-15,1.2982113776837106e-14,1.6211908537359847e-17,2.189526254201495e-17,1.44716997331661e-16,4.905019802559041e-15,ACBI1,9.26,36000.0,360,180,360,100,568.9866029018293
6.0,0.0005,0.0,2.9544626703081063,0.005014117564015246,0.033928750992464445,99.78566284238987,-7.158932695556717e-15,1.1817850681232426e-14,1.263330245989957e-17,2.0056470256060984e-17,1.3571500396985778e-16,4.903643233812076e-15,ACBI1,9.26,36000.0,360,180,360,100,686.6488450042998
6.0,0.0005,0.0,2.724505378987678,0.004647910507702522,0.03208359989681007,99.84502406479866,-6.735184657722408e-15,1.0898021515950712e-14,9.921348791266034e-18,1.8591642030810087e-17,1.2833439958724027e-16,4.902438039226179e-15,ACBI1,9.26,36000.0,360,180,360,100,828.6427728546843
6.0,0.0005,0.0,2.5417878960008458,0.004354942605282403,0.03057150449937213,99.59551176143387,-6.388454852257518e-15,1.0167151584003385e-14,7.847946123367276e-18,1.7419770421129613e-17,1.222860179974885e-16,4.9013960437958845e-15,ACBI1,9.26,36000.0,360,180,360,100,1000.0
6.0,0.0005,0.0,55.33337876408459,0.0004254741392628004,0.00042734983126694616,99.00000000130322,-2.1733351540274194e-14,2.213335150563384e-13,3.418763538634748e-18,1.7018965570512018e-18,1.7093993250677845e-18,4.872528526662701e-15,ACBI1,9.26,36000.0,360,180,360,500,0.1
6.0,0.0005,0.0,55.33337871023826,0.0005129936377884524,0.0005157228316042246,99.00000000699585,-2.173335155734636e-14,2.2133351484095303e-13,4.125739528382991e-18,2.0519745511538095e-18,2.062891326416899e-18,4.872539963205757e-15,ACBI1,9.26,36000.0,360,180,360,500,0.12067926406393285
6.0,0.0005,0.0,55.33337859651025,0.0006184004794326066,0.0006223708088780192,99.00000000140386,-2.1733351593405544e-14,2.21333514386041e-13,4.978912873693891e-18,2.4736019177304264e-18,2.4894832355120766e-18,4.872553764802231e-15,ACBI1,9.26,36000.0,360,180,360,500,0.14563484775012436
6.0,0.0005,0.0,55.33337835651443,0.000745298339122216,0.0007510729344283105,99.00000000115894,-2.17333516695025e-14,2.213335134260577e-13,6.0085155613161816e-18,2.981193356488864e-18,3.0042917377132422e-18,4.872570420549027e-15,ACBI1,9.26,36000.0,360,180,360,500,0.1757510624854792
6.0,0.0005,0.0,55.33337785058554,0.0008979933759129624,0.0009063899016312013,99.00000003149063,-2.173335182992676e-14,2.2133351140234217e-13,7.25103050812613e-18,3.5919735036518494e-18,3.625559606524805e-18,4.872590520687142e-15,ACBI1,9.26,36000.0,360,180,360,500,0.21209508879201905
6.0,0.0005,0.0,55.33337678539175,0.0010816205663090473,0.001093825544743254,99.00000006749194,-2.1733352167707245e-14,2.2133350714156702e-13,8.750483202980855e-18,4.3264822652361896e-18,4.3753021789730166e-18,4.8726147775114965e-15,ACBI1,9.26,36000.0,360,180,360,500,0.2559547922699536
6.0,0.0005,0.0,55.333374546092784,0.0013022879366697243,0.0013200218789147858,99.00000013887666,-2.1733352877850983e-14,2.2133349818437115e-13,1.0559999303543424e-17,5.209151746678897e-18,5.280087515659143e-18,4.872644050593109e-15,ACBI1,9.26,36000.0,360,180,360,500,0.3088843596477481
6.0,0.0005,0.0,55.3333698470985,0.0015672389431929136,0.0015929944677577211,99.00000055477236,-2.1733354368149565e-14,2.2133347938839403e-13,1.2743681915880678e-17,6.268955772771655e-18,6.371977871030885e-18,4.872679377193897e-15,ACBI1,9.26,36000.0,360,180,360,500,0.372759372031494
6.0,0.0005,0.0,55.33336000821555,0.0018850319358734262,0.0019224164437985469,99.00000063224437,-2.173335748887494e-14,2.2133344003286222e-13,1.537887201832697e-17,7.540127743493705e-18,7.689665775194188e-18,4.8727220089183065e-15,ACBI1,9.26,36000.0,360,180,360,500,0.44984326689694454
6.0,0.0005,0.0,55.33333946155115,0.002265733580192225,0.0023199612049016626,99.00000144685117,-2.1733364006672336e-14,2.2133335784620458e-13,1.8558865774849535e-17,9.0629343207689e-18,9.279844819606652e-18,4.872773455838107e-15,ACBI1,9.26,36000.0,360,180,360,500,0.5428675439323859
6.0,0.0005,0.0,55.33329668953746,0.002721120011585333,0.0027997158221747076,99.00000002076776,-2.173337757665436e-14,2.2133318675814983e-13,2.23961719163039e-17,1.0884480046341332e-17,1.119886328869883e-17,4.872835539522886e-15,ACBI1,9.26,36000.0,360,180,360,500,0.6551285568595507
6.0,0.0005,0.0,55.333207989547674,0.0032648750041440267,0.003378679533931089,99.00001236440062,-2.173340572254225e-14,2.213328319581907e-13,2.702639775048601e-17,1.3059500016576108e-17,1.3514718135724357e-17,4.872910456602794e-15,ACBI1,9.26,36000.0,360,180,360,500,0.7906043210907697
6.0,0.0005,0.0,55.333024883896556,0.003912768104461885,0.004077364305749066,99.0000114791236,-2.173346383628403e-14,2.2133209953558623e-13,3.2612846902497424e-17,1.5651072417847542e-17,1.6309457222996263e-17,4.8730008546311136e-15,ACBI1,9.26,36000.0,360,180,360,500,0.9540954763499939
6.0,0.0005,0.0,55.332648960105516,0.0046827869674325485,0.004920517060856798,99.00002536184546,-2.17335831741502e-14,2.2133059584042207e-13,3.935188183351553e-17,1.8731147869730196e-17,1.9682068243427195e-17,4.873109922035992e-15,ACBI1,9.26,36000.0,360,180,360,500,1.151395399326447
6.0,0.0005,0.0,55.33188221778459,0.005595186319023303,0.005937985127758849,99.00005209905508,-2.1733826644514116e-14,2.2132752887113838e-13,4.7479022713497735e-17,2.2380745276093214e-17,2.37519405110354e-17,4.873241493748984e-15,ACBI1,9.26,36000.0,360,180,360,500,1.3894954943731375
6.0,0.0005,0.0,55.33033055752558,0.006672400007482394,0.007165745972281355,99.0001701180847,-2.1734319509160058e-14,2.213213222301023e-13,5.72755708780916e-17,2.6689600029929577e-17,2.866298388912542e-17,4.8734001735500924e-15,ACBI1,9.26,36000.0,360,180,360,500,1.6768329368110073
6.0,0.0005,0.0,55.32721963635814,0.007938740687799886,0.0086471153473366,99.00015100966515,-2.173530798426491e-14,2.2130887854543255e-13,6.907516884026175e-17,3.1754962751199546e-17,3.4588461389346404e-17,4.873591473249834e-15,ACBI1,9.26,36000.0,360,180,360,500,2.0235896477251565
6.0,0.0005,0.0,55.32105138324266,0.009419780457142266,0.010434125767435465,99.00039208033138,-2.1737268555138828e-14,2.2128420553297065e-13,8.326898383518966e-17,3.7679121828569065e-17,4.173650306974186e-17,4.8738219678918785e-15,ACBI1,9.26,36000.0,360,180,360,500,2.442053094548651
6.0,0.0005,0.0,55.308980865239796,0.01114125903394795,0.01258901136014213,99.00067282477576,-2.1741106135727034e-14,2.212359234609592e-13,1.0030688068859717e-16,4.4565036135791796e-17,5.0356045440568515e-17,4.874099466629725e-15,ACBI1,9.26,36000.0,360,180,360,500,2.9470517025518097
6.0,0.0005,0.0,55.28572407187974,0.013127293624386863,0.015185610044106268,99.0014884863781,-2.1748500454026462e-14,2.2114289628751896e-13,1.206896839015438e-16,5.2509174497547455e-17,6.074244017642507e-17,4.8744332046794235e-15,ACBI1,9.26,36000.0,360,180,360,500,3.5564803062231287
6.0,0.0005,0.0,55.241724404272986,0.015397553318931003,0.018310236309340484,99.00292574230903,-2.1762483444287498e-14,2.2096689761709195e-13,1.449440333083294e-16,6.159021327572401e-17,7.324094523736193e-17,4.8748340811991684e-15,ACBI1,9.26,36000.0,360,180,360,500,4.291934260128776
6.0,0.0005,0.0,55.16024055799382,0.01796290413483286,0.02206108933590571,99.00536631300143,-2.178834113899485e-14,2.206409622319753e-13,1.735662561122755e-16,7.185161653933144e-17,8.824435734362283e-17,4.8753150160987505e-15,ACBI1,9.26,36000.0,360,180,360,500,5.17947467923121
6.0,0.0005,0.0,55.01304996552854,0.020818857673909945,0.026544424023298954,99.00131190748259,-2.183489356415788e-14,2.2005219986211417e-13,2.0691587306625417e-16,8.327543069563979e-17,1.061776960931958e-16,4.875891595073524e-15,ACBI1,9.26,36000.0,360,180,360,500,6.25055192527397
6.0,0.0005,0.0,54.75474004611882,0.02393609293192057,0.03186447377433987,99.00571687374402,-2.1916038835201816e-14,2.1901896018447528e-13,2.4503589190764117e-16,9.574437172768228e-17,1.2745789509735948e-16,4.8765833234730156e-15,ACBI1,9.26,36000.0,360,180,360,500,7.543120063354615
6.0,0.0005,0.0,54.31629999330849,0.027247679298813735,0.038102714830956515,99.02656300007567,-2.205203476033148e-14,2.1726519997323396e-13,2.8738329333519095e-16,1.0899071719525495e-16,1.5241085932382606e-16,4.877415957909754e-15,ACBI1,9.26,36000.0,360,180,360,500,9.102981779915218
6.0,0.0005,0.0,53.600110714109036,0.030633951943875665,0.045281468817840495,99.03215594007321,-2.2269229854727635e-14,2.1440044285643615e-13,3.3248195489953376e-16,1.2253580777550265e-16,1.81125875271362e-16,4.878425300933023e-15,ACBI1,9.26,36000.0,360,180,360,500,10.985411419875584
6.0,0.0005,0.0,52.4803265833451,0.03390884983933652,0.053309217491375335,99.05244623967974,-2.259596119107394e-14,2.0992130633338038e-13,3.7757584610082864e-16,1.356353993573461e-16,2.1323686996550137e-16,4.879662012786726e-15,ACBI1,9.26,36000.0,360,180,360,500,13.257113655901081
6.0,0.0005,0.0,50.81413756739946,0.03681578065207757,0.06191347743362895,99.09284173334036,-2.3051830133007832e-14,2.0325655026959788e-13,4.1846102041185226e-16,1.4726312260831029e-16,2.476539097345158e-16,4.881194725772961e-15,ACBI1,9.26,36000.0,360,180,360,500,15.998587196060573
6.0,0.0005,0.0,48.46850672218639,0.039044610801371886,0.07058329488928212,99.31564105394044,-2.3629145720497947e-14,1.9387402688874557e-13,4.497620509213947e-16,1.5617844320548754e-16,2.8233317955712847e-16,4.883105023136273e-15,ACBI1,9.26,36000.0,360,180,360,500,19.306977288832496
6.0,0.0005,0.0,45.36140824013317,0.04027949204761901,0.07856207316129364,99.28032056279233,-2.4270661920495216e-14,1.814456329605327e-13,4.658787849720058e-16,1.6111796819047606e-16,3.142482926451746e-16,4.885465099346737e-15,ACBI1,9.26,36000.0,360,180,360,500,23.29951810515372
6.0,0.0005,0.0,41.50638670005986,0.040275182225397714,0.08493577151216673,99.45842732549502,-2.4855816732970063e-14,1.6602554680023947e-13,4.625465354564447e-16,1.6110072890159088e-16,3.3974308604866693e-16,4.888292998545842e-15,ACBI1,9.26,36000.0,360,180,360,500,28.11768697974228
6.0,0.0005,0.0,37.039833835074035,0.03893913632683199,0.08883049867627169,99.31154674017398,-2.5211954248429587e-14,1.4815933534029614e-13,4.3847806995562715e-16,1.5575654530732795e-16,3.5532199470508673e-16,4.891496293344751e-15,ACBI1,9.26,36000.0,360,180,360,500,33.93221771895326
6.0,0.0005,0.0,32.211216403189134,0.03638121573046514,0.08966689338564174,99.44368015792666,-2.51583866126356e-14,1.2884486561275654e-13,3.9622797818364727e-16,1.4552486292186056e-16,3.586675735425669e-16,4.8948367821327204e-15,ACBI1,9.26,36000.0,360,180,360,500,40.94915062380423
6.0,0.0005,0.0,27.33248542263468,0.03289966769095927,0.08735817525836853,99.46671246170449,-2.456941245951793e-14,1.0932994169053871e-13,3.416530837398778e-16,1.3159867076383708e-16,3.4943270103347415e-16,4.89795449525471e-15,ACBI1,9.26,36000.0,360,180,360,500,49.417133613238335
6.0,0.0005,0.0,22.705646459501963,0.02890353206455108,0.08234467574890209,99.08826672158897,-2.342378132019017e-14,9.082258583800785e-14,2.821289746844928e-16,1.156141282582043e-16,3.2937870299560835e-16,4.900460399655009e-15,ACBI1,9.26,36000.0,360,180,360,500,59.63623316594643
6.0,0.0005,0.0,18.559655301755924,0.024806638905731943,0.07544381919872575,99.48554110769608,-2.1812305877314208e-14,7.423862120702369e-14,2.244286713656459e-16,9.922655562292778e-17,3.01775276794903e-16,4.902058173559721e-15,ACBI1,9.26,36000.0,360,180,360,500,71.96856730011514
6.0,0.0005,0.0,15.019885751032602,0.020939817400627555,0.06759805534407222,99.44169072795667,-1.990178007263701e-14,6.007954300413041e-14,1.732539251899673e-16,8.375926960251022e-17,2.7039222137628893e-16,4.9026302649208896e-15,ACBI1,9.26,36000.0,360,180,360,500,86.85113737513521
6.0,0.0005,0.0,12.113276800298507,0.017509787196394257,0.05964303447108093,99.54187950197971,-1.7879027314554364e-14,4.845310720119403e-14,1.3084470609112478e-16,7.003914878557703e-17,2.385721378843237e-16,4.902247931310884e-15,ACBI1,9.26,36000.0,360,180,360,500,104.81131341546853
6.0,0.0005,0.0,9.795921049005283,0.014603972939545426,0.052176647730912774,99.67736368757897,-1.590375270647548e-14,3.9183684196021133e-14,9.743675741291966e-17,5.84158917581817e-17,2.0870659092365112e-16,4.901115137105947e-15,ACBI1,9.26,36000.0,360,180,360,500,126.48552168552958
6.0,0.0005,0.0,7.985945971655959,0.01222185039714878,0.045537134506501785,99.76602508727399,-1.4085118854660855e-14,3.194378388662384e-14,7.205386730067896e-17,4.888740158859512e-17,1.8214853802600713e-16,4.899488001680985e-15,ACBI1,9.26,36000.0,360,180,360,500,152.6417967175232
6.0,0.0005,0.0,6.590140613156816,0.010311863666809733,0.03985103877088749,99.75268004157063,-1.2480504616317454e-14,2.6360562452627262e-14,5.3223899262490364e-17,4.1247454667238934e-17,1.5940415508354996e-16,4.897608195817895e-15,ACBI1,9.26,36000.0,360,180,360,500,184.20699693267144
6.0,0.0005,0.0,5.520493576977787,0.008801255498542257,0.035104580846860814,99.86650811615897,-1.1106781823132112e-14,2.208197430791115e-14,3.9447610064369864e-17,3.5205021994169026e-17,1.4041832338744325e-16,4.895666493943183e-15,ACBI1,9.26,36000.0,360,180,360,500,222.29964825261933
6.0,0.0005,0.0,4.701895319722414,0.007615091597471423,0.03120804941857765,99.77664669896281,-9.954821496972077e-15,1.8807581278889657e-14,2.942834197476047e-17,3.046036638988569e-17,1.248321976743106e-16,4.893793426609677e-15,ACBI1,9.26,36000.0,360,180,360,500,268.26957952797244
6.0,0.0005,0.0,4.074030094414343,0.006685983634848428,0.028041571402709457,99.87622175118722,-9.001890770303235e-15,1.629612037765737e-14,2.2140860939103218e-17,2.674393453939371e-17,1.1216628561083784e-16,4.892066191275636e-15,ACBI1,9.26,36000.0,360,180,360,500,323.74575428176433
6.0,0.0005,0.0,3.5902377711833675,0.005957632023729997,0.0254824516420183,99.88016890442277,-8.220226405895355e-15,1.436095108473347e-14,1.6816736399350222e-17,2.3830528094919992e-17,1.019298065680732e-16,4.890521795111665e-15,ACBI1,9.26,36000.0,360,180,360,500,390.6939937054613
6.0,0.0005,0.0,3.215212045549287,0.005384979034762789,0.023418871774346837,99.82712889387078,-7.582087608923428e-15,1.2860848182197148e-14,1.2898123541663916e-17,2.1539916139051155e-17,9.367548709738735e-17,4.8891702788016695e-15,ACBI1,9.26,36000.0,360,180,360,500,471.486636345739
6.0,0.0005,0.0,2.9225498903251954,0.004932854825953345,0.021755086798171203,99.8715211052099,-7.0622727751844205e-15,1.1690199561300782e-14,9.98724902831148e-18,1.9731419303813382e-17,8.702034719268482e-17,4.888005377571145e-15,ACBI1,9.26,36000.0,360,180,360,500,568.9866029018293
6.0,0.0005,0.0,2.692596120457799,0.0045741785526343046,0.020412011874360102,99.85466132194391,-6.639066689550917e-15,1.0770384481831195e-14,7.802844154060245e-18,1.8296714210537218e-17,8.16480474974404e-17,4.887012102227913e-15,ACBI1,9.26,36000.0,360,180,360,500,686.6488450042998
6.0,0.0005,0.0,2.5107124274304824,0.004288224049959015,0.019325674223450735,99.8590517427963,-6.29433145516345e-15,1.004284970972193e-14,6.146364276047121e-18,1.7152896199836062e-17,7.730269689380294e-17,4.886171672646665e-15,ACBI1,9.26,36000.0,360,180,360,500,828.6427728546843
6.0,0.0005,0.0,2.3659549213002475,0.004059144952991154,0.018444920531113507,99.88632608091895,-6.0131932873705235e-15,9.46381968520099e-15,4.877248497674474e-18,1.6236579811964615e-17,7.377968212445402e-17,4.8854644934120335e-15,ACBI1,9.26,36000.0,360,180,360,500,1000.0
6.0,0.0005,0.0,55.33337876393952,0.0004254741392616911,0.00042734983126487957,99.0000000009012,-2.1733351540320175e-14,2.213335150557581e-13,3.418763536324195e-18,1.7018965570467646e-18,1.7093993250595184e-18,4.872528526662687e-15,ACBI1,9.26,36000.0,360,180,360,1000,0.1
6.0,0.0005,0.0,55.33337870987102,0.000512993637785062,0.0005157228315978964,99.00000000059264,-2.173335155746271e-14,2.2133351483948405e-13,4.125739522507821e-18,2.0519745511402483e-18,2.0628913263915853e-18,4.8725399632056744e-15,ACBI1,9.26,36000.0,360,180,360,1000,0.12067926406393285
6.0,0.0005,0.0,55.333378595578544,0.0006184004794222436,0.0006223708088586496,99.00000000689757,-2.1733351593700083e-14,2.213335143823142e-13,4.978912858774771e-18,2.4736019176889746e-18,2.4894832354345984e-18,4.872553764802068e-15,ACBI1,9.26,36000.0,360,180,360,1000,0.14563484775012436
6.0,0.0005,0.0,55.333378354154426,0.0007452983390905849,0.0007510729343691134,99.00000002308012,-2.1733351670249012e-14,2.2133351341661773e-13,6.008515523492409e-18,2.9811933563623394e-18,3.0042917374764538e-18,4.872570420548636e-15,ACBI1,9.26,36000.0,360,180,360,1000,0.1757510624854792
6.0,0.0005,0.0,55.33337784462298,0.0008979933758166749,0.0009063899014507032,99.00000006554205,-2.1733351831813225e-14,2.2133351137849194e-13,7.251030412419577e-18,3.5919735032667e-18,3.625559605802813e-18,4.87259052068617e-15,ACBI1,9.26,36000.0,360,180,360,1000,0.21209508879201905
6.0,0.0005,0.0,55.333376770364296,0.001081620566016753,0.0010938255441942835,99.0000000403994,-2.173335217246141e-14,2.213335070814572e-13,8.750482961375636e-18,4.326482264067012e-18,4.3753021767771344e-18,4.872614777509044e-15,ACBI1,9.26,36000.0,360,180,360,1000,0.2559547922699536
6.0,0.0005,0.0,55.33337450833956,0.0013022879357856107,0.0013200218772504329,99.00000014131422,-2.173335288979624e-14,2.2133349803335826e-13,1.0559998695329323e-17,5.209151743142443e-18,5.280087509001731e-18,4.8726440505870264e-15,ACBI1,9.26,36000.0,360,180,360,1000,0.3088843596477481
6.0,0.0005,0.0,55.33336975261107,0.0015672389405299806,0.0015929944627307104,99.00000025323185,-2.1733354398049344e-14,2.2133347901044428e-13,1.2743680389886036e-17,6.2689557621199225e-18,6.3719778509228415e-18,4.872679377178542e-15,ACBI1,9.26,36000.0,360,180,360,1000,0.372759372031494
6.0,0.0005,0.0,55.33335977279612,0.001885031927893388,0.0019224164286832663,99.00000119845001,-2.1733357563378282e-14,2.213334390911845e-13,1.537886820493214e-17,7.540127711573552e-18,7.689665714733065e-18,4.872722008880175e-15,ACBI1,9.26,36000.0,360,180,360,1000,0.44984326689694454
6.0,0.0005,0.0,55.333338878137624,0.0022657335564225736,0.0023199611596962603,99.00000131128911,-2.173336419132422e-14,2.2133335551255053e-13,1.8558856290723304e-17,9.062934225690295e-18,9.279844638785041e-18,4.872773455743846e-15,ACBI1,9.26,36000.0,360,180,360,1000,0.5428675439323859
6.0,0.0005,0.0,55.33329525295587,0.0027211199412930914,0.0027997156878410354,99.00000187970221,-2.173337803138507e-14,2.213331810118235e-13,2.2396148462424256e-17,1.0884479765172365e-17,1.1198862751364141e-17,4.872835539291498e-15,ACBI1,9.26,36000.0,360,180,360,1000,0.6551285568595507
6.0,0.0005,0.0,55.333204478967346,0.0032648747980500836,0.0033786791377663473,99.00000588330188,-2.1733406833917423e-14,2.2133281791586937e-13,2.7026340140038056e-17,1.3059499192200334e-17,1.351471655106539e-17,4.872910456039597e-15,ACBI1,9.26,36000.0,360,180,360,1000,0.7906043210907697
6.0,0.0005,0.0,55.333016382089326,0.003912767506320027,0.0040773631478986045,99.00002065806723,-2.1733466528190244e-14,2.213320655283573e-13,3.2612706518318755e-17,1.5651070025280108e-17,1.6309452591594418e-17,4.873000853273638e-15,ACBI1,9.26,36000.0,360,180,360,1000,0.9540954763499939
6.0,0.0005,0.0,55.33262858880803,0.00468278525221191,0.004920513712694014,99.00003964507488,-2.173358962541926e-14,2.2133051435523212e-13,3.9351542956749787e-17,1.8731141008847642e-17,1.9682054850776057e-17,4.873109918801981e-15,ACBI1,9.26,36000.0,360,180,360,1000,1.151395399326447
6.0,0.0005,0.0,55.3318340134761,0.005595181469652531,0.00593797556632451,99.00008407173426,-2.173384191313552e-14,2.2132733605390442e-13,4.747821370026857e-17,2.2380725878610123e-17,2.375190226529804e-17,4.873241486149863e-15,ACBI1,9.26,36000.0,360,180,360,1000,1.3894954943731375
6.0,0.0005,0.0,55.3302181534836,0.006672386522835794,0.007165719064894821,99.00013122076918,-2.1734355120580202e-14,2.2132087261393442e-13,5.727366435063191e-17,2.668954609134318e-17,2.8662876259579286e-17,4.873400155980737e-15,ACBI1,9.26,36000.0,360,180,360,1000,1.6768329368110073
6.0,0.0005,0.0,55.32696197193844,0.007938703910479017,0.008647040908455368,99.00025578294145,-2.1735389633247812e-14,2.2130784788775378e-13,6.907074314453792e-17,3.175481564191607e-17,3.4588163633821474e-17,4.873591433391473e-15,ACBI1,9.26,36000.0,360,180,360,1000,2.0235896477251565
6.0,0.0005,0.0,55.32047232053279,0.009419682382295328,0.010433923870266492,99.00094884110405,-2.1737452075161814e-14,2.2128188928213117e-13,8.325888809829017e-17,3.767872952918131e-17,4.173569548106597e-17,4.87382187944182e-15,ACBI1,9.26,36000.0,360,180,360,1000,2.442053094548651
6.0,0.0005,0.0,55.30770885190355,0.011141004189838268,0.012588476108026273,99.00081810830109,-2.1741509257815657e-14,2.212308354076142e-13,1.0028430893424418e-16,4.456401675935307e-17,5.03539044321051e-17,4.874099275301237e-15,ACBI1,9.26,36000.0,360,180,360,1000,2.9470517025518097
6.0,0.0005,0.0,55.28300183585788,0.013126650806907694,0.015184227575107347,99.00209374454755,-2.174936282042112e-14,2.2113200734343155e-13,1.206403667451614e-16,5.2506603227630776e-17,6.073691030042938e-17,4.874432802792015e-15,ACBI1,9.26,36000.0,360,180,360,1000,3.5564803062231287
6.0,0.0005,0.0,55.23606874921665,0.015395985795105602,0.01830676996888642,99.00441666929457,-2.1764272951722537e-14,2.209442749968666e-13,1.4483906812882994e-16,6.158394318042241e-17,7.322707987554568e-17,4.87483326479282e-15,ACBI1,9.26,36000.0,360,180,360,1000,4.291934260128776
6.0,0.0005,0.0,55.148877230733305,0.01795922504453043,0.02205268433879182,99.0031775388573,-2.179192703468098e-14,2.2059550892293325e-13,1.733493976049827e-16,7.183690017812171e-17,8.821073735516728e-17,4.875313418702382e-15,ACBI1,9.26,36000.0,360,180,360,1000,5.17947467923121
6.0,0.0005,0.0,54.991059861234916,0.02081058528074745,0.026524796421908015,99.01160718855006,-2.184179575793249e-14,2.1996423944493967e-13,2.0648266461620866e-16,8.32423411229898e-17,1.0609918568763205e-16,4.875888595420685e-15,ACBI1,9.26,36000.0,360,180,360,1000,6.25055192527397
6.0,0.0005,0.0,54.7139293950463,0.02391836176630777,0.03182052494503397,99.03668175934352,-2.1928719421867238e-14,2.1885571758018523e-13,2.442027643970886e-16,9.567344706523108e-17,1.272820997801359e-16,4.876577927914811e-15,ACBI1,9.26,36000.0,360,180,360,1000,7.543120063354615
6.0,0.0005,0.0,54.24399652207445,0.027211637611068068,0.038008801415355696,99.0459088804332,-2.2074096012993185e-14,2.1697598608829777e-13,2.8584838601767814e-16,1.0884655044427228e-16,1.520352056614228e-16,4.877406644249871e-15,ACBI1,9.26,36000.0,360,180,360,1000,9.102981779915218
6.0,0.0005,0.0,53.4784103432235,0.030564849526416794,0.045090917414868516,99.0403043690277,-2.2305212199944526e-14,2.13913641372894e-13,3.297879688774964e-16,1.2225939810566719e-16,1.8036366965947406e-16,4.8784097288255766e-15,ACBI1,9.26,36000.0,360,180,360,1000,10.985411419875584
6.0,0.0005,0.0,52.28668612692404,0.03378456677260851,0.05294406773233348,99.09309999356789,-2.265025624408268e-14,2.0914674450769616e-13,3.730990618578771e-16,1.3513826709043402e-16,2.1177627092933393e-16,4.8796362748626085e-15,ACBI1,9.26,36000.0,360,180,360,1000,13.257113655901081
6.0,0.0005,0.0,50.5243504513348,0.03660723305218595,0.061256275012220286,99.00165113006423,-2.312624951762564e-14,2.0209740180533919e-13,4.114639820595261e-16,1.4642893220874382e-16,2.4502510004888113e-16,4.881151407113165e-15,ACBI1,9.26,36000.0,360,180,360,1000,15.998587196060573
6.0,0.0005,0.0,48.06256732009762,0.03871975420757901,0.06947833501971828,98.91134806861976,-2.3719261733363972e-14,1.9225026928039048e-13,4.395447140610885e-16,1.5487901683031605e-16,2.779133400788732e-16,4.8830290289563214e-15,ACBI1,9.26,36000.0,360,180,360,1000,19.306977288832496
6.0,0.0005,0.0,44.83128573525501,0.03981168427563317,0.07683492210934213,99.411046172009,-2.4362313590263872e-14,1.7932514294102004e-13,4.520243814970905e-16,1.5924673710253267e-16,3.0733968843736854e-16,4.885326815385476e-15,ACBI1,9.26,36000.0,360,180,360,1000,23.29951810515372
6.0,0.0005,0.0,40.8627767514066,0.03965410293266886,0.08243478432234023,99.35013540656445,-2.492449340705305e-14,1.634511070056264e-13,4.451840941027004e-16,1.5861641173067546e-16,3.2973913728936094e-16,4.88804078574434e-15,ACBI1,9.26,36000.0,360,180,360,1000,28.11768697974228
6.0,0.0005,0.0,36.31402820698287,0.03817950976822141,0.08548094604043971,89.76247883582913,-2.5227527750826034e-14,1.4525611282793148e-13,4.184199037168512e-16,1.5271803907288563e-16,3.4192378416175887e-16,4.8910539549569374e-15,ACBI1,9.26,36000.0,360,180,360,1000,33.93221771895326
6.0,0.0005,0.0,31.44982254403636,0.035523918233426495,0.08551417129262306,99.69967733501001,-2.5094762180758794e-14,1.2579929017614544e-13,3.748620429160641e-16,1.4209567293370599e-16,3.4205668517049225e-16,4.894112896098217e-15,ACBI1,9.26,36000.0,360,180,360,1000,40.94915062380423
6.0,0.0005,0.0,26.586485487264166,0.03200314216276971,0.0825747472256872,99.61216127165716,-2.4414660536090466e-14,1.0634594194905667e-13,3.2059894795607004e-16,1.2801256865107885e-16,3.3029898890274876e-16,4.8968652982242775e-15,ACBI1,9.26,36000.0,360,180,360,1000,49.417133613238335
6.0,0.0005,0.0,22.01856324396739,0.02802897865303744,0.07719250931497185,90.3060154165824,-2.3184951564676488e-14,8.807425297586955e-14,2.6281472264903837e-16,1.1211591461214976e-16,3.0877003725988743e-16,4.898957793717906e-15,ACBI1,9.26,36000.0,360,180,360,1000,59.63623316594643
6.0,0.0005,0.0,17.959764459116723,0.024003875881337174,0.0702092534311144,84.42683768514291,-2.1512322828652838e-14,7.183905783646689e-14,2.077875785206775e-16,9.60155035253487e-17,2.8083701372445756e-16,4.900148157060237e-15,ACBI1,9.26,36000.0,360,180,360,1000,71.96856730011514
6.0,0.0005,0.0,14.518563429416725,0.020239417767947472,0.06252933115501252,99.77260470348808,-1.9570899505955633e-14,5.80742537176669e-14,1.596444496738922e-16,8.095767107178989e-17,2.5011732462005007e-16,4.900371837000894e-15,ACBI1,9.26,36000.0,360,180,360,1000,86.85113737513521
6.0,0.0005,0.0,11.7082260228839,0.016922739156895846,0.05491343749340237,99.75991053378195,-1.754589148563425e-14,4.6832904091535603e-14,1.2015946882334995e-16,6.769095662758339e-17,2.1965374997360947e-16,4.899734628570177e-15,ACBI1,9.26,36000.0,360,180,360,1000,104.81131341546853
6.0,0.0005,0.0,9.476437368040674,0.014126385566703613,0.047877974697837944,99.81409275168689,-1.558977033484938e-14,3.79057494721627e-14,8.929231521448032e-17,5.650554226681445e-17,1.9151189879135178e-16,4.898450211962362e-15,ACBI1,9.26,36000.0,360,180,360,1000,126.48552168552958
6.0,0.0005,0.0,7.737803704723759,0.011841183962954605,0.041694050748123476,99.81609906613032,-1.3802928812960323e-14,3.0951214818895035e-14,6.596535998531585e-17,4.736473585181842e-17,1.6677620299249391e-16,4.896764119813411e-15,ACBI1,9.26,36000.0,360,180,360,1000,152.6417967175232
6.0,0.0005,0.0,6.398963222917664,0.010012220723166754,0.03644325974958419,99.78884002308422,-1.2235228830663837e-14,2.5595852891670656e-14,4.872056065899323e-17,4.004888289266702e-17,1.4577303899833676e-16,4.894896586782277e-15,ACBI1,9.26,36000.0,360,180,360,1000,184.20699693267144
6.0,0.0005,0.0,5.373542495506777,0.008566829064251423,0.03208751385475689,99.778453398482,-1.0898355742074266e-14,2.149416998202711e-14,3.612870712157422e-17,3.42673162570057e-17,1.2835005541902757e-16,4.893014753885707e-15,ACBI1,9.26,36000.0,360,180,360,1000,222.29964825261933
6.0,0.0005,0.0,4.588708653461573,0.007431917715931728,0.028527880222859493,99.75340046780443,-9.780231878498613e-15,1.8354834613846294e-14,2.697811098105695e-17,2.972767086372691e-17,1.1411152089143798e-16,4.89122860438903e-15,ACBI1,9.26,36000.0,360,180,360,1000,268.26957952797244
6.0,0.0005,0.0,3.9864037184472725,0.0065425348183243215,0.025644512708889487,99.70930821566868,-8.856832911288848e-15,1.594561487378909e-14,2.032197430592315e-17,2.617013927329729e-17,1.0257805083555795e-16,4.889599900592846e-15,ACBI1,9.26,36000.0,360,180,360,1000,323.74575428176433
6.0,0.0005,0.0,3.5219143686768235,0.005844771224438407,0.023319495118875152,99.80879403465572,-8.100137210965975e-15,1.4087657474707293e-14,1.5455786225902358e-17,2.337908489775363e-17,9.32779804755006e-17,4.888155283830489e-15,ACBI1,9.26,36000.0,360,180,360,1000,390.6939937054613
6.0,0.0005,0.0,3.1614926326903956,0.005295635583055745,0.021447639368337892,99.7155671360581,-7.482695560716592e-15,1.2645970530761582e-14,1.1870338991674513e-17,2.118254233222298e-17,8.579055747335157e-17,4.886898535972538e-15,ACBI1,9.26,36000.0,360,180,360,1000,471.486636345739
6.0,0.0005,0.0,2.8799306893515455,0.004861628019488501,0.019940053430548534,99.84699241270928,-6.97983412185376e-15,1.1519722757406183e-14,9.203428647551737e-18,1.9446512077954004e-17,7.976021372219414e-17,4.885820086838462e-15,ACBI1,9.26,36000.0,360,180,360,1000,568.9866029018293
6.0,0.0005,0.0,2.658467887596188,0.004516966490613011,0.018723940697465545,99.85453441519964,-6.570422740134674e-15,1.0633871550384753e-14,7.199224434185451e-18,1.8067865962452042e-17,7.489576278986217e-17,4.884903590199822e-15,ACBI1,9.26,36000.0,360,180,360,1000,686.6488450042998
6.0,0.0005,0.0,2.4831268090500935,0.004241913260264253,0.017740755034395234,99.94282068371191,-6.23687642381222e-15,9.932507236200376e-15,5.677172370506873e-18,1.696765304105701e-17,7.096302013758094e-17,4.884130100863267e-15,ACBI1,9.26,36000.0,360,180,360,1000,828.6427728546843
6.0,0.0005,0.0,2.343449256260682,0.004021365763603496,0.01694386753782002,99.87918166384772,-5.964805313316646e-15,9.373797025042729e-15,4.5093893853761175e-18,1.6085463054413987e-17,6.777547015128008e-17,4.883480529326723e-15,ACBI1,9.26,36000.0,360,180,360,1000,1000.0
6.0,0.0005,0.0,55.33337876379715,0.0004254741392606025,0.0004273498312628452,99.00000000117618,-2.173335154036575e-14,2.213335150551886e-13,3.418763534041419e-18,1.7018965570424103e-18,1.709399325051381e-18,4.8725285266626725e-15,ACBI1,9.26,36000.0,360,180,360,1500,0.1
6.0,0.0005,0.0,55.33337870950873,0.0005129936377817203,0.0005157228315916587,99.00000000028233,-2.17333515575769e-14,2.2133351483803492e-13,4.125739516717394e-18,2.051974551126881e-18,2.062891326366635e-18,4.872539963205619e-15,ACBI1,9.26,36000.0,360,180,360,1500,0.12067926406393285
6.0,0.0005,0.0,55.33337859466221,0.0006184004794120553,0.0006223708088396105,99.00000001059306,-2.1733351593990355e-14,2.2133351437864886e-13,4.978912844114153e-18,2.473601917648221e-18,2.489483235358442e-18,4.872553764801935e-15,ACBI1,9.26,36000.0,360,180,360,1500,0.14563484775012436
6.0,0.0005,0.0,55.33337835184354,0.0007452983390596092,0.0007510729343111453,99.00000001529872,-2.1733351670979844e-14,2.2133351340737418e-13,6.008515486455419e-18,2.9811933562384367e-18,3.004291737244581e-18,4.872570420548237e-15,ACBI1,9.26,36000.0,360,180,360,1500,0.1757510624854792
6.0,0.0005,0.0,55.33337783880946,0.0008979933757227977,0.0009063899012747156,99.00000000093956,-2.1733351833653205e-14,2.2133351135523786e-13,7.251030319100236e-18,3.591973502891191e-18,3.625559605098863e-18,4.872590520685238e-15,ACBI1,9.26,36000.0,360,180,360,1500,0.21209508879201905
6.0,0.0005,0.0,55.33337675578588,0.0010816205657331961,0.0010938255436617173,99.00000008303616,-2.173335217707483e-14,2.2133350702314352e-13,8.75048272698704e-18,4.326482262932785e-18,4.3753021746468695e-18,4.872614777506683e-15,ACBI1,9.26,36000.0,360,180,360,1500,0.2559547922699536
6.0,0.0005,0.0,55.33337447193502,0.0013022879349330588,0.001320021875645508,99.00000014074348,-2.1733352901316513e-14,2.2133349788774006e-13,1.0559998108837611e-17,5.209151739732236e-18,5.280087502582032e-18,4.872644050581083e-15,ACBI1,9.26,36000.0,360,180,360,1500,0.3088843596477481
6.0,0.0005,0.0,55.33336966215161,0.001567238937980573,0.001592994457918003,99.00000037276916,-2.1733354426675058e-14,2.2133347864860645e-13,1.2743678928942706e-17,6.268955751922292e-18,6.3719778316720115e-18,4.872679377163857e-15,ACBI1,9.26,36000.0,360,180,360,1500,0.372759372031494
6.0,0.0005,0.0,55.333359549328875,0.001885031920318471,0.0019224164143353828,99.00000073650833,-2.17333576340993e-14,2.213334381973155e-13,1.537886458515399e-17,7.540127681273885e-18,7.689665657341531e-18,4.8727220088439406e-15,ACBI1,9.26,36000.0,360,180,360,1500,0.44984326689694454
6.0,0.0005,0.0,55.33333832991476,0.0022657335340866645,0.0023199611172176576,99.00000091700777,-2.173336436483615e-14,2.2133335331965906e-13,1.8558847378703383e-17,9.062934136346657e-18,9.27984446887063e-18,4.872773455655253e-15,ACBI1,9.26,36000.0,360,180,360,1500,0.5428675439323859
6.0,0.0005,0.0,55.33329391902626,0.0027211198760236496,0.002799715563106565,99.00000277733511,-2.1733378453620005e-14,2.2133317567610503e-13,2.2396126684559914e-17,1.0884479504094599e-17,1.119886225242626e-17,4.872835539076655e-15,ACBI1,9.26,36000.0,360,180,360,1500,0.6551285568595507
6.0,0.0005,0.0,55.33320126455148,0.0032648746093428813,0.0033786787750242145,99.00000583711878,-2.1733407851521308e-14,2.2133280505820591e-13,2.7026287390062882e-17,1.3059498437371527e-17,1.3514715100096858e-17,4.8729104555238664e-15,ACBI1,9.26,36000.0,360,180,360,1500,0.7906043210907697
6.0,0.0005,0.0,55.333008723776345,0.0039127669675218845,0.004077362104925469,99.00001215167917,-2.1733468952988556e-14,2.2133203489510538e-13,3.2612580062895663e-17,1.5651067870087537e-17,1.6309448419701875e-17,4.8730008520508056e-15,ACBI1,9.26,36000.0,360,180,360,1500,0.9540954763499939
6.0,0.0005,0.0,55.33261058376206,0.004682783736224616,0.004920510753451469,99.00001131256855,-2.1733595327234008e-14,2.2133044233504825e-13,3.935124344483364e-17,1.8731134944898467e-17,1.968204301380588e-17,4.873109915943599e-15,ACBI1,9.26,36000.0,360,180,360,1500,1.151395399326447
6.0,0.0005,0.0,55.3317923313331,0.005595177276413788,0.005937967298614536,99.00006995406365,-2.1733855115574234e-14,2.2132716932533237e-13,4.7477514155220813e-17,2.2380709105655155e-17,2.3751869194458144e-17,4.873241479578939e-15,ACBI1,9.26,36000.0,360,180,360,1500,1.3894954943731375
6.0,0.0005,0.0,55.330123363944864,0.006672375151327158,0.007165696374223411,99.00004549314987,-2.1734385150535653e-14,2.2132049345577944e-13,5.72720566095168e-17,2.6689500605308635e-17,2.8662785496893646e-17,4.8734001411645005e-15,ACBI1,9.26,36000.0,360,180,360,1500,1.6768329368110073
6.0,0.0005,0.0,55.32675077715228,0.00793867376592394,0.008646979895101879,99.00028234942052,-2.1735456554081875e-14,2.2130700310860912e-13,6.906711568268962e-17,3.1754695063695764e-17,3.458791958040752e-17,4.87359140072119e-15,ACBI1,9.26,36000.0,360,180,360,1500,2.0235896477251565
6.0,0.0005,0.0,55.32001261375095,0.009419604522540597,0.010433763589964588,99.00044034095605,-2.173759775925763e-14,2.2128005045500378e-13,8.325087348438937e-17,3.767841809016239e-17,4.173505435985835e-17,4.873821809221452e-15,ACBI1,9.26,36000.0,360,180,360,1500,2.442053094548651
6.0,0.0005,0.0,55.306734241440935,0.011140808929453069,0.012588066008375318,99.00133577202284,-2.1741818098471867e-14,2.2122693696576376e-13,1.0026701521955304e-16,4.456323571781228e-17,5.0352264033501276e-17,4.8740991287000955e-15,ACBI1,9.26,36000.0,360,180,360,1500,2.9470517025518097
6.0,0.0005,0.0,55.28099579965012,0.013126177109595502,0.015183208855833739,99.00225686682734,-2.1749998204167485e-14,2.211239831986005e-13,1.2060402678623517e-16,5.250470843838201e-17,6.073283542333495e-17,4.8744325066120745e-15,ACBI1,9.26,36000.0,360,180,360,1500,3.5564803062231287
6.0,0.0005,0.0,55.232073451177165,0.015394878455322053,0.018304321393088328,99.00268742519526,-2.176553675914863e-14,2.2092829380470868e-13,1.4476492571402908e-16,6.157951382128822e-17,7.321728557235331e-17,4.874832687951873e-15,ACBI1,9.26,36000.0,360,180,360,1500,4.291934260128776
6.0,0.0005,0.0,55.14120438631831,0.01795674081183522,0.022047009596088293,99.00393529710152,-2.179434715907621e-14,2.2056481754527326e-13,1.73202994473006e-16,7.182696324734088e-17,8.818803838435318e-17,4.875312339633945e-15,ACBI1,9.26,36000.0,360,180,360,1500,5.17947467923121
6.0,0.0005,0.0,54.97690176674573,0.02080525916571859,0.026512161579143975,99.00145836187984,-2.1846235814123575e-14,2.1990760706698295e-13,2.0620383284174946e-16,8.322103666287436e-17,1.060486463165759e-16,4.875886662296323e-15,ACBI1,9.26,36000.0,360,180,360,1500,6.25055192527397
6.0,0.0005,0.0,54.68892128129782,0.023907496302234245,0.03179360192666627,99.01638590559352,-2.193647798350194e-14,2.187556851251913e-13,2.4369249933306935e-16,9.562998520893698e-17,1.271744077066651e-16,4.876574614786939e-15,ACBI1,9.26,36000.0,360,180,360,1500,7.543120063354615
6.0,0.0005,0.0,54.20187563282901,0.02719064095116944,0.03795411961893708,99.02695702070564,-2.2086913754519383e-14,2.1680750253131604e-13,2.849549673233622e-16,1.0876256380467776e-16,1.5181647847574833e-16,4.8774011950371645e-15,ACBI1,9.26,36000.0,360,180,360,1500,9.102981779915218
6.0,0.0005,0.0,53.41103832043482,0.030526594102980885,0.04498551949723496,99.03667313575258,-2.23250414834102e-14,2.136441532817393e-13,3.282985868633726e-16,1.2210637641192355e-16,1.7994207798893988e-16,4.878401034372137e-15,ACBI1,9.26,36000.0,360,180,360,1500,10.985411419875584
6.0,0.0005,0.0,52.184786911591885,0.03371916230555952,0.05275217291566942,99.1275576208936,-2.2678611988442798e-14,2.0873914764636754e-13,3.7074797895245635e-16,1.3487664922223807e-16,2.110086916626777e-16,4.879622520251663e-15,ACBI1,9.26,36000.0,360,180,360,1500,13.257113655901081
6.0,0.0005,0.0,50.37924429326871,0.03650279823051283,0.06092786081000601,99.069657256341,-2.3163048171560466e-14,2.0151697717307484e-13,4.079705076104185e-16,1.4601119292205132e-16,2.4371144324002406e-16,4.8811291776253345e-15,ACBI1,9.26,36000.0,360,180,360,1500,15.998587196060573
6.0,0.0005,0.0,47.868822503775114,0.03856469038415591,0.06895252139577271,99.08187387926026,-2.376137305548532e-14,1.9147529001510047e-13,4.3468782701810264e-16,1.5425876153662363e-16,2.7581008558309085e-16,4.8829915330551256e-15,ACBI1,9.26,36000.0,360,180,360,1500,19.306977288832496
6.0,0.0005,0.0,44.58957585508171,0.03959835327458851,0.07605065251641334,99.33864550163537,-2.4402556691268707e-14,1.7835830342032684e-13,4.457410635307943e-16,1.5839341309835405e-16,3.0420261006565336e-16,4.885261295523054e-15,ACBI1,9.26,36000.0,360,180,360,1500,23.29951810515372
6.0,0.0005,0.0,40.58164988098924,0.03938276472481144,0.08134831155944151,99.41647585534017,-2.49521296021486e-14,1.6232659952395696e-13,4.3765150166479273e-16,1.5753105889924575e-16,3.2539324623776605e-16,4.8879262413034755e-15,ACBI1,9.26,36000.0,360,180,360,1500,28.11768697974228
6.0,0.0005,0.0,36.009335404353315,0.03786055184755763,0.08408457318288524,98.4594245396608,-2.5230859364180243e-14,1.4403734161741326e-13,4.100690881621532e-16,1.5144220739023052e-16,3.3633829273154095e-16,4.8908614481155546e-15,ACBI1,9.26,36000.0,360,180,360,1500,33.93221771895326
6.0,0.0005,0.0,31.14153139808774,0.03517672839753235,0.08384703207445145,99.49989932407168,-2.5065122272842256e-14,1.2456612559235096e-13,3.6629524673800457e-16,1.407069135901294e-16,3.3538812829780575e-16,4.893810501927453e-15,ACBI1,9.26,36000.0,360,180,360,1500,40.94915062380423
6.0,0.0005,0.0,26.29403902343772,0.031651639093865924,0.08071838738719338,99.63591372175937,-2.4349791078202055e-14,1.0517615609375089e-13,3.124371756492343e-16,1.266065563754637e-16,3.228735495487735e-16,4.896427208408398e-15,ACBI1,9.26,36000.0,360,180,360,1500,49.417133613238335
6.0,0.0005,0.0,21.75676707072988,0.027695736754952422,0.07525185986753924,99.53764998204291,-2.3089832208939143e-14,8.702706828291952e-14,2.555461729954917e-16,1.107829470198097e-16,3.0100743947015694e-16,4.8983736134061666e-15,ACBI1,9.26,36000.0,360,180,360,1500,59.63623316594643
6.0,0.0005,0.0,17.736741365724605,0.023705449674499588,0.06828770296490574,99.63506714776642,-2.1397106921120153e-14,7.094696546289842e-14,2.0168288434362533e-16,9.482179869799835e-17,2.73150811859623e-16,4.89942732912402e-15,ACBI1,9.26,36000.0,360,180,360,1500,71.96856730011514
6.0,0.0005,0.0,14.336036820494083,0.019984452865568315,0.06070868211572029,99.7162397962266,-1.944736646852168e-14,5.734414728197634e-14,1.5475819023871028e-16,7.993781146227326e-17,2.4283472846288114e-16,4.899540912674564e-15,ACBI1,9.26,36000.0,360,180,360,1500,86.85113737513521
6.0,0.0005,0.0,11.563302083250596,0.016712753104886034,0.05324484254996053,99.77077457653873,-1.742431128921794e-14,4.6253208333002386e-14,1.1639065520883503e-16,6.685101241954413e-17,2.1297937019984213e-16,4.898829414512967e-15,ACBI1,9.26,36000.0,360,180,360,1500,104.81131341546853
6.0,0.0005,0.0,9.363759745519948,0.013958001992591486,0.04638327734515817,99.86139851674776,-1.5477262819554973e-14,3.745503898207979e-14,8.646063558501308e-17,5.583200797036594e-17,1.855331093806327e-16,4.897507049618195e-15,ACBI1,9.26,36000.0,360,180,360,1500,126.48552168552958
6.0,0.0005,0.0,7.6513044091852445,0.011708536994241583,0.04037305487834421,99.74497794828602,-1.3703296780839008e-14,3.060521763674098e-14,6.387245983011229e-17,4.683414797696634e-17,1.6149221951337683e-16,4.895813648181441e-15,ACBI1,9.26,36000.0,360,180,360,1500,152.6417967175232
6.0,0.0005,0.0,6.332945637038057,0.009908787359486972,0.03528231673950597,99.25562562620446,-1.2149651921741813e-14,2.533178254815223e-14,4.718620946733337e-17,3.963514943794789e-17,1.4112926695802388e-16,4.89396102037695e-15,ACBI1,9.26,36000.0,360,180,360,1500,184.20699693267144
6.0,0.0005,0.0,5.323177583107981,0.008486514397262735,0.03106665799644525,99.845526932325,-1.0826323507302787e-14,2.1292710332431925e-14,3.5005540498055477e-17,3.394605758905094e-17,1.24266631985781e-16,4.892107943483012e-15,ACBI1,9.26,36000.0,360,180,360,1500,222.29964825261933
6.0,0.0005,0.0,4.550147277856281,0.007369535952138974,0.027625634295697244,99.75741423726838,-9.72034979815391e-15,1.8200589111425125e-14,2.6153123211113374e-17,2.9478143808555896e-17,1.1050253718278899e-16,4.89035757843908e-15,ACBI1,9.26,36000.0,360,180,360,1500,268.26957952797244
6.0,0.0005,0.0,3.9566916410938164,0.006493912227293519,0.024840598072775708,99.87555455566164,-8.807380245166923e-15,1.5826766564375268e-14,1.9711856280921994e-17,2.597564890917408e-17,9.936239229110284e-17,4.8887668182961714e-15,ACBI1,9.26,36000.0,360,180,360,1500,323.74575428176433
6.0,0.0005,0.0,3.4988342589922587,0.005806659266629326,0.022596061286068097,99.78432176478735,-8.059394135879175e-15,1.3995337035969036e-14,1.5000521363337383e-17,2.3226637066517304e-17,9.038424514427239e-17,4.887359197739629e-15,ACBI1,9.26,36000.0,360,180,360,1500,390.6939937054613
6.0,0.0005,0.0,3.1433996813004046,0.005265554251035976,0.020789603331910912,99.83527473265558,-7.449104390677696e-15,1.2573598725201619e-14,1.1527195326846e-17,2.1062217004143906e-17,8.315841332764366e-17,4.886136741408033e-15,ACBI1,9.26,36000.0,360,180,360,1500,471.486636345739
6.0,0.0005,0.0,2.8656101065945463,0.0048377025524554045,0.0193349767716216,99.80656062894396,-6.9520585694134084e-15,1.1462440426378187e-14,8.942095422508825e-18,1.9350810209821616e-17,7.73399070864864e-17,4.885089050548941e-15,ACBI1,9.26,36000.0,360,180,360,1500,568.9866029018293
6.0,0.0005,0.0,2.647021809952885,0.0044977843969104935,0.018161709293943885,99.86238720876509,-6.547352207626849e-15,1.0588087239811539e-14,6.998162185037968e-18,1.7991137587641974e-17,7.264683717577554e-17,4.8841995380862724e-15,ACBI1,9.26,36000.0,360,180,360,1500,686.6488450042998
6.0,0.0005,0.0,2.473888798795453,0.0042264091896784374,0.01721320645061073,99.86229763830843,-6.21760484544096e-15,9.895555195181812e-15,5.520987121929473e-18,1.690563675871375e-17,6.885282580244293e-17,4.883449360805803e-15,ACBI1,9.26,36000.0,360,180,360,1500,828.6427728546843
6.0,0.0005,0.0,2.3359214122159537,0.0040087329586264535,0.01644443617375327,99.80631371738296,-5.948601112161002e-15,9.343685648863815e-15,4.38698751176435e-18,1.6034931834505814e-17,6.577774469501308e-17,4.882819711455989e-15,ACBI1,9.26,36000.0,360,180,360,1500,1000.0
