t,initial_BPD_ec_conc,initial_BPD_ic_conc,degradation,Ternary,all_Ternary,Dmax,total_target,total_target_ub,total_naked_ternary,total_ternary,total_bpd_ic,PROTAC,Kd_T_binary,kon_T_binary,kub,kde_ub,kdeg_UPS,kdeg_Ternary,alpha
6.0,0.0005,0.0,55.333378808294285,0.0004254741396013534,0.0004273498316086176,99.00000000008757,2.2133351523317717e-13,3.418764245764483e-18,1.7018965584054134e-18,1.7093993264344706e-18,4.872528526671877e-15,ACBI1,9.26,36000.0,360,180,10,360,0.1
6.0,0.0005,0.0,55.33337880359925,0.0005129936386504552,0.0005157228324750965,99.00000000030182,2.2133351521439703e-13,4.125741022865471e-18,2.051974554601821e-18,2.0628913299003862e-18,4.872539963225048e-15,ACBI1,9.26,36000.0,360,180,10,360,0.12067926406393285
6.0,0.0005,0.0,55.33337879348811,0.0006184004816249897,0.0006223708110958091,99.00000000060805,2.2133351517395244e-13,4.978916029904598e-18,2.4736019264999592e-18,2.489483244383237e-18,4.8725537648428826e-15,ACBI1,9.26,36000.0,360,180,10,360,0.14563484775012436
6.0,0.0005,0.0,55.33337877166159,0.0007452983446909805,0.0007510729400703438,99.00000000128092,2.2133351508664637e-13,6.008522221096575e-18,2.9811933787639222e-18,3.0042917602813756e-18,4.8725704206345125e-15,ACBI1,9.26,36000.0,360,180,10,360,0.1757510624854792
6.0,0.0005,0.0,55.333378724409165,0.0008979933900357578,0.0009063899159665359,99.00000000417897,2.2133351489763668e-13,7.251044545790707e-18,3.591973560143032e-18,3.625559663866144e-18,4.872590520866701e-15,ACBI1,9.26,36000.0,360,180,10,360,0.21209508879201905
6.0,0.0005,0.0,55.33337862178859,0.0010816206020578239,0.0010938255811116387,99.00000000541641,2.2133351448715434e-13,8.750512754344355e-18,4.326482408231296e-18,4.375302324446555e-18,4.872614777887692e-15,ACBI1,9.26,36000.0,360,180,10,360,0.2559547922699536
6.0,0.0005,0.0,55.33337839816323,0.0013022880269549192,0.001320021971013481,99.00000000062221,2.2133351359265292e-13,1.0560061418479192e-17,5.209152107819677e-18,5.280087884053924e-18,4.872644051379575e-15,ACBI1,9.26,36000.0,360,180,10,360,0.3088843596477481
6.0,0.0005,0.0,55.33337790908617,0.0015672391705911662,0.0015929947004790395,99.00000002111938,2.2133351163634467e-13,1.2743812237490542e-17,6.268956682364665e-18,6.3719788019161584e-18,4.8726793788328734e-15,ACBI1,9.26,36000.0,360,180,10,360,0.372759372031494
6.0,0.0005,0.0,55.33337683548333,0.0018850325067412187,0.001922417030317135,99.00000000235494,2.2133350734193332e-13,1.5379144839799033e-17,7.540130026964875e-18,7.68966812126854e-18,4.872722012321835e-15,ACBI1,9.26,36000.0,360,180,10,360,0.44984326689694454
6.0,0.0005,0.0,55.33337447009059,0.002265735007699103,0.0023199626784440224,99.00000014166655,2.2133349788036236e-13,1.8559435402743515e-17,9.062940030796412e-18,9.27985071377609e-18,4.872773462875261e-15,ACBI1,9.26,36000.0,360,180,10,360,0.5428675439323859
6.0,0.0005,0.0,55.33336924063258,0.002721123564442425,0.0027997195103151413,99.00000068338746,2.2133347696253034e-13,2.2397357485703803e-17,1.08844942577697e-17,1.1198878041260567e-17,4.872835553997337e-15,ACBI1,9.26,36000.0,360,180,10,360,0.6551285568595507
6.0,0.0005,0.0,55.333357644801175,0.0032648837970752917,0.003378688723470461,99.00000094749495,2.213334305792047e-13,2.7028855941051472e-17,1.3059535188301166e-17,1.3514754893881844e-17,4.872910486188633e-15,ACBI1,9.26,36000.0,360,180,10,360,0.7906043210907697
6.0,0.0005,0.0,55.33333187485976,0.003912789720310899,0.004077387079742879,99.00000070447472,2.2133332749943904e-13,3.2617920746624496e-17,1.56511588812436e-17,1.6309548318971518e-17,4.873000914650114e-15,ACBI1,9.26,36000.0,360,180,10,360,0.9540954763499939
6.0,0.0005,0.0,55.3332745393896,0.004682839682584248,0.004920573138830389,99.00000343070303,2.2133309815755838e-13,3.936229815877512e-17,1.8731358730336995e-17,1.9682292555321558e-17,4.873110042694538e-15,ACBI1,9.26,36000.0,360,180,10,360,1.151395399326447
6.0,0.0005,0.0,55.333147011387766,0.0055953136601403905,0.0059381221597965455,99.00000843236917,2.2133258804555107e-13,4.750027006774175e-17,2.2381254640561564e-17,2.375248863918618e-17,4.873241733687024e-15,ACBI1,9.26,36000.0,360,180,10,360,1.3894954943731375
6.0,0.0005,0.0,55.332863960802335,0.006672704172053229,0.0071660777959331725,99.00001678109238,2.2133145584320933e-13,5.731858295422527e-17,2.6690816688212914e-17,2.866431118373269e-17,4.873400644485187e-15,ACBI1,9.26,36000.0,360,180,10,360,1.6768329368110073
6.0,0.0005,0.0,55.33223846203139,0.00793945760834767,0.00864791027065125,99.00005214681858,2.2132895384812557e-13,6.91614605640379e-17,3.175783043339068e-17,3.4591641082604997e-17,4.873592383166116e-15,ACBI1,9.26,36000.0,360,180,10,360,2.0235896477251565
6.0,0.0005,0.0,55.33086586861129,0.0094214440182658,0.010436006125074372,99.00012758503917,2.2132346347444518e-13,8.344027877461311e-17,3.76857760730632e-17,4.174402450029749e-17,4.873823693102601e-15,ACBI1,9.26,36000.0,360,180,10,360,2.442053094548651
6.0,0.0005,0.0,55.327884032143125,0.01114504914281068,0.012593393581271196,99.00000127111502,2.213115361285725e-13,1.0064270673123322e-16,4.4580196571242727e-17,5.037357432508479e-17,4.874102664133118e-15,ACBI1,9.26,36000.0,360,180,10,360,2.9470517025518097
6.0,0.0005,0.0,55.3214932102445,0.013135746379963427,0.015195646821401194,99.00033517047854,2.2128597284097798e-13,1.213385540210305e-16,5.2542985519853714e-17,6.078258728560478e-17,4.874438970471935e-15,ACBI1,9.26,36000.0,360,180,10,360,3.5564803062231287
6.0,0.0005,0.0,55.308031302565475,0.015415944510581986,0.01833276334200713,99.00139680188204,2.2123212521026192e-13,1.4617662284189526e-16,6.166377804232794e-17,7.333105336802853e-17,4.874844137484864e-15,ACBI1,9.26,36000.0,360,180,10,360,4.291934260128776
6.0,0.0005,0.0,55.280276771522985,0.018001795794422147,0.022110478467105687,99.0017018393763,2.2112110708609194e-13,1.758617794450475e-16,7.200718317768859e-17,8.844191386842275e-17,4.875331854769528e-15,ACBI1,9.26,36000.0,360,180,10,360,5.17947467923121
6.0,0.0005,0.0,55.22451879208469,0.020898463460624784,0.02664981761673456,99.00331220624416,2.2089807516833875e-13,2.1109361316961702e-16,8.359385384249914e-17,1.0659927046693823e-16,4.875918400887192e-15,ACBI1,9.26,36000.0,360,180,10,360,6.25055192527397
6.0,0.0005,0.0,55.11588261669169,0.02409309856052757,0.03208249552711889,99.00304063423842,2.2046353046676676e-13,2.524380023663888e-16,9.637239424211028e-17,1.2832998210847557e-16,4.876623357122916e-15,ACBI1,9.26,36000.0,360,180,10,360,7.543120063354615
6.0,0.0005,0.0,54.91162794006753,0.02754460128231869,0.03853794547582456,99.04017428951806,2.1964651176027012e-13,3.000946481697562e-16,1.1017840512927475e-16,1.5415178190329824e-16,4.877470988999524e-15,ACBI1,9.26,36000.0,360,180,10,360,9.102981779915218
6.0,0.0005,0.0,54.54296939875071,0.031169548537118598,0.04611565311633234,99.03575809921904,2.1817187759500282e-13,3.5352821754389693e-16,1.246781941484744e-16,1.8446261246532936e-16,4.878492911547998e-15,ACBI1,9.26,36000.0,360,180,10,360,10.985411419875584
6.0,0.0005,0.0,53.907719575067844,0.03482522270258712,0.05483559475980735,99.0448626094072,2.156308783002714e-13,4.1096914334374936e-16,1.393008908103485e-16,2.1934237903922941e-16,4.879732628873224e-15,ACBI1,9.26,36000.0,360,180,10,360,13.257113655901081
6.0,0.0005,0.0,52.86864761467357,0.038294317055931476,0.06456335969950357,99.03694622624931,2.114745904586943e-13,4.688878168245561e-16,1.5317726822372592e-16,2.582534387980143e-16,4.881251497054797e-15,ACBI1,9.26,36000.0,360,180,10,360,15.998587196060573
6.0,0.0005,0.0,51.26471570866197,0.04128144437422201,0.0749197464460576,99.01536307978327,2.0505886283464788e-13,5.217050876807636e-16,1.6512577749688802e-16,2.9967898578423045e-16,4.883132525700072e-15,ACBI1,9.26,36000.0,360,180,10,360,19.306977288832496
6.0,0.0005,0.0,48.94156258827028,0.04343601000048673,0.08520906935330089,99.08378969370564,1.9576625035308113e-13,5.621471425774859e-16,1.7374404000194693e-16,3.4083627741320357e-16,4.8854731361976355e-15,ACBI1,9.26,36000.0,360,180,10,360,23.29951810515372
6.0,0.0005,0.0,45.8005027288286,0.04441277287948474,0.09442605868955349,99.42655481475406,1.832020109153144e-13,5.825972986204988e-16,1.7765109151793896e-16,3.7770423475821397e-16,4.888354317924514e-15,ACBI1,9.26,36000.0,360,180,10,360,28.11768697974228
6.0,0.0005,0.0,41.851952156958625,0.043964581516986886,0.10140076342618136,99.13459987925924,1.6740780862783448e-13,5.773501192831374e-16,1.7585832606794756e-16,4.056030537047254e-16,4.891780466830901e-15,ACBI1,9.26,36000.0,360,180,10,360,33.93221771895326
6.0,0.0005,0.0,37.24718823123273,0.04203557964822275,0.10508560587362624,99.46690790828937,1.489887529249309e-13,5.449333195949969e-16,1.6814231859289101e-16,4.203424234945049e-16,4.895608103143138e-15,ACBI1,9.26,36000.0,360,180,10,360,40.94915062380423
6.0,0.0005,0.0,32.264477091703455,0.03880704347688803,0.10488975633832996,88.62014868473,1.2905790836681384e-13,4.892024322295207e-16,1.552281739075521e-16,4.195590253533199e-16,4.899510672974275e-15,ACBI1,9.26,36000.0,360,180,10,360,49.417133613238335
6.0,0.0005,0.0,27.247182709404587,0.03466295016575701,0.10089620893901094,99.6653394307664,1.0898873083761835e-13,4.18365037146691e-16,1.3865180066302807e-16,4.0358483575604376e-16,4.903027482453956e-15,ACBI1,9.26,36000.0,360,180,10,360,59.63623316594643
6.0,0.0005,0.0,22.519553135628286,0.03008551809154711,0.09383634446563681,99.71405668434356,9.007821254251314e-14,3.4233066325247446e-16,1.2034207236618843e-16,3.753453778625473e-16,4.905696756373731e-15,ACBI1,9.26,36000.0,360,180,10,360,71.96856730011514
6.0,0.0005,0.0,18.317981471643037,0.02553041885342173,0.0848356862375761,99.81922250983811,7.327192588657215e-14,2.698033070349611e-16,1.0212167541368693e-16,3.3934274495030443e-16,4.907207661542887e-15,ACBI1,9.26,36000.0,360,180,10,360,86.85113737513521
6.0,0.0005,0.0,14.7624915982377,0.02133605303709041,0.07507255841556226,98.03980489586391,5.904996639295081e-14,2.06474499642862e-16,8.534421214836164e-17,3.0029023366224904e-16,4.907487011860012e-15,ACBI1,9.26,36000.0,360,180,10,360,104.81131341546853
6.0,0.0005,0.0,11.86810472675382,0.017692243883378398,0.06550932303199941,99.75049169417089,4.747241890701528e-14,1.5474522248181017e-16,7.07689755335136e-17,2.6203729212799766e-16,4.906683881660083e-15,ACBI1,9.26,36000.0,360,180,10,360,126.48552168552958
6.0,0.0005,0.0,9.578395714644497,0.014658827596135977,0.056773927288153565,99.60682794337012,3.831358285857799e-14,1.1451118271262924e-16,5.86353103845439e-17,2.2709570915261426e-16,4.905081814813716e-15,ACBI1,9.26,36000.0,360,180,10,360,152.6417967175232
6.0,0.0005,0.0,7.801756111070538,0.012207721699999258,0.049173828689020885,99.80355244696166,3.120702444428215e-14,8.42685621998898e-17,4.883088679999703e-17,1.9669531475608354e-16,4.902997343814358e-15,ACBI1,9.26,36000.0,360,180,10,360,184.20699693267144
6.0,0.0005,0.0,6.438861012266014,0.010265237946012785,0.04277889446226113,99.84728000719515,2.5755444049064058e-14,6.202716380780898e-17,4.1060951784051145e-17,1.7111557784904454e-16,4.9007074511041784e-15,ACBI1,9.26,36000.0,360,180,10,360,222.29964825261933
6.0,0.0005,0.0,5.398608055045181,0.008743098417813974,0.03751588693761011,99.79629798477319,2.1594432220180728e-14,4.586366932019341e-17,3.4972393671255897e-17,1.5006354775044045e-16,4.8984171853571246e-15,ACBI1,9.26,36000.0,360,180,10,360,268.26957952797244
6.0,0.0005,0.0,4.604800262265536,0.007556482936636642,0.033243932436020654,99.82600570028549,1.8419201049062144e-14,3.4166164165879164e-17,3.022593174654657e-17,1.3297572974408262e-16,4.896257736337363e-15,ACBI1,9.26,36000.0,360,180,10,360,323.74575428176433
6.0,0.0005,0.0,3.9971442923882923,0.006632160781588189,0.02980340071658825,99.79867117408071,1.598857716955317e-14,2.5687343442090602e-17,2.6528643126352755e-17,1.19213602866353e-16,4.894299981132412e-15,ACBI1,9.26,36000.0,360,180,10,360,390.6939937054613
6.0,0.0005,0.0,3.529505316321823,0.0059105988188478936,0.027042425672925054,99.82010142156237,1.4118021265287292e-14,1.9506744358588377e-17,2.3642395275391577e-17,1.0816970269170023e-16,4.892572092972205e-15,ACBI1,9.26,36000.0,360,180,10,360,471.486636345739
6.0,0.0005,0.0,3.1672563451221056,0.0053450685601985,0.024828449735776605,99.80583815846997,1.2669025380488423e-14,1.496370634671453e-17,2.1380274240794002e-17,9.931379894310643e-17,4.891075224639181e-15,ACBI1,9.26,36000.0,360,180,10,360,568.9866029018293
6.0,0.0005,0.0,2.8846552639595036,0.0048996131660492106,0.023051200624672294,99.82795906322352,1.1538621055838015e-14,1.1591037770128158e-17,1.9598452664196842e-17,9.220480249868918e-17,4.889795263783792e-15,ACBI1,9.26,36000.0,360,180,10,360,686.6488450042998
6.0,0.0005,0.0,2.66261987606631,0.004546839459003149,0.021621454388101386,99.86553034694768,1.0650479504265241e-14,9.060355277320956e-18,1.8187357836012598e-17,8.648581755240555e-17,4.888710736757235e-15,ACBI1,9.26,36000.0,360,180,10,360,828.6427728546843
6.0,0.0005,0.0,2.4869802814214337,0.004265949902982645,0.020468133801044557,99.88825117063037,9.947921125685734e-15,7.140831349051428e-18,1.706379961193058e-17,8.187253520417822e-17,4.8877976949101526e-15,ACBI1,9.26,36000.0,360,180,10,360,1000.0
6.0,0.0005,0.0,55.33337878639736,0.00042547413943366856,0.0004273498314395206,99.0000000005389,2.2133351514558945e-13,3.418763895410709e-18,1.7018965577346744e-18,1.7093993257580823e-18,4.8725285266673236e-15,ACBI1,9.26,36000.0,360,180,100,360,0.1
6.0,0.0005,0.0,55.3333787573655,0.0005129936382235788,0.0005157228320442343,99.00000000159,2.2133351502946203e-13,4.125740282550956e-18,2.051974552894315e-18,2.0628913281769374e-18,4.872539963215493e-15,ACBI1,9.26,36000.0,360,180,100,360,0.12067926406393285
6.0,0.0005,0.0,55.33337869596423,0.0006184004805395362,0.0006223708099990227,99.00000000159058,2.2133351478385691e-13,4.978914466784285e-18,2.4736019221581447e-18,2.489483239996091e-18,4.872553764822727e-15,ACBI1,9.26,36000.0,360,180,100,360,0.14563484775012436
6.0,0.0005,0.0,55.33337856617757,0.0007452983419346266,0.0007510729372815411,99.0000000107111,2.213335142647103e-13,6.008518923729785e-18,2.9811933677385064e-18,3.0042917491261644e-18,4.8725704205921814e-15,ACBI1,9.26,36000.0,360,180,100,360,0.1757510624854792
6.0,0.0005,0.0,55.333378292039015,0.0008979933830477586,0.0009063899088850402,99.00000000604291,2.2133351316815608e-13,7.251037597801567e-18,3.591973532191034e-18,3.625559635540161e-18,4.872590520777807e-15,ACBI1,9.26,36000.0,360,180,100,360,0.21209508879201905
6.0,0.0005,0.0,55.33337771349374,0.0010816205843762149,0.0010938255631591633,99.00000004001039,2.2133351085397496e-13,8.750498133581637e-18,4.3264823375048595e-18,4.375302252636654e-18,4.872614777701544e-15,ACBI1,9.26,36000.0,360,180,100,360,0.2559547922699536
6.0,0.0005,0.0,55.33337649380458,0.0013022879823203365,0.001320021925590662,99.00000001413967,2.2133350597521832e-13,1.0560030701213397e-17,5.209151929281346e-18,5.2800877023626485e-18,4.872644050990573e-15,ACBI1,9.26,36000.0,360,180,100,360,0.3088843596477481
6.0,0.0005,0.0,55.333373925722874,0.0015672390582353395,0.0015929945858216624,99.00000005786376,2.2133349570289149e-13,1.274374782705581e-17,6.268956232941359e-18,6.371978343286649e-18,4.8726793780225295e-15,ACBI1,9.26,36000.0,360,180,100,360,0.372759372031494
6.0,0.0005,0.0,55.333368526911165,0.001885032224870998,0.001922416741712084,99.00000005865938,2.2133347410764467e-13,1.5379010091500678e-17,7.540128899483992e-18,7.689666966848337e-18,4.8727220106400585e-15,ACBI1,9.26,36000.0,360,180,100,360,0.44984326689694454
6.0,0.0005,0.0,55.33335719840666,0.002265734303427663,0.0023199619544478733,99.00000046069167,2.2133342879362668e-13,1.855915428789031e-17,9.062937213710652e-18,9.279847817791494e-18,4.8727734594002455e-15,ACBI1,9.26,36000.0,360,180,100,360,0.5428675439323859
6.0,0.0005,0.0,55.333333481641844,0.0027211218133038023,0.002799717701438074,99.00000105396852,2.2133333392656737e-13,2.2396772964798364e-17,1.088448725321521e-17,1.1198870805752296e-17,4.8728355468554566e-15,ACBI1,9.26,36000.0,360,180,100,360,0.6551285568595507
6.0,0.0005,0.0,55.333283967281254,0.0032648794681647427,0.0033786842258907743,99.00000010161017,2.2133313586912502e-13,2.7027645369841767e-17,1.305951787265897e-17,1.35147369035631e-17,4.872910471604636e-15,ACBI1,9.26,36000.0,360,180,100,360,0.7906043210907697
6.0,0.0005,0.0,55.33318094381715,0.003912779092895748,0.004077375961404535,99.0000059348066,2.2133272377526861e-13,3.261542545126727e-17,1.5651116371582994e-17,1.6309503845618142e-17,4.873000885098462e-15,ACBI1,9.26,36000.0,360,180,100,360,0.9540954763499939
6.0,0.0005,0.0,55.33296746810667,0.0046828138066990375,0.0049205458418392235,99.00001664486688,2.213318698724267e-13,3.9357183653897546e-17,1.8731255226796152e-17,1.9682183367356896e-17,4.8731099833675076e-15,ACBI1,9.26,36000.0,360,180,100,360,1.151395399326447
6.0,0.0005,0.0,55.33252734358576,0.005595251270646521,0.005938055686858659,99.00002274877852,2.2133010937434303e-13,4.7489857034199906e-17,2.2381005082586086e-17,2.3752222747434637e-17,4.873241615905662e-15,ACBI1,9.26,36000.0,360,180,100,360,1.3894954943731375
6.0,0.0005,0.0,55.331625481850786,0.006672555476773992,0.00716591747873019,99.00005506019149,2.2132650192740318e-13,5.729754953507372e-17,2.669022190709597e-17,2.866366991492076e-17,4.873400413767676e-15,ACBI1,9.26,36000.0,360,180,100,360,1.6768329368110073
6.0,0.0005,0.0,55.3297912122473,0.007939108023763384,0.008647528001473602,99.00011913698509,2.213191648489892e-13,6.911937000583369e-17,3.175643209505354e-17,3.459011200589441e-17,4.873591938438725e-15,ACBI1,9.26,36000.0,360,180,100,360,2.0235896477251565
6.0,0.0005,0.0,55.32609422315272,0.009420635210454258,0.010435106729527738,99.00002409820473,2.2130437689261088e-13,8.335696961326319e-17,3.7682540841817035e-17,4.174042691811095e-17,4.873822852282007e-15,ACBI1,9.26,36000.0,360,180,100,360,2.442053094548651
6.0,0.0005,0.0,55.31872433231882,0.011143212582377805,0.01259131031599853,99.00068338546365,2.212748973292753e-13,1.0047991801329509e-16,4.4572850329511225e-17,5.0365241263994127e-17,4.874101111064554e-15,ACBI1,9.26,36000.0,360,180,100,360,2.9470517025518097
6.0,0.0005,0.0,55.30422617601898,0.013131665861421105,0.01519090826480947,99.00036618038412,2.2121690470407592e-13,1.210251827929218e-16,5.252666344568442e-17,6.076363305923788e-17,4.874436181515127e-15,ACBI1,9.26,36000.0,360,180,100,360,3.5564803062231287
6.0,0.0005,0.0,55.27615620253198,0.015407103310017092,0.018322209266988385,99.00252990957725,2.211046248101279e-13,1.4558375939983586e-16,6.162841324006837e-17,7.328883706795354e-17,4.874839297909002e-15,ACBI1,9.26,36000.0,360,180,100,360,4.291934260128776
6.0,0.0005,0.0,55.222834995850164,0.017983184313245214,0.02208753306273706,99.0044071686402,2.2089133998340067e-13,1.747624478543685e-16,7.193273725298086e-17,8.835013225094825e-17,4.875323803350091e-15,ACBI1,9.26,36000.0,360,180,100,360,5.17947467923121
6.0,0.0005,0.0,55.12381159117052,0.020860552285661645,0.026601293616719514,99.01507507101331,2.204952463646821e-13,2.0910187381903343e-16,8.344220914264658e-17,1.0640517446687806e-16,4.8759056935764594e-15,ACBI1,9.26,36000.0,360,180,100,360,6.25055192527397
6.0,0.0005,0.0,54.9447523479068,0.024018699096923675,0.03198306344871058,99.01330549452476,2.197790093916272e-13,2.4892473832014397e-16,9.60747963876947e-17,1.2793225379484233e-16,4.8766046145635315e-15,ACBI1,9.26,36000.0,360,180,100,360,7.543120063354615
6.0,0.0005,0.0,54.630917884832364,0.027404595563699535,0.0383413630632375,99.02888753913997,2.1852367153932947e-13,2.94086400100117e-16,1.0961838225479815e-16,1.5336545225295e-16,4.877445748626921e-15,ACBI1,9.26,36000.0,360,180,100,360,9.102981779915218
6.0,0.0005,0.0,54.1004550136396,0.030918179866661163,0.04574245935700921,99.06453627805838,2.1640182005455842e-13,3.436151616482148e-16,1.2367271946664466e-16,1.8296983742803685e-16,4.878463125923776e-15,ACBI1,9.26,36000.0,360,180,100,360,10.985411419875584
6.0,0.0005,0.0,53.24053439939029,0.03439691919107197,0.054158925301327716,99.04294188964616,2.129621375975612e-13,3.9528039097134274e-16,1.375876767642879e-16,2.1663570120531087e-16,4.87970451888183e-15,ACBI1,9.26,36000.0,360,180,100,360,13.257113655901081
6.0,0.0005,0.0,51.91148389714706,0.03760556778231689,0.0633983961133624,99.0789250558066,2.0764593558858827e-13,4.452270371415553e-16,1.5042227112926757e-16,2.535935844534496e-16,4.881236466520287e-15,ACBI1,9.26,36000.0,360,180,100,360,15.998587196060573
6.0,0.0005,0.0,49.9649837424825,0.04024192626002996,0.07302736487962447,99.15513873446552,1.9985993496993e-13,4.879448713650005e-16,1.6096770504011986e-16,2.921094595184979e-16,4.883144472671394e-15,ACBI1,9.26,36000.0,360,180,100,360,19.306977288832496
6.0,0.0005,0.0,47.279510974643046,0.04197108075754337,0.08232691283155535,98.88495461355065,1.8911804389857218e-13,5.169046284653622e-16,1.6788432303017349e-16,3.293076513262214e-16,4.885519033343067e-15,ACBI1,9.26,36000.0,360,180,100,360,23.29951810515372
6.0,0.0005,0.0,43.80764340451078,0.042493400188486526,0.09033407423662723,99.08139482870124,1.752305736180431e-13,5.260295692432724e-16,1.6997360075394612e-16,3.6133629694650896e-16,4.8884177259110045e-15,ACBI1,9.26,36000.0,360,180,100,360,28.11768697974228
6.0,0.0005,0.0,39.61797494929441,0.041632902716218646,0.09600911373153477,99.076982359247,1.5847189979717762e-13,5.116952140584498e-16,1.6653161086487458e-16,3.840364549261391e-16,4.891804765783603e-15,ACBI1,9.26,36000.0,360,180,100,360,33.93221771895326
6.0,0.0005,0.0,34.907973634319475,0.03941090929281963,0.09850841490805175,99.35947916740396,1.3963189453727792e-13,4.743836025190441e-16,1.5764363717127852e-16,3.94033659632207e-16,4.895493387285281e-15,ACBI1,9.26,36000.0,360,180,100,360,40.94915062380423
6.0,0.0005,0.0,29.972754312056267,0.03606414534586325,0.09745956921083483,88.55760695642056,1.1989101724822506e-13,4.189866547494017e-16,1.44256581383453e-16,3.898382768433393e-16,4.89913605717799e-15,ACBI1,9.26,36000.0,360,180,100,360,49.417133613238335
6.0,0.0005,0.0,25.13747802020057,0.0319895342880091,0.09309832785569214,61.82834265938369,1.0054991208080228e-13,3.533971867465521e-16,1.2795813715203642e-16,3.7239331142276854e-16,4.902294624813875e-15,ACBI1,9.26,36000.0,360,180,100,360,59.63623316594643
6.0,0.0005,0.0,20.682298153656845,0.02763808743707648,0.08618805318749098,99.63701718501923,8.272919261462738e-14,2.8606538940092756e-16,1.1055234974830594e-16,3.4475221274996397e-16,4.90457185743591e-15,ACBI1,9.26,36000.0,360,180,100,360,71.96856730011514
6.0,0.0005,0.0,16.79137761852133,0.023406957055003678,0.07776677690816605,99.7127208093702,6.716551047408533e-14,2.2376866410051386e-16,9.362782822001471e-17,3.1106710763266424e-16,4.905736900092898e-15,ACBI1,9.26,36000.0,360,180,100,360,86.85113737513521
6.0,0.0005,0.0,13.540525761711963,0.019572188457881307,0.06885565658777258,99.61064285065753,5.4162103046847855e-14,1.7050559138447955e-16,7.828875383152523e-17,2.754226263510903e-16,4.9057784249610264e-15,ACBI1,9.26,36000.0,360,180,100,360,104.81131341546853
6.0,0.0005,0.0,10.916630193049128,0.01627490759688306,0.06025282713890657,99.8133710887314,4.366652077219651e-14,1.2760041606077193e-16,6.509963038753224e-17,2.410113085556263e-16,4.904870059584763e-15,ACBI1,9.26,36000.0,360,180,100,360,126.48552168552958
6.0,0.0005,0.0,8.851125474048684,0.01354629218425923,0.052458386370376815,99.79015457967941,3.540450189619474e-14,9.450829472051913e-17,5.418516873703693e-17,2.0983354548150726e-16,4.903284561104729e-15,ACBI1,9.26,36000.0,360,180,100,360,152.6417967175232
6.0,0.0005,0.0,7.251716421873176,0.011347290076933919,0.04570276779079641,99.53349644609459,2.9006865687492705e-14,6.973500581585115e-17,4.538916030773568e-17,1.8281107116318565e-16,4.90130712908882e-15,ACBI1,9.26,36000.0,360,180,100,360,184.20699693267144
6.0,0.0005,0.0,6.02458854550804,0.009604932797643373,0.04002319346808741,99.77812291246735,2.4098354182032162e-14,5.153026202617402e-17,3.8419731190573496e-17,1.6009277387234964e-16,4.899178616169844e-15,ACBI1,9.26,36000.0,360,180,100,360,222.29964825261933
6.0,0.0005,0.0,5.086363814124685,0.008237550413314412,0.03534356373832729,99.76701508146972,2.034545525649874e-14,3.827897156398999e-17,3.295020165325765e-17,1.4137425495330916e-16,4.8970732027545776e-15,ACBI1,9.26,36000.0,360,180,100,360,268.26957952797244
6.0,0.0005,0.0,4.368471299859016,0.007168799960363219,0.03153599847857715,99.78177683510246,1.7473885199436067e-14,2.8657525526324824e-17,2.8675199841452874e-17,1.2614399391430862e-16,4.895100214311643e-15,ACBI1,9.26,36000.0,360,180,100,360,323.74575428176433
6.0,0.0005,0.0,3.8171258059527147,0.006333601833113644,0.02845990773761997,99.83559619598593,1.526850322381086e-14,2.165308975472044e-17,2.5334407332454577e-17,1.1383963095047988e-16,4.893317328498871e-15,ACBI1,9.26,36000.0,360,180,100,360,390.6939937054613
6.0,0.0005,0.0,3.391329677694487,0.005679333446428368,0.025982891716692116,99.8678107340257,1.3565318710777949e-14,1.6521834497208505e-17,2.2717333785713473e-17,1.0393156686676848e-16,4.891746144596276e-15,ACBI1,9.26,36000.0,360,180,100,360,471.486636345739
6.0,0.0005,0.0,3.0603322126776735,0.005164741135321024,0.023989674025630896,99.85502025468563,1.2241328850710693e-14,1.2730375525804674e-17,2.0658964541284096e-17,9.595869610252359e-17,4.8903856200897765e-15,ACBI1,9.26,36000.0,360,180,100,360,568.9866029018293
6.0,0.0005,0.0,2.8012413344906624,0.004758040334823616,0.022384242517425136,99.85119614452445,1.120496533796265e-14,9.90093963309484e-18,1.9032161339294463e-17,8.953697006970054e-17,4.889222010022572e-15,ACBI1,9.26,36000.0,360,180,100,360,686.6488450042998
6.0,0.0005,0.0,2.5970417542484423,0.0044349486423942595,0.021088663491590144,99.81905081395553,1.038816701699377e-14,7.767156444116178e-18,1.7739794569577038e-17,8.435465396636059e-17,4.888235515798471e-15,ACBI1,9.26,36000.0,360,180,100,360,828.6427728546843
6.0,0.0005,0.0,2.435054159167876,0.004176962133951055,0.02004058986077994,99.84604857196288,9.740216636671504e-15,6.141007252572196e-18,1.670784853580422e-17,8.016235944311977e-17,4.887404391850299e-15,ACBI1,9.26,36000.0,360,180,100,360,1000.0
6.0,0.0005,0.0,55.33337875918536,0.0004254741392252832,0.00042734983122938056,99.00000000322582,2.2133351503674146e-13,3.418763460326709e-18,1.701896556901133e-18,1.7093993249175225e-18,4.87252852666169e-15,ACBI1,9.26,36000.0,360,180,500,360,0.1
6.0,0.0005,0.0,55.333378699912,0.0005129936376931076,0.0005157228315088117,99.00000000357043,2.21333514799648e-13,4.1257393631969886e-18,2.0519745507724303e-18,2.0628913260352466e-18,4.872539963203608e-15,ACBI1,9.26,36000.0,360,180,500,360,0.12067926406393285
6.0,0.0005,0.0,55.33337857477315,0.0006184004791906643,0.0006223708086360716,99.00000000773855,2.2133351429909262e-13,4.978912525633933e-18,2.4736019167626574e-18,2.4894832345442864e-18,4.8725537647977155e-15,ACBI1,9.26,36000.0,360,180,500,360,0.14563484775012436
6.0,0.0005,0.0,55.33337831082827,0.000745298338509371,0.0007510729338159714,99.00000002137497,2.2133351324331312e-13,6.0085148289141445e-18,2.981193354037484e-18,3.0042917352638854e-18,4.87257042053957e-15,ACBI1,9.26,36000.0,360,180,500,360,0.1757510624854792
6.0,0.0005,0.0,55.333377754743665,0.0008979933743639278,0.0009063899000850476,99.00000003501354,2.2133351101897465e-13,7.251028969473897e-18,3.5919734974557114e-18,3.6255596003401904e-18,4.872590520667357e-15,ACBI1,9.26,36000.0,360,180,500,360,0.21209508879201905
6.0,0.0005,0.0,55.33337658477869,0.001081620562403667,0.0010938255408500755,99.00000010838825,2.2133350633911476e-13,8.750479976836061e-18,4.326482249614668e-18,4.375302163400302e-18,4.872614777470209e-15,ACBI1,9.26,36000.0,360,180,500,360,0.2559547922699536
6.0,0.0005,0.0,55.33337412730703,0.0013022879268539318,0.0013200218691448854,99.00000015463742,2.2133349650922815e-13,1.0559992555029101e-17,5.2091517074157276e-18,5.280087476579542e-18,4.872644050507136e-15,ACBI1,9.26,36000.0,360,180,500,360,0.3088843596477481
6.0,0.0005,0.0,55.33336897569845,0.0015672389186132322,0.00159299444333985,99.00000028409673,2.2133347590279382e-13,1.2743667838943785e-17,6.268955674452928e-18,6.371977773359401e-18,4.872679377015495e-15,ACBI1,9.26,36000.0,360,180,500,360,0.372759372031494
6.0,0.0005,0.0,55.33335820205922,0.0018850318745969653,0.0019224163830697857,99.00000094096659,2.2133343280823688e-13,1.5378842753999756e-17,7.540127498387861e-18,7.689665532279143e-18,4.8727220085498895e-15,ACBI1,9.26,36000.0,360,180,500,360,0.44984326689694454
6.0,0.0005,0.0,55.333335735327914,0.002265733428245068,0.002319961054756227,99.00000285571639,2.2133334294131166e-13,1.855880518403917e-17,9.062933712980274e-18,9.279844219024909e-18,4.8727734550815594e-15,ACBI1,9.26,36000.0,360,180,500,360,0.5428675439323859
6.0,0.0005,0.0,55.33328904487346,0.0027211196372029576,0.0027997154535929713,99.00000422409683,2.2133315617949381e-13,2.2396047073163614e-17,1.0884478548811831e-17,1.1198861814371886e-17,4.872835537979533e-15,ACBI1,9.26,36000.0,360,180,500,360,0.6551285568595507
6.0,0.0005,0.0,55.333192410205854,0.0032648740887278255,0.003378678636867587,99.00000609380271,2.2133276964082342e-13,2.7026142010206642e-17,1.3059496354911302e-17,1.3514714547470347e-17,4.872910453479352e-15,ACBI1,9.26,36000.0,360,180,500,360,0.7906043210907697
6.0,0.0005,0.0,55.33299338613984,0.00391276588647187,0.004077362144959656,99.00002013683165,2.2133197354455936e-13,3.261232664151643e-17,1.565106354588748e-17,1.6309448579838624e-17,4.873000848370541e-15,ACBI1,9.26,36000.0,360,180,500,360,0.9540954763499939
6.0,0.0005,0.0,55.332585880593996,0.0046827816514777906,0.004920511920741434,99.00000850514076,2.21330343522376e-13,3.935083215896975e-17,1.8731126605911162e-17,1.968204768296574e-17,4.873109909632525e-15,ACBI1,9.26,36000.0,360,180,500,360,1.151395399326447
6.0,0.0005,0.0,55.331757307278515,0.005595173741481803,0.005937973083569342,99.00007495008693,2.2132702922911409e-13,4.747692559751734e-17,2.2380694965927212e-17,2.3751892334277366e-17,4.873241469517744e-15,ACBI1,9.26,36000.0,360,180,500,360,1.3894954943731375
6.0,0.0005,0.0,55.33008649269342,0.006672370700784715,0.007165718261319955,99.00010675412429,2.2132034597077369e-13,5.727142961388453e-17,2.668948280313886e-17,2.8662873045279825e-17,4.873400127008228e-15,ACBI1,9.26,36000.0,360,180,500,360,1.6768329368110073
6.0,0.0005,0.0,55.326750223930965,0.007938673623338641,0.008647052987899044,99.00021340053992,2.2130700089572387e-13,6.906710272899848e-17,3.175469449335457e-17,3.458821195159618e-17,4.87359138567509e-15,ACBI1,9.26,36000.0,360,180,500,360,2.0235896477251565
6.0,0.0005,0.0,55.32016518253396,0.009419630216917307,0.010433989178502592,99.00024943392663,2.2128066073013588e-13,8.325352606283319e-17,3.767852086766923e-17,4.1735956714010365e-17,4.8738218071845874e-15,ACBI1,9.26,36000.0,360,180,500,360,2.442053094548651
6.0,0.0005,0.0,55.30734388516231,0.011140930741950487,0.012588721964959006,99.00083129028118,2.2122937554064924e-13,1.0027781741478305e-16,4.456372296780195e-17,5.0354887859836026e-17,4.8740991806486805e-15,ACBI1,9.26,36000.0,360,180,500,360,2.9470517025518097
6.0,0.0005,0.0,55.282776276918824,0.013126596825640982,0.015185021802533347,99.00149476327726,2.2113110510767528e-13,1.2063624845979684e-16,5.2506387302563935e-17,6.074008721013339e-17,4.87443271486351e-15,ACBI1,9.26,36000.0,360,180,500,360,3.5564803062231287
6.0,0.0005,0.0,55.23657109668113,0.015396123495674489,0.01830910231373303,99.00198543070906,2.2094628438672455e-13,1.448483246253014e-16,6.158449398269795e-17,7.323640925493212e-17,4.874833282048181e-15,ACBI1,9.26,36000.0,360,180,500,360,4.291934260128776
6.0,0.0005,0.0,55.151535703826205,0.017960082627866213,0.02205905204908369,99.00354836479383,2.2060614281530482e-13,1.7339999345201316e-16,7.184033051146485e-17,8.823620819633477e-17,4.8753137931596696e-15,ACBI1,9.26,36000.0,360,180,500,360,5.17947467923121
6.0,0.0005,0.0,54.99891802740796,0.020813535214697313,0.026541115229258953,99.0099922896968,2.1999567210963187e-13,2.0663718489001475e-16,8.325414085878926e-17,1.0616446091703581e-16,4.875889885115894e-15,ACBI1,9.26,36000.0,360,180,500,360,6.25055192527397
6.0,0.0005,0.0,54.73282393419188,0.023926559332630926,0.031859923990540134,99.02577080965257,2.1893129573676752e-13,2.445878960252628e-16,9.57062373305237e-17,1.2743969596216054e-16,4.876581254101838e-15,ACBI1,9.26,36000.0,360,180,500,360,7.543120063354615
6.0,0.0005,0.0,54.284058790115594,0.027231587435573475,0.038098447428711775,99.02893218068847,2.171362351604624e-13,2.8669765407334297e-16,1.089263497422939e-16,1.523937897148471e-16,4.877414115265998e-15,ACBI1,9.26,36000.0,360,180,500,360,9.102981779915218
6.0,0.0005,0.0,53.55548244980083,0.030608579246356727,0.04528282733762126,99.05037399502909,2.1422192979920333e-13,3.3149166626180406e-16,1.224343169854269e-16,1.8113130935048505e-16,4.878425177926131e-15,ACBI1,9.26,36000.0,360,180,500,360,10.985411419875584
6.0,0.0005,0.0,52.42276189257499,0.03387185864218987,0.05332943184369986,99.11886908652478,2.0969104757029994e-13,3.76240446222808e-16,1.3548743456875948e-16,2.1331772737479944e-16,4.87966669076617e-15,ACBI1,9.26,36000.0,360,180,500,360,13.257113655901081
6.0,0.0005,0.0,50.745765860116755,0.03676652929563219,0.061979327703221856,99.13355231531119,2.02983063440467e-13,4.1680195150239046e-16,1.4706611718252877e-16,2.479173108128874e-16,4.881209864786283e-15,ACBI1,9.26,36000.0,360,180,500,360,15.998587196060573
6.0,0.0005,0.0,48.39488674960799,0.03898567902591805,0.07074064947376121,99.10302504426741,1.9357954699843198e-13,4.478953830600642e-16,1.559427161036722e-16,2.8296259789504487e-16,4.8831402988634706e-15,ACBI1,9.26,36000.0,360,180,500,360,19.306977288832496
6.0,0.0005,0.0,45.291171952738715,0.040217594113679,0.07887743823481466,99.30074374563819,1.8116468781095484e-13,4.640223149110809e-16,1.60870376454716e-16,3.1550975293925868e-16,4.885536229453579e-15,ACBI1,9.26,36000.0,360,180,500,360,23.29951810515372
6.0,0.0005,0.0,41.449405885227115,0.04022048434365215,0.08548903956700449,99.45989500585026,1.6579762354090846e-13,4.609803369457802e-16,1.608819373746086e-16,3.4195615826801796e-16,4.888424128604048e-15,ACBI1,9.26,36000.0,360,180,500,360,28.11768697974228
6.0,0.0005,0.0,37.00436002785006,0.038902625336355134,0.08969679349061387,99.12703463484725,1.4801744011140025e-13,4.374608521279744e-16,1.5561050134542053e-16,3.5878717396245545e-16,4.891721489927914e-15,ACBI1,9.26,36000.0,360,180,500,360,33.93221771895326
6.0,0.0005,0.0,32.201267820377474,0.036371041006924905,0.09089214515646638,99.69748765949062,1.288050712815099e-13,3.9590559640080675e-16,1.4548416402769964e-16,3.635685806258655e-16,4.8951982600946056e-15,ACBI1,9.26,36000.0,360,180,500,360,40.94915062380423
6.0,0.0005,0.0,27.346824764220028,0.03291832808593383,0.08893954622078276,99.36776778188089,1.0938729905688012e-13,3.420102031558553e-16,1.3167331234373533e-16,3.5575818488313106e-16,4.898495627749805e-15,ACBI1,9.26,36000.0,360,180,500,360,49.417133613238335
6.0,0.0005,0.0,22.738788880957404,0.028947423364860128,0.08422675329547157,99.45668428527483,9.095515552382962e-14,2.8301040885465267e-16,1.1578969345944052e-16,3.3690701318188627e-16,4.901214565407795e-15,ACBI1,9.26,36000.0,360,180,500,360,59.63623316594643
6.0,0.0005,0.0,18.604159877693448,0.024867982230042114,0.07753305210336876,92.66218706287866,7.441663951077378e-14,2.2561160543025025e-16,9.947192892016847e-17,3.1013220841347506e-16,4.903038227372529e-15,ACBI1,9.26,36000.0,360,180,500,360,71.96856730011514
6.0,0.0005,0.0,15.068656967835448,0.02100962663997658,0.06978763130010535,99.71518623058402,6.027462787134179e-14,1.7452577828877326e-16,8.403850655990633e-17,2.791505252004214e-16,4.903824145668821e-15,ACBI1,9.26,36000.0,360,180,500,360,86.85113737513521
6.0,0.0005,0.0,12.1609766897767,0.017580328844322167,0.061836360857732406,99.87643282050176,4.86439067591068e-14,1.3205120313036808e-16,7.032131537728866e-17,2.4734544343092962e-16,4.9036224248175556e-15,ACBI1,9.26,36000.0,360,180,500,360,104.81131341546853
6.0,0.0005,0.0,9.83933570401405,0.014669952669869679,0.05430142957896594,99.79806939792167,3.9357342816056204e-14,9.84928508460589e-17,5.867981067947872e-17,2.172057183158638e-16,4.902625153067249e-15,ACBI1,9.26,36000.0,360,180,500,360,126.48552168552958
6.0,0.0005,0.0,8.02365599659377,0.012280449382608043,0.047548843333965425,99.79197872126497,3.2094623986375084e-14,7.293042512570136e-17,4.912179753043218e-17,1.901953733358617e-16,4.901086662099308e-15,ACBI1,9.26,36000.0,360,180,500,360,152.6417967175232
6.0,0.0005,0.0,6.621938372518324,0.010362158197388376,0.04172913799016579,99.75425074791777,2.6487753490073296e-14,5.3926743300614806e-17,4.1448632789553503e-17,1.6691655196066316e-16,4.899254213025794e-15,ACBI1,9.26,36000.0,360,180,500,360,184.20699693267144
6.0,0.0005,0.0,5.546841342156953,0.008843504160257733,0.036845801839833575,99.77440342033168,2.2187365368627812e-14,3.999936559800557e-17,3.537401664103093e-17,1.473832073593343e-16,4.897327757063297e-15,ACBI1,9.26,36000.0,360,180,500,360,222.29964825261933
6.0,0.0005,0.0,4.7235385831671595,0.007650149855691203,0.03281975186733558,99.79485842048263,1.8894154332668638e-14,2.9856528185007764e-17,3.060059942276481e-17,1.3127900746934232e-16,4.89544750179975e-15,ACBI1,9.26,36000.0,360,180,500,360,268.26957952797244
6.0,0.0005,0.0,4.091767517699447,0.006714915721961975,0.029536570132382086,99.85638827553632,1.6367070070797787e-14,2.247159943071776e-17,2.6859662887847898e-17,1.1814628052952834e-16,4.893699040845571e-15,ACBI1,9.26,36000.0,360,180,500,360,323.74575428176433
6.0,0.0005,0.0,3.604806255265689,0.00598149309384754,0.026875548540373943,99.62291679094777,1.4419225021062757e-14,1.7072203905810435e-17,2.3925972375390162e-17,1.0750219416149578e-16,4.892125835309769e-15,ACBI1,9.26,36000.0,360,180,500,360,390.6939937054613
6.0,0.0005,0.0,3.2272424432636364,0.0054047134817114045,0.024724799785649808,99.82963995099276,1.2908969773054546e-14,1.309605199143427e-17,2.1618853926845618e-17,9.889919914259925e-17,4.890742461066192e-15,ACBI1,9.26,36000.0,360,180,500,360,471.486636345739
6.0,0.0005,0.0,2.932560280281345,0.004949262634031225,0.022987442991842424,99.85349423740495,1.1730241121125381e-14,1.0141347141525955e-17,1.9797050536124903e-17,9.19497719673697e-17,4.88954560000206e-15,ACBI1,9.26,36000.0,360,180,500,360,568.9866029018293
6.0,0.0005,0.0,2.7010021066710106,0.004587916461051225,0.02158280992056104,99.84435297826924,1.0804008426684042e-14,7.92351897461003e-18,1.83516658442049e-17,8.633123968224415e-17,4.8885220233259855e-15,ACBI1,9.26,36000.0,360,180,500,360,686.6488450042998
6.0,0.0005,0.0,2.517843238304669,0.00429982171569276,0.02044525007394602,99.82602825517658,1.0071372953218676e-14,6.241449786388463e-18,1.719928686277104e-17,8.178100029578409e-17,4.887653886705221e-15,ACBI1,9.26,36000.0,360,180,500,360,828.6427728546843
6.0,0.0005,0.0,2.37206986379139,0.004069025550384403,0.01952201998013828,99.84998932189666,9.48827945516556e-15,4.952629449978871e-18,1.6276102201537612e-17,7.808807992055313e-17,4.886921989532191e-15,ACBI1,9.26,36000.0,360,180,500,360,1000.0
6.0,0.0005,0.0,55.33337875111006,0.00042547413916344424,0.000427349831167021,99.0000000021785,2.2133351500444027e-13,3.4187633312755033e-18,1.7018965566537769e-18,1.7093993246680841e-18,4.872528526660027e-15,ACBI1,9.26,36000.0,360,180,1000,360,0.1
6.0,0.0005,0.0,55.333378682862744,0.00051299363753569,0.0005157228313499249,99.00000000761315,2.21333514731451e-13,4.125739090505326e-18,2.0519745501427602e-18,2.0628913253996998e-18,4.872539963200072e-15,ACBI1,9.26,36000.0,360,180,1000,360,0.12067926406393285
6.0,0.0005,0.0,55.33337853880956,0.0006184004787903846,0.0006223708082316146,99.00000000901676,2.2133351415523827e-13,4.9789119498646655e-18,2.4736019151615386e-18,2.4894832329264583e-18,4.872553764790296e-15,ACBI1,9.26,36000.0,360,180,1000,360,0.14563484775012436
6.0,0.0005,0.0,55.3333782350525,0.0007452983374929142,0.0007510729327875532,99.00000000422425,2.2133351294021e-13,6.008513614340333e-18,2.981193349971657e-18,3.004291731150213e-18,4.872570420523958e-15,ACBI1,9.26,36000.0,360,180,1000,360,0.1757510624854792
6.0,0.0005,0.0,55.33337759529905,0.0008979933717869641,0.0009063898974736172,99.00000003898666,2.2133351038119618e-13,7.251026410201687e-18,3.591973487147856e-18,3.625559589894469e-18,4.872590520634603e-15,ACBI1,9.26,36000.0,360,180,1000,360,0.21209508879201905
6.0,0.0005,0.0,55.33337624982708,0.0010816205558831838,0.0010938255342297345,99.00000008478952,2.2133350499930835e-13,8.75047459130887e-18,4.326482223532735e-18,4.375302136918939e-18,4.872614777401519e-15,ACBI1,9.26,36000.0,360,180,1000,360,0.2559547922699536
6.0,0.0005,0.0,55.33337342503701,0.0013022879103939588,0.0013200218523943103,99.00000023823472,2.2133349370014808e-13,1.0559981240363466e-17,5.209151641575836e-18,5.280087409577241e-18,4.872644050363651e-15,ACBI1,9.26,36000.0,360,180,1000,360,0.3088843596477481
6.0,0.0005,0.0,55.333367506754136,0.0015672388771795784,0.001592994401057644,99.00000035187273,2.2133347002701658e-13,1.274364411337965e-17,6.268955508718314e-18,6.371977604230577e-18,4.8726793767166144e-15,ACBI1,9.26,36000.0,360,180,1000,360,0.372759372031494
6.0,0.0005,0.0,55.333355138108445,0.0018850317706512,0.001922416276640895,99.00000076448245,2.2133342055243378e-13,1.5378793119353443e-17,7.5401270826048e-18,7.68966510656358e-18,4.872722007929577e-15,ACBI1,9.26,36000.0,360,180,1000,360,0.44984326689694454
6.0,0.0005,0.0,55.33332936605348,0.0022657331685297715,0.0023199607877682454,99.00000203233911,2.2133331746421393e-13,1.8558701634800534e-17,9.062932674119088e-18,9.279843151072983e-18,4.872773453799873e-15,ACBI1,9.26,36000.0,360,180,1000,360,0.5428675439323859
6.0,0.0005,0.0,55.33327585804667,0.0027211189914330496,0.002799714786533838,99.0000039668738,2.213331034321867e-13,2.2395831762913434e-17,1.0884475965732198e-17,1.1198859146135353e-17,4.872835535345274e-15,ACBI1,9.26,36000.0,360,180,1000,360,0.6551285568595507
6.0,0.0005,0.0,55.3331652402128,0.003264872492351172,0.003378676978298265,99.0000001972313,2.213326609608512e-13,2.7025696090800344e-17,1.3059489969404687e-17,1.3514707913193059e-17,4.87291044810011e-15,ACBI1,9.26,36000.0,360,180,1000,360,0.7906043210907697
6.0,0.0005,0.0,55.33293772757635,0.003912761967399136,0.00407735804486798,99.00000978022436,2.213317509103054e-13,3.2611407486641245e-17,1.5651047869596546e-17,1.630943217947192e-17,4.873000837470295e-15,ACBI1,9.26,36000.0,360,180,1000,360,0.9540954763499939
6.0,0.0005,0.0,55.3324726430731,0.004682772109274637,0.004920501854526015,99.00003075359537,2.2132989057229244e-13,3.9348948209262054e-17,1.873108843709855e-17,1.968200741810406e-17,4.8731098877490036e-15,ACBI1,9.26,36000.0,360,180,1000,360,1.151395399326447
6.0,0.0005,0.0,55.331528797141395,0.005595150734462471,0.005937948570835301,99.00006687189861,2.2132611518856558e-13,4.7473089955430107e-17,2.2380602937849886e-17,2.3751794283341208e-17,4.873241426071229e-15,ACBI1,9.26,36000.0,360,180,1000,360,1.3894954943731375
6.0,0.0005,0.0,55.32962979797904,0.006672315868419024,0.007165659143571694,99.00035774715724,2.2131851919191618e-13,5.726368218241328e-17,2.6689263473676097e-17,2.866263657428678e-17,4.873400041899705e-15,ACBI1,9.26,36000.0,360,180,1000,360,1.6768329368110073
6.0,0.0005,0.0,55.32584782694432,0.007938544717017637,0.008646912030099017,99.00009338350186,2.2130339130777728e-13,6.905160016021698e-17,3.1754178868070554e-17,3.458764812039607e-17,4.873591221615681e-15,ACBI1,9.26,36000.0,360,180,1000,360,2.0235896477251565
6.0,0.0005,0.0,55.31840583037867,0.00941933199962585,0.010433657562117716,99.00088596273466,2.212736233215147e-13,8.322284627418659e-17,3.76773279985034e-17,4.1734630248470866e-17,4.873821496997396e-15,ACBI1,9.26,36000.0,360,180,1000,360,2.442053094548651
6.0,0.0005,0.0,55.30396712507253,0.011140253681325358,0.012587953959284533,99.00161974461147,2.212158685002901e-13,1.0021788413045004e-16,4.456101472530144e-17,5.0351815837138133e-17,4.874098607690553e-15,ACBI1,9.26,36000.0,360,180,1000,360,2.9470517025518097
6.0,0.0005,0.0,55.276412494289374,0.013125092931621089,0.015183275397328663,99.0018454277377,2.2110564997715748e-13,1.2052093340896452e-16,5.2500371726484353e-17,6.073310158931465e-17,4.874431685928621e-15,ACBI1,9.26,36000.0,360,180,1000,360,3.5564803062231287
6.0,0.0005,0.0,55.2248294147946,0.01539286665878752,0.018305214538053272,99.00025170277172,2.208993176591784e-13,1.4463035799349204e-16,6.157146663515007e-17,7.322085815221309e-17,4.874831496419939e-15,ACBI1,9.26,36000.0,360,180,1000,360,4.291934260128776
6.0,0.0005,0.0,55.13039481298472,0.017953232706549443,0.022050607135562436,99.01077156586527,2.2052157925193888e-13,1.729964571943246e-16,7.181293082619778e-17,8.820242854224975e-17,4.875310821548879e-15,ACBI1,9.26,36000.0,360,180,1000,360,5.17947467923121
6.0,0.0005,0.0,54.96190913095966,0.020799602749858308,0.026523282829483394,99.0021928706611,2.1984763652383864e-13,2.0590798832604408e-16,8.319841099943323e-17,1.0609313131793359e-16,4.875885190196548e-15,ACBI1,9.26,36000.0,360,180,1000,360,6.25055192527397
6.0,0.0005,0.0,54.67008879453948,0.023899283407696727,0.031823471692898966,99.01664898300488,2.1868035517815796e-13,2.433070794524976e-16,9.559713363078691e-17,1.2729388677159587e-16,4.8765743070837456e-15,ACBI1,9.26,36000.0,360,180,1000,360,7.543120063354615
6.0,0.0005,0.0,54.18154600138788,0.027180453431186115,0.03802665285324445,99.02734480820727,2.1672618400555154e-13,2.8452144855299774e-16,1.0872181372474446e-16,1.5210661141297781e-16,4.877404671501888e-15,ACBI1,9.26,36000.0,360,180,1000,360,9.102981779915218
6.0,0.0005,0.0,53.39480458506599,0.030517291130380562,0.045147304628778806,99.07410229630567,2.1357921834026397e-13,3.2793519998175285e-16,1.2206916452152224e-16,1.8058921851511525e-16,4.878413720652345e-15,ACBI1,9.26,36000.0,360,180,1000,360,10.985411419875584
6.0,0.0005,0.0,52.182476677884715,0.0337175625647125,0.05308568270841218,99.07793075086279,2.0872990671153887e-13,3.706861247189622e-16,1.3487025025885e-16,2.1234273083364875e-16,4.879654860798702e-15,ACBI1,9.26,36000.0,360,180,1000,360,13.257113655901081
6.0,0.0005,0.0,50.40482352916852,0.03652108692454461,0.06156423074804531,99.11422836802507,2.0161929411667408e-13,4.0857081649925766e-16,1.4608434769817843e-16,2.4625692299218126e-16,4.881200330731293e-15,ACBI1,9.26,36000.0,360,180,1000,360,15.998587196060573
6.0,0.0005,0.0,47.93837015281377,0.03862031580493965,0.07007563177248667,99.23211705370085,1.917534806112551e-13,4.364047079155935e-16,1.5448126321975863e-16,2.803025270899467e-16,4.883135164992708e-15,ACBI1,9.26,36000.0,360,180,1000,360,19.306977288832496
6.0,0.0005,0.0,44.71711361919463,0.039711146112724326,0.07788123285817804,98.59708161989103,1.788684544767785e-13,4.490140038719788e-16,1.5884458445089731e-16,3.1152493143271215e-16,4.88553327950225e-15,ACBI1,9.26,36000.0,360,180,1000,360,23.29951810515372
6.0,0.0005,0.0,40.773926820080234,0.03956912157348287,0.08410071131704576,99.16641661429233,1.6309570728032093e-13,4.427405965959854e-16,1.582764862939315e-16,3.36402845268183e-16,4.8884116238564836e-15,ACBI1,9.26,36000.0,360,180,1000,360,28.11768697974228
6.0,0.0005,0.0,36.26192060597522,0.03812659157623907,0.08790283857946961,90.51782485956636,1.4504768242390088e-13,4.169056305546164e-16,1.525063663049563e-16,3.5161135431787844e-16,4.891674612721587e-15,ACBI1,9.26,36000.0,360,180,1000,360,33.93221771895326
6.0,0.0005,0.0,31.438553980016938,0.035513907270633055,0.08874491166538154,99.40187024212807,1.2575421592006776e-13,3.7443907136322984e-16,1.4205562908253222e-16,3.549796466615261e-16,4.8950815150710105e-15,ACBI1,9.26,36000.0,360,180,1000,360,40.94915062380423
6.0,0.0005,0.0,26.612149206131853,0.03203766289600929,0.08655471449154487,99.57868656058261,1.0644859682452742e-13,3.211840178988441e-16,1.2815065158403716e-16,3.462188579661795e-16,4.898272998201184e-15,ACBI1,9.26,36000.0,360,180,1000,360,49.417133613238335
6.0,0.0005,0.0,22.07148807943922,0.028100677884960398,0.08175777698982395,99.07880417890972,8.828595231775688e-14,2.641362807146967e-16,1.124027115398416e-16,3.2703110795929583e-16,4.900863539473939e-15,ACBI1,9.26,36000.0,360,180,1000,360,59.63623316594643
6.0,0.0005,0.0,18.028216717219525,0.024099949977057562,0.07513372435279977,99.51814613354169,7.21128668688781e-14,2.0950280142372006e-16,9.639979990823024e-17,3.005348974111991e-16,4.902559850521199e-15,ACBI1,9.26,36000.0,360,180,1000,360,71.96856730011514
6.0,0.0005,0.0,14.592026938561597,0.02034616611847601,0.06757970011706792,99.68905089032303,5.83681077542464e-14,1.6144843431278299e-16,8.138466447390404e-17,2.703188004682717e-16,4.903243363305572e-15,ACBI1,9.26,36000.0,360,180,1000,360,86.85113737513521
6.0,0.0005,0.0,11.779164217683698,0.01702896213372611,0.05989359100621479,99.80214253345333,4.711665687073479e-14,1.218433606450754e-16,6.811584853490445e-17,2.395743640248592e-16,4.902979445016867e-15,ACBI1,9.26,36000.0,360,180,1000,360,104.81131341546853
6.0,0.0005,0.0,9.540538213596264,0.014224774165921428,0.052650831977208,99.68706807147201,3.816215285438506e-14,9.074870331679879e-17,5.689909666368572e-17,2.10603327908832e-16,4.901963491580329e-15,ACBI1,9.26,36000.0,360,180,1000,360,126.48552168552958
6.0,0.0005,0.0,7.793325589202876,0.011928093861804857,0.04618237811481603,99.74344816005406,3.1173302356811506e-14,6.716359689471253e-17,4.771237544721943e-17,1.847295124592641e-16,4.9004435689722655e-15,ACBI1,9.26,36000.0,360,180,1000,360,152.6417967175232
6.0,0.0005,0.0,6.445824951401573,0.010086680829866426,0.04061807033611725,99.80917383539808,2.5783299805606293e-14,4.967539410635039e-17,4.034672331946571e-17,1.6247228134446902e-16,4.898655986391805e-15,ACBI1,9.26,36000.0,360,180,1000,360,184.20699693267144
6.0,0.0005,0.0,5.412539159026387,0.008629464761355987,0.035952698049797116,99.82217854340331,2.165015663610555e-14,3.687517019172453e-17,3.451785904542395e-17,1.4381079219918847e-16,4.8967893791924215e-15,ACBI1,9.26,36000.0,360,180,1000,360,222.29964825261933
6.0,0.0005,0.0,4.620977228930736,0.007484115274699425,0.0321064184416532,99.48941107485392,1.8483908915722942e-14,2.755590533165099e-17,2.99364610987977e-17,1.284256737666128e-16,4.894974730879773e-15,ACBI1,9.26,36000.0,360,180,1000,360,268.26957952797244
6.0,0.0005,0.0,4.013117012990489,0.0065859094696913215,0.028968310042227143,99.77874448057716,1.6052468051961958e-14,2.0767650237408047e-17,2.6343637878765288e-17,1.1587324016890856e-16,4.893291250037937e-15,ACBI1,9.26,36000.0,360,180,1000,360,323.74575428176433
6.0,0.0005,0.0,3.544134691351681,0.005880880135203418,0.02642284888222794,99.7854098539958,1.4176538765406724e-14,1.5799847896064863e-17,2.3523520540813672e-17,1.0569139552891177e-16,4.891778590216697e-15,ACBI1,9.26,36000.0,360,180,1000,360,390.6939937054613
6.0,0.0005,0.0,3.1801200764028383,0.005325851190819893,0.024363529442973323,99.85266072054849,1.2720480305611354e-14,1.2136922009509394e-17,2.1303404763279574e-17,9.74541177718933e-17,4.8904494537798275e-15,ACBI1,9.26,36000.0,360,180,1000,360,471.486636345739
6.0,0.0005,0.0,2.89570006640676,0.004887102167974266,0.022698332667091536,99.84978647974944,1.1582800265627038e-14,9.411069607903132e-18,1.9548408671897065e-17,9.079333066836616e-17,4.889299925565121e-15,ACBI1,9.26,36000.0,360,180,1000,360,568.9866029018293
6.0,0.0005,0.0,2.6719667431419416,0.004538639338465067,0.021350677987542,99.86733009060642,1.0687866972567766e-14,7.361938128547089e-18,1.815455735386027e-17,8.540271195016801e-17,4.8883169337706805e-15,ACBI1,9.26,36000.0,360,180,1000,360,686.6488450042998
6.0,0.0005,0.0,2.494819861215888,0.004260540350193691,0.020258214335664323,99.83960510378098,9.979279444863552e-15,5.805483625991124e-18,1.7042161400774764e-17,8.10328573426573e-17,4.88748318297281e-15,ACBI1,9.26,36000.0,360,180,1000,360,828.6427728546843
6.0,0.0005,0.0,2.3537023806602484,0.004037549480512678,0.019370799500928154,99.65147519714061,9.414809522640994e-15,4.611195069029756e-18,1.6150197922050713e-17,7.748319800371263e-17,4.886780185231184e-15,ACBI1,9.26,36000.0,360,180,1000,360,1000.0
