t,initial_BPD_ec_conc,initial_BPD_ic_conc,percent_degradation,relative_target,relative_naked_ternary,relative_all_ternary,Dmax,degradation_rate,naked_ternary_rate,poly_ub_target_rate,poly_ub_ternary_rate,total_target,total_target_ub,total_naked_ternary,total_ternary,total_bpd_ic,total_poly_ub_target,total_poly_ub_ternary,PROTAC,Kd_T_binary,kon_T_binary,kub,kde_ub,kdeg_UPS,kdeg_Ternary,alpha,PS_cell,Conc_T_base,kprod
24.0,0.001,0.0,0.0001256199394106261,99.99987438006059,0.15167875228084132,0.1528126770347749,0.00015099926170547562,-1.1938357175598375e-21,8.33519207114142e-21,5.073586579116295e-27,4.462334542162154e-29,5.239993417515175e-14,1.6005749915824805e-16,7.947966619516085e-17,8.007384276622205e-17,7.48786101740514e-14,2.1600889830920203e-23,1.7544943411677441e-25,ACBI1,9.26,36000.0,360,180,360,0,0.1,2.49e-11,0.1,5.240000000000001e-15
24.0,0.001,0.0,0.0002651048483670593,99.99973489515163,0.18270453744532086,0.18435389921496623,0.00029461335137037636,-2.5193694088042706e-21,1.0043326498411958e-20,1.0715586636127962e-26,1.137667642267064e-28,5.2399861085059453e-14,1.9309367859906973e-16,9.573717762134814e-17,9.660144318864231e-17,7.489483116841074e-14,4.55857298889829e-23,4.468292145852208e-25,ACBI1,9.26,36000.0,360,180,360,0,0.12067926406393285,2.49e-11,0.1,5.240000000000001e-15
24.0,0.001,0.0,0.0005588932241238354,99.99944110677588,0.21999184257145613,0.22239032849429405,0.0006625969348861283,-5.311138317760181e-21,1.2094963023122912e-20,2.260973600864708e-26,2.897605175495588e-28,5.239970713995056e-14,2.3293263026386736e-16,1.1527572550744301e-16,1.165325321310101e-16,7.491439247724537e-14,9.610317341241212e-23,1.1367962305473499e-24,ACBI1,9.26,36000.0,360,180,360,0,0.14563484775012436,2.49e-11,0.1,5.240000000000001e-15
24.0,0.001,0.0,0.001176791981919223,99.99882320801808,0.26476551226798334,0.2682522937747379,0.0014904413636940284,-1.1182474922553209e-20,1.4552662833653575e-20,4.7645258806486753e-26,7.370682193775669e-28,5.239938336100148e-14,2.809674340243605e-16,1.3873712842842328e-16,1.4056420193796268e-16,7.493797824959017e-14,2.0235104045091011e-22,2.888567384879879e-24,ACBI1,9.26,36000.0,360,180,360,0,0.1757510624854792,2.49e-11,0.1,5.240000000000001e-15
24.0,0.001,0.0,0.002474107433627637,99.99752589256637,0.31847176677284794,0.32353875572957935,0.00271093343366946,-2.3508676102178903e-20,1.7482018767639986e-20,1.0022495240128601e-25,1.8716337903573306e-27,5.239870356770478e-14,3.3887223899325144e-16,1.6687920578897234e-16,1.695343080022996e-16,7.496641080190175e-14,4.254219587742368e-22,7.328735187019559e-24,ACBI1,9.26,36000.0,360,180,360,0,0.21209508879201905,2.49e-11,0.1,5.240000000000001e-15
24.0,0.001,0.0,0.0051921832576908855,99.99480781674231,0.38280896510797685,0.39016895138395147,0.006314643486160509,-4.933070127255547e-20,2.0938679723909078e-20,2.1028153584964684e-25,4.740658069181715e-27,5.239727929597297e-14,4.086560586595572e-16,2.005918977165799e-16,2.0444853052519057e-16,7.500067722132589e-14,8.927808449916411e-22,1.8560340296082897e-23,ACBI1,9.26,36000.0,360,180,360,0,0.2559547922699536,2.49e-11,0.1,5.240000000000001e-15
24.0,0.001,0.0,0.010872493568683694,99.98912750643132,0.4597568534115062,0.4704414940338987,0.015475319000968213,-1.0328316520469012e-19,2.493325364758199e-20,4.393757651298391e-25,1.1960400318390896e-26,5.239430281337001e-14,4.927240682288101e-16,2.4091259118762924e-16,2.4651134287376293e-16,7.504195988018951e-14,1.8694495264930223e-21,4.690148723850107e-23,ACBI1,9.26,36000.0,360,180,360,0,0.3088843596477481,2.49e-11,0.1,5.240000000000001e-15
24.0,0.001,0.0,0.02270666828088963,99.97729333171911,0.5515986601642852,0.5670988702613958,0.031113558009399078,-2.1564576108198303e-19,2.934141141518288e-20,9.116316884346435e-25,2.9975833863227875e-26,5.238810170582082e-14,5.939439328022465e-16,2.8903769792608545e-16,2.9715980801697143e-16,7.509166992548261e-14,3.9040977174235235e-21,1.1820209540746177e-22,ACBI1,9.26,36000.0,360,180,360,0,0.372759372031494,2.49e-11,0.1,5.240000000000001e-15
24.0,0.001,0.0,0.047268351356748894,99.95273164864325,0.660924213385407,0.6833901508616573,0.05361066107476553,-4.487002033322843e-19,3.3680741939705676e-20,1.867373745409469e-24,7.423162398090662e-26,5.237523138388907e-14,7.157090102371711e-16,3.4632428781395327e-16,3.5809643905150845e-16,7.51514803545758e-14,8.126560599468838e-21,2.9692221676485326e-22,ACBI1,9.26,36000.0,360,180,360,0,0.44984326689694454,2.49e-11,0.1,5.240000000000001e-15
24.0,0.001,0.0,0.09800743752002461,99.90199256247998,0.790588948892031,0.8231121870816966,0.12495193300086083,-9.295402221721733e-19,3.656809987835298e-20,3.730703094943251e-24,1.7962197644130408e-25,5.2348644102739506e-14,8.619765151626023e-16,4.1426860921942423e-16,4.313107860308091e-16,7.522334928071984e-14,1.6847583191523008e-20,7.428561173899231e-22,ACBI1,9.26,36000.0,360,180,360,0,0.5428675439323859,2.49e-11,0.1,5.240000000000001e-15
24.0,0.001,0.0,0.20220724955670732,99.79779275044329,0.9435747634166025,0.9905797366844613,0.2625271685531727,-1.9146131655468282e-18,3.442732414132307e-20,7.072203167205274e-24,4.142673461484198e-25,5.229404340123229e-14,1.037226324924713e-15,4.944331760302997e-16,5.190637820226577e-16,7.530950970132862e-14,3.4750758449671276e-20,1.8491080418076917e-21,ACBI1,9.26,36000.0,360,180,360,0,0.6551285568595507,2.49e-11,0.1,5.240000000000001e-15
24.0,0.001,0.0,0.4145751350292102,99.58542486497079,1.1226364488035705,1.1904061779627944,0.5338239957942692,-3.9126186767001625e-18,1.849440625025463e-20,1.182663321012968e-23,8.541123300202488e-25,5.2182762629244695e-14,1.246211983249196e-15,5.88261499173071e-16,6.237728372525042e-16,7.541236907802977e-14,7.121209931175991e-20,4.572802096216062e-21,ACBI1,9.26,36000.0,360,180,360,0,0.7906043210907697,2.49e-11,0.1,5.240000000000001e-15
24.0,0.001,0.0,0.8430218140881607,99.15697818591184,1.3294885300551817,1.4268246185161262,0.7917106412808406,-7.904912803741935e-18,-3.1831470628211845e-20,1.2963175456611563e-23,1.238716762010201e-24,5.1958256569417805e-14,1.4932131100506316e-15,6.966519897489153e-16,7.476561001024502e-16,7.553418889944581e-14,1.4466459961597356e-19,1.1210403854612882e-20,ACBI1,9.26,36000.0,360,180,360,0,0.9540954763499939,2.49e-11,0.1,5.240000000000001e-15
24.0,0.001,0.0,1.6952012015960491,98.30479879840395,1.5630424565175958,1.701968680218829,2.150622910219102,-1.5693681029626334e-17,-1.6265053444448996e-19,-1.8306106843594764e-23,-1.1408319303360316e-24,5.151171457036367e-14,1.7801693940420168e-15,8.190342472152203e-16,8.918315884346665e-16,7.567626337273903e-14,2.903395110903659e-19,2.715160061869389e-20,ACBI1,9.26,36000.0,360,180,360,0,1.151395399326447,2.49e-11,0.1,5.240000000000001e-15
24.0,0.001,0.0,3.3550946353101807,96.64490536468982,1.815827251986068,2.011991759547039,4.107627910509937,-3.028614893534406e-17,-4.69398045591482e-19,-2.05389899568441e-22,-2.1820315763681224e-23,5.064193041109747e-14,2.102511383166779e-15,9.514934800406999e-16,1.0542836820026484e-15,7.583704639944759e-14,5.724808550704501e-19,6.460721177446585e-20,ACBI1,9.26,36000.0,360,180,360,0,1.3894954943731375,2.49e-11,0.1,5.240000000000001e-15
24.0,0.001,0.0,6.48553048759905,93.51446951240095,2.067488851913391,2.339329415001391,6.8262975122369,-5.571470301708326e-17,-1.1222187746685693e-18,-9.94665125457668e-22,-1.3237617741023265e-22,4.9001582024498106e-14,2.440928349033894e-15,1.0833641584026168e-15,1.225808613460729e-15,7.600835443473083e-14,1.0987680571274233e-18,1.4964365514675236e-19,ACBI1,9.26,36000.0,360,180,360,0,1.6768329368110073,2.49e-11,0.1,5.240000000000001e-15
24.0,0.001,0.0,12.092345666691557,87.90765433330844,2.275544992847724,2.640267721759295,13.62401337633824,-9.432441041607877e-17,-2.3308557227583296e-18,-3.70970554348993e-21,-6.0327650013522225e-22,4.606361087065363e-14,2.7483154846348876e-15,1.1923855762522075e-15,1.3835002862018709e-15,7.616902530487832e-14,2.0221203426437746e-18,3.323494242180691e-19,ACBI1,9.26,36000.0,360,180,360,0,2.0235896477251565,2.49e-11,0.1,5.240000000000001e-15
24.0,0.001,0.0,21.33068705946542,78.66931294053458,2.3701937594610833,2.8341011973574615,22.64123911151581,-1.380586125848488e-16,-4.064595115531314e-18,-1.1074568970718318e-20,-2.1852565281010873e-21,4.1222719980840124e-14,2.9388283099450925e-15,1.2419815299576078e-15,1.48506902741531e-15,7.627847534536457e-14,3.4882961513901536e-18,6.918982785924168e-19,ACBI1,9.26,36000.0,360,180,360,0,2.442053094548651,2.49e-11,0.1,5.240000000000001e-15
24.0,0.001,0.0,34.673152487631256,65.32684751236874,2.274792393943804,2.819517914553311,36.71546363239976,-1.5680092643163395e-16,-5.400650668718504e-18,-2.450907354235174e-20,-5.851942949945683e-21,3.4231268096481225e-14,2.9063122699817778e-15,1.1919912144265532e-15,1.477427387225935e-15,7.628200157445493e-14,5.48242810217668e-18,1.3123409882552907e-18,ACBI1,9.26,36000.0,360,180,360,0,2.9470517025518097,2.49e-11,0.1,5.240000000000001e-15
24.0,0.001,0.0,50.57206233221322,49.42793766778678,1.9728300574782338,2.5518962912709693,49.5727896773862,-1.1575260375967105e-16,-4.595670252562601e-18,-3.3982556416369133e-20,-9.803423093684151e-21,2.5900239337920272e-14,2.606547312661007e-15,1.0337629501185945e-15,1.337193656625988e-15,7.614752524048145e-14,7.682579638799407e-18,2.2193243787346505e-18,ACBI1,9.26,36000.0,360,180,360,0,3.5564803062231287,2.49e-11,0.1,5.240000000000001e-15
24.0,0.001,0.0,65.568145980424,34.431854019575994,1.5601453274824375,2.1224348464602913,65.91759970167733,-4.32742305195294e-17,-1.94253062966456e-18,-2.2741015765550722e-20,-7.907982821287795e-21,1.8042291506257824e-14,2.138542413034113e-15,8.175161516007973e-16,1.1121558595451926e-15,7.59155543925545e-14,9.664014110816927e-18,3.3689814303770206e-18,ACBI1,9.26,36000.0,360,180,360,0,4.291934260128776,2.49e-11,0.1,5.240000000000001e-15
24.0,0.001,0.0,77.15480861610737,22.84519138389263,1.1625537496492586,1.6778201531341228,75.5830465354574,-7.641505318509687e-18,-3.6185166509242753e-19,-5.992152140844184e-21,-2.46795153762144e-21,1.1970880285159738e-14,1.6574331598747127e-15,6.091781648162116e-16,8.791777602422804e-16,7.567256828851907e-14,1.1251537435563244e-17,4.7334363647027385e-18,ACBI1,9.26,36000.0,360,180,360,0,5.17947467923121,2.49e-11,0.1,5.240000000000001e-15
24.0,0.001,0.0,85.17963075908285,14.820369240917142,0.8370673109502418,1.293821114565403,82.59123015315264,-2.0241885410986827e-18,-8.866459724766756e-20,-1.4272780146786924e-21,-6.275887676436755e-22,7.765873482240582e-15,1.2429346473451255e-15,4.386232709379267e-16,6.779622640322713e-16,7.546778248223565e-14,1.2403991223103208e-17,6.297318235607941e-18,ACBI1,9.26,36000.0,360,180,360,0,6.25055192527397,2.49e-11,0.1,5.240000000000001e-15
24.0,0.001,0.0,90.40913485958073,9.590865140419266,0.5936069101792723,0.9924986971544909,90.56809856794328,-1.0544400358820866e-18,-4.6225301203225895e-20,-7.067135453875912e-22,-2.938943522236527e-22,5.0256133335796956e-15,9.17783798175259e-16,3.110500209339387e-16,5.200693173089533e-16,7.530975966926393e-14,1.316248085188336e-17,8.064265512341593e-18,ACBI1,9.26,36000.0,360,180,360,0,7.543120063354615,2.49e-11,0.1,5.240000000000001e-15
24.0,0.001,0.0,93.69849777365276,6.301502226347236,0.42172517502242224,0.7704594283452397,94.10016765657659,-6.116934813899297e-19,-2.781341793208015e-20,-4.0719812849618453e-22,-1.182979410675157e-22,3.3019871666059515e-15,6.774085468993712e-16,2.2098399171174924e-16,4.0372074045290565e-16,7.51939808867929e-14,1.3640036046724505e-17,1.00850041161022e-17,ACBI1,9.26,36000.0,360,180,360,0,9.102981779915218,2.49e-11,0.1,5.240000000000001e-15
24.0,0.001,0.0,95.74541769966409,4.254582300335916,0.3037682893176924,0.612274504307271,95.8465243664838,-3.735870200149122e-19,-1.779901801642956e-20,-2.4795130451830356e-22,1.0253727642033063e-23,2.22940112537602e-15,5.046880507860516e-16,1.5917458360247083e-16,3.2083184025701004e-16,7.511168482552175e-14,1.3937315206895694e-17,1.2435782576534434e-17,ACBI1,9.26,36000.0,360,180,360,0,10.985411419875584,2.49e-11,0.1,5.240000000000001e-15
24.0,0.001,0.0,97.02649188327524,2.973508116724752,0.22354080040560567,0.5014733870096877,97.06416994469267,-2.379384622067044e-19,-1.1876159109844236e-20,-1.5769244613934624e-22,1.1790761269161235e-22,1.55811825316377e-15,3.8163579868724e-16,1.1713537941253736e-16,2.6277205479307636e-16,7.505410241829561e-14,1.4123405869849528e-17,1.5207810668020583e-17,ACBI1,9.26,36000.0,360,180,360,0,13.257113655901081,2.49e-11,0.1,5.240000000000001e-15
24.0,0.001,0.0,97.84037031382823,2.1596296861717748,0.1688348204267449,0.42471048733413025,97.71050868916902,-1.574527340998618e-19,-8.184783572170432e-21,-1.0429014901755888e-22,2.1825623555117436e-22,1.13164595555401e-15,2.937172821313545e-16,8.846944590361434e-17,2.2254829536308427e-16,7.501422958006907e-14,1.424164682549637e-17,1.8506340941491045e-17,ACBI1,9.26,36000.0,360,180,360,0,15.998587196060573,2.49e-11,0.1,5.240000000000001e-15
24.0,0.001,0.0,98.36746202218497,1.6325379778150284,0.1311844137313944,0.3722933417343924,98.32385655626702,-1.0803376273610723e-19,-5.7979074665185715e-21,-7.155732579913465e-23,3.2003158751075366e-22,8.55449900375075e-16,2.303280644780309e-16,6.874063279525066e-17,1.9508171106882162e-16,7.498700577683038e-14,1.4318230677014492e-17,2.2453428014489738e-17,ACBI1,9.26,36000.0,360,180,360,0,19.306977288832496,2.49e-11,0.1,5.240000000000001e-15
24.0,0.001,0.0,98.7155864509469,1.2844135490531055,0.10493221078494977,0.33754551998317844,98.64661270404117,-7.671965072814847e-20,-4.20981602899032e-21,-5.083951681038681e-23,4.298045343897648e-22,6.730326997038273e-16,1.8406438641224993e-16,5.498447845131368e-17,1.7687385247118552e-16,7.496895337460654e-14,1.4368815138000976e-17,2.7192372648531386e-17,ACBI1,9.26,36000.0,360,180,360,0,23.29951810515372,2.49e-11,0.1,5.240000000000001e-15
24.0,0.001,0.0,98.94939016463324,1.0506098353667528,0.08635133641883977,0.3160102811403487,98.92790576727819,-5.627167319998383e-20,-3.127533539041598e-21,-3.73210749014612e-23,5.532420099621567e-22,5.5051955373217845e-16,1.4984397044021822e-16,4.5248100283472044e-17,1.6558938731754274e-16,7.495775357944459e-14,1.440278976749995e-17,3.28931547443457e-17,ACBI1,9.26,36000.0,360,180,360,0,28.11768697974228,2.49e-11,0.1,5.240000000000001e-15
24.0,0.001,0.0,99.10804183796849,0.8919581620315146,0.07299158365557651,0.3047966254770072,99.12277449780707,-4.2523259825492895e-20,-2.374114822694958e-21,-2.823654246174426e-23,6.958164180580944e-22,4.673860769045137e-16,1.2418786047218987e-16,3.824758983552209e-17,1.5971343174995178e-16,7.49519028722652e-14,1.4425844209914928e-17,3.9758760389584165e-17,ACBI1,9.26,36000.0,360,180,360,0,33.93221771895326,2.49e-11,0.1,5.240000000000001e-15
24.0,0.001,0.0,99.21558892351744,0.7844110764825597,0.06323394073020351,0.30211042617981937,99.21823878584304,-3.301025499913447e-20,-1.839362729430494e-21,-2.1952928508052374e-23,8.632760776533968e-22,4.110314040768613e-16,1.0470256936217414e-16,3.313458494262664e-17,1.5830586331822537e-16,7.495046795703541e-14,1.4441471860686982e-17,4.803255470444001e-17,ACBI1,9.26,36000.0,360,180,360,0,40.94915062380423,2.49e-11,0.1,5.240000000000001e-15
24.0,0.001,0.0,99.28697546597596,0.7130245340240389,0.055998667863794885,0.30693925551192197,99.2901091543048,-2.6237064898062054e-20,-1.452956446885595e-21,-1.7480189727366915e-23,1.0620083434328185e-21,3.7362485582859643e-16,8.972565180729872e-17,2.934330196062852e-17,1.6083616988824712e-16,7.495292143920635e-14,1.445184375411678e-17,5.800695373397017e-17,ACBI1,9.26,36000.0,360,180,360,0,49.417133613238335,2.49e-11,0.1,5.240000000000001e-15
24.0,0.001,0.0,99.33154972058745,0.6684502794125546,0.05055709132979237,0.31884934502450335,99.33213499893728,-2.1272256161433444e-20,-1.1690826318649484e-21,-1.4202209975492173e-23,1.2993621694364735e-21,3.502679464121786e-16,7.808842459909946e-17,2.6491915856811205e-17,1.6707705679283977e-16,7.49590360894633e-14,1.4458317993374847e-17,7.003370322016513e-17,ACBI1,9.26,36000.0,360,180,360,0,59.63623316594643,2.49e-11,0.1,5.240000000000001e-15
24.0,0.001,0.0,99.35512519453306,0.6448748054669345,0.046410812738913884,0.3378606464163737,99.34757819716766,-1.7520210036145425e-20,-9.573317283023483e-22,-1.1725268774632339e-23,1.5839690555414021e-21,3.379143980646737e-16,6.895824168567871e-17,2.4319265875190878e-17,1.7703897872217983e-16,7.496881979778417e-14,1.446173911223214e-17,8.453611815302533e-17,ACBI1,9.26,36000.0,360,180,360,0,71.96856730011514,2.49e-11,0.1,5.240000000000001e-15
24.0,0.001,0.0,99.36120273517133,0.6387972648286618,0.04321401775538257,0.36437586623245266,99.36178358550104,-1.4589227521063045e-20,-7.971631424448219e-22,-9.790540861784399e-24,1.926089330577692e-21,3.347297667702188e-16,6.173353773067292e-17,2.2644145303820468e-17,1.909329539058052e-16,7.498247859867198e-14,1.446261559041807e-17,1.0202368785567634e-16,ACBI1,9.26,36000.0,360,180,360,0,86.85113737513521,2.49e-11,0.1,5.240000000000001e-15
24.0,0.001,0.0,99.35169956861873,0.6483004313812715,0.040723195817801906,0.39914749587866405,99.35627761664153,-1.2213632383988745e-20,-6.7446996344739325e-22,-8.22256069466095e-24,2.338005274849709e-21,3.397094260437863e-16,5.597357414350534e-17,2.13389546085282e-17,2.0915328784041996e-16,7.500039943168233e-14,1.4461225752855577e-17,1.231095108220307e-16,ACBI1,9.26,36000.0,360,180,360,0,104.81131341546853,2.49e-11,0.1,5.240000000000001e-15
24.0,0.001,0.0,99.32738300165197,0.6726169983480298,0.03876431481114715,0.4432727209659734,99.32793753626844,-1.02067081761181e-20,-5.794052697705209e-22,-6.89805850162944e-24,2.834480667900988e-21,3.524513071343676e-16,5.135099759588277e-17,2.0312500961041107e-17,2.322749057861701e-16,7.502314736659861e-14,1.4457680766652058e-17,1.4853109182878211e-16,ACBI1,9.26,36000.0,360,180,360,0,126.48552168552958,2.49e-11,0.1,5.240000000000001e-15
24.0,0.001,0.0,99.28812266987866,0.7118773301213366,0.03721116803126529,0.4982100976426852,99.28855000299622,-8.431565478768426e-21,-5.049876755351569e-22,-5.7266836766321906e-24,3.4333075906061325e-21,3.730237209835804e-16,4.761946045172755e-17,1.9498652048383016e-17,2.610620911647671e-16,7.505147410990224e-14,1.4451961276297557e-17,1.7917510946546798e-16,ACBI1,9.26,36000.0,360,180,360,0,152.6417967175232,2.49e-11,0.1,5.240000000000001e-15
24.0,0.001,0.0,99.23302749081184,0.7669725091881673,0.035970926558213025,0.5658145665959191,99.23041070470966,-6.782606084575413e-21,-4.461912043414534e-22,-4.6387947900953864e-24,4.155962730622687e-21,4.018935948145997e-16,4.459125824914506e-17,1.8848765516503625e-17,2.9648683289626164e-16,7.508633600575192e-14,1.444393728645729e-17,2.1610684208247441e-16,ACBI1,9.26,36000.0,360,180,360,0,184.20699693267144,2.49e-11,0.1,5.240000000000001e-15
24.0,0.001,0.0,99.16050601756491,0.8394939824350865,0.03497438141435754,0.6483891669162238,99.16126109262422,-5.173332204157516e-21,-3.9934384278196058e-22,-3.577385597564136e-24,5.0284001039816265e-21,4.3989484679598537e-16,4.212168972326726e-17,1.832657586112335e-17,3.397559234641013e-16,7.512892067635954e-14,1.4433376912923903e-17,2.6060501904140943e-16,ACBI1,9.26,36000.0,360,180,360,0,222.29964825261933,2.49e-11,0.1,5.240000000000001e-15
24.0,0.001,0.0,99.06827287839323,0.9317271216067682,0.034169269418440666,0.7487530058181918,99.06529786382275,-3.527982309865557e-21,-3.617233651902536e-22,-2.4925716908358832e-24,6.082010986790766e-21,4.882250117219465e-16,4.009797456148202e-17,1.790469717526291e-17,3.923465750487325e-16,7.518068206724205e-14,1.4419947296694766e-17,3.142029337000984e-16,ACBI1,9.26,36000.0,360,180,360,0,268.26957952797244,2.49e-11,0.1,5.240000000000001e-15
24.0,0.001,0.0,98.95331453648092,1.0466854635190788,0.03351564880672174,0.8703258177747666,98.95198828451464,-1.7754663864911153e-21,-3.3128315241154893e-22,-1.337615427858999e-24,7.354788300752132e-21,5.484631828839973e-16,3.843129496832055e-17,1.756219997472219e-17,4.560507285139777e-16,7.524338406742163e-14,1.440320960327218e-17,3.787367017521635e-16,ACBI1,9.26,36000.0,360,180,360,0,323.74575428176433,2.49e-11,0.1,5.240000000000001e-15
24.0,0.001,0.0,98.81182199304412,1.18817800695588,0.03298265281739923,1.017229904094,98.81181170242785,1.5535221086589708e-22,-3.0646324226096377e-22,-6.58477974806083e-26,8.892739901649883e-21,6.226052756448812e-16,3.705100249677164e-17,1.72829100763172e-17,5.330284697452561e-16,7.531915311347144e-14,1.4382609214120284e-17,4.564015536516487e-16,ACBI1,9.26,36000.0,360,180,360,0,390.6939937054613,2.49e-11,0.1,5.240000000000001e-15
24.0,0.001,0.0,98.63909477899568,1.3609052210043093,0.03254618037884247,1.194410411516564,98.63871837849858,2.339643748736779e-21,-2.860568014046721e-22,1.3719427101496914e-24,1.0751601461432802e-20,7.131143358062581e-16,3.5900343019842384e-17,1.7054198518513457e-17,6.258710556346796e-16,7.541054027574903e-14,1.4357461741043405e-17,5.498169838041235e-16,ACBI1,9.26,36000.0,360,180,360,0,471.486636345739,2.49e-11,0.1,5.240000000000001e-15
24.0,0.001,0.0,98.42941882139334,1.5705811786066528,0.032187231600798984,1.4077747608755975,98.43766139693861,4.860282692550302e-21,-2.6911704056194947e-22,3.0298538093292413e-24,1.2998908002751915e-20,8.2298453758988615e-16,3.4933258451813456e-17,1.6866109358818668e-17,7.376739746988131e-16,7.552059325263944e-14,1.4326935238773106e-17,6.621014001715357e-16,ACBI1,9.26,36000.0,360,180,360,0,568.9866029018293,2.49e-11,0.1,5.240000000000001e-15
24.0,0.001,0.0,98.17592012339126,1.824079876608729,0.031890692220641906,1.664351497288259,98.17409697302313,7.811492722712903e-21,-2.548885291750163e-22,4.969196558472724e-24,1.5716483679661443e-20,9.55817855342974e-16,3.4111961042066415e-17,1.671072272361636e-17,8.721201845790477e-16,7.565293842532926e-14,1.4290028897147166e-17,7.969565673072791e-16,ACBI1,9.26,36000.0,360,180,360,0,686.6488450042998,2.49e-11,0.1,5.240000000000001e-15
24.0,0.001,0.0,97.87039650729227,2.129603492707728,0.03164443439182861,1.9724677717946182,97.86974308659845,1.130267177554849e-20,-2.427565939262726e-22,7.260863520549635e-24,1.900340301315115e-20,1.1159122301788494e-15,3.34050685583136e-17,1.658168362131819e-17,1.0335731124203799e-15,7.58118725855937e-14,1.4245548539750943e-17,9.58761533786716e-16,ACBI1,9.26,36000.0,360,180,360,0,828.6427728546843,2.49e-11,0.1,5.240000000000001e-15
24.0,0.001,0.0,97.50313095776627,2.4968690422337314,0.03143864308088731,2.3419428947106327,97.50413265610777,1.5462522623483413e-20,-2.3220920334594015e-22,9.987849962537373e-24,2.2979443266745123e-20,1.3083593781304753e-15,3.2786151803736446e-17,1.6473848974384952e-17,1.2271780768283716e-15,7.600246304808213e-14,1.4192079443512034e-17,1.1526747764272556e-15,ACBI1,9.26,36000.0,360,180,360,0,1000.0,2.49e-11,0.1,5.240000000000001e-15
24.0,0.001,0.0,0.0001254373637777917,99.99987456263622,0.15165121802729328,0.15278485140198947,0.00019008063772973927,-1.2002471120763676e-20,8.939510193392202e-20,5.439732251599371e-26,4.784257704596991e-28,5.239993427082138e-13,1.600283475171609e-15,7.946523824630168e-16,8.005926213464247e-16,7.563629163972541e-14,2.159212375702818e-22,1.753722076617904e-24,ACBI1,9.26,36000.0,360,180,360,0,0.1,2.49e-11,1.0,5.24e-14
24.0,0.001,0.0,0.0002646441630673735,99.99973535583693,0.18266463969915425,0.18431349125139118,0.000397440659150039,-2.5354947853428316e-20,1.091532931417285e-19,1.1641460016994626e-25,1.2359284676590792e-27,5.239986132645855e-13,1.9305134518999885e-15,9.571627120235683e-16,9.658026941572898e-16,7.579840898795135e-14,4.556346868632971e-22,4.4659253468613514e-24,ACBI1,9.26,36000.0,360,180,360,0,0.12067926406393285,2.49e-11,1.0,5.24e-14
24.0,0.001,0.0,0.000557730346500307,99.9994422696535,0.21993403061451097,0.2223316228815801,0.0005845506131363365,-5.351733241639805e-20,1.3356092440102775e-19,2.4955016725789327e-25,3.198036043086657e-27,5.239970774929844e-13,2.3287112762114317e-15,1.1524543204200375e-15,1.1650177038994796e-15,7.599388779195136e-14,9.604667499345982e-22,1.1360712858749669e-23,ACBI1,9.26,36000.0,360,180,360,0,0.14563484775012436,2.49e-11,1.0,5.24e-14
24.0,0.001,0.0,0.0011738568465915478,99.99882614315341,0.264681760142129,0.2681669761757959,0.0014190054659968254,-1.128470085395349e-19,1.63802931939302e-19,5.359404997088794e-25,8.29048014256777e-27,5.239938489901238e-13,2.8087805209084094e-15,1.386932423144756e-15,1.4051949551611704e-15,7.622955060015235e-14,2.022077773789369e-21,2.886348862960321e-23,ACBI1,9.26,36000.0,360,180,360,0,0.1757510624854792,2.49e-11,1.0,5.24e-14
24.0,0.001,0.0,0.0024667032623852947,99.99753329673761,0.318350488293882,0.32341473493813966,0.0029289516995212317,-2.376603941989186e-19,2.0135402369236846e-19,1.1532918088373266e-24,2.1535202444405843e-26,5.239870744749051e-13,3.3874231154484445e-15,1.6681565586599416e-15,1.6946932110758516e-15,7.651359300629739e-14,4.250591414555598e-21,7.321954325098905e-23,ACBI1,9.26,36000.0,360,180,360,0,0.21209508879201905,2.49e-11,1.0,5.24e-14
24.0,0.001,0.0,0.005173525893695796,99.9948264741063,0.3826334744378675,0.38998865782802966,0.006118169195157286,-4.997812096409055e-19,2.479681844503575e-19,2.4865521790761454e-24,5.605072512786258e-26,5.23972890724317e-13,4.0846718173069975e-15,2.0049994060544256e-15,2.0435405670188753e-15,7.685584579414452e-14,8.918635485757956e-21,1.8539649238904511e-22,ACBI1,9.26,36000.0,360,180,360,0,0.2559547922699536,2.49e-11,1.0,5.24e-14
24.0,0.001,0.0,0.010825559323890843,99.98917444067611,0.4595032099144096,0.4701794427780004,0.01354703139443414,-1.0490949365027652e-18,3.0549566214718544e-19,5.3687851391197605e-24,1.4611495541764605e-25,5.239432740691428e-13,4.924495494848254e-15,2.4077968199515063e-15,2.463740280156722e-15,7.726807456300478e-14,1.867135564732769e-20,4.68384906119142e-22,ACBI1,9.26,36000.0,360,180,360,0,0.3088843596477481,2.49e-11,1.0,5.24e-14
24.0,0.001,0.0,0.022588885530993252,99.977411114469,0.5512327281913486,0.5667182338959431,0.026945475743023195,-2.1972254351818197e-18,3.752079884807111e-19,1.159220249070747e-23,3.8101787280287685e-25,5.238816342398176e-13,5.9354520733194015e-15,2.8884594957226665e-15,2.9696035456147417e-15,7.776430704720923e-14,3.898278178426206e-20,1.1801086560532736e-21,ACBI1,9.26,36000.0,360,180,360,0,0.372759372031494,2.49e-11,1.0,5.24e-14
24.0,0.001,0.0,0.04697375958855332,99.95302624041145,0.6603978640510919,0.6828381313038068,0.056008526574014006,-4.588899779025861e-18,4.558234470917836e-19,2.494924327969856e-23,9.909484631146283e-25,5.23753857499756e-13,7.151308071564503e-15,3.4604848076277214e-15,3.578071808031947e-15,7.836115427845176e-14,8.111986059987303e-20,2.963441264465274e-21,ACBI1,9.26,36000.0,360,180,360,0,0.44984326689694454,2.49e-11,1.0,5.24e-14
24.0,0.001,0.0,0.09727403869239026,99.90272596130761,0.7898357676083265,0.8223143467130843,0.11142966856222403,-9.549104054184596e-18,5.382423145345865e-19,5.314983302358287e-23,2.5540323616516213e-24,5.234902840372519e-13,8.611409560623748e-15,4.138739422267631e-15,4.3089271767765614e-15,7.907803359806194e-14,1.681130565049919e-19,7.411190374243899e-21,ACBI1,9.26,36000.0,360,180,360,0,0.5428675439323859,2.49e-11,1.0,5.24e-14
24.0,0.001,0.0,0.2003934769784621,99.79960652302154,0.9425070634921224,0.9894348632780001,0.2401342284549579,-1.977454811184002e-17,5.922316822575837e-19,1.1039763887801892e-22,6.434502090742873e-24,5.229499381806329e-13,1.036027633386462e-14,4.938737012698721e-15,5.1846386835767206e-15,7.993706499444482e-14,3.4661313903505663e-19,1.843936717174724e-20,ACBI1,9.26,36000.0,360,180,360,0,0.6551285568595507,2.49e-11,1.0,5.24e-14
24.0,0.001,0.0,0.41013340009598664,99.58986659990401,1.1211495591861866,1.1887876894329963,0.4124018607541524,-4.067212072393528e-17,5.34117436238423e-19,2.16064352591075e-22,1.5366555260962997e-23,5.21850900983497e-13,1.2445181601939623e-14,5.874823690135618e-15,6.229247492628901e-15,8.09621010171788e-14,7.099500621190366e-19,4.557641346803026e-20,ACBI1,9.26,36000.0,360,180,360,0,0.7906043210907697,2.49e-11,1.0,5.24e-14
24.0,0.001,0.0,0.8323104149062743,99.16768958509373,1.3274892983654587,1.4246068985555607,0.9869011856506349,-8.281672800193168e-17,1.519652535906322e-19,3.6321182275471205e-22,3.2103372366701887e-23,5.196386934258912e-13,1.4908939472933035e-14,6.9560439234350035e-15,7.464940148431138e-15,8.217566980445039e-14,1.4415205149974027e-18,1.1167136852708797e-19,ACBI1,9.26,36000.0,360,180,360,0,0.9540954763499939,2.49e-11,1.0,5.24e-14
24.0,0.001,0.0,1.6700150176247206,98.32998498237528,1.5605440566782167,1.6991270210350413,1.734979862375119,-1.6599690377010124e-16,-1.0558604960822971e-18,3.394425172618774e-22,4.20614895700758e-23,5.152491213076464e-13,1.7772018713532936e-14,8.177250856993855e-15,8.903425590223617e-15,8.359121976440814e-14,2.891902147191333e-18,2.7034141395110776e-19,ACBI1,9.26,36000.0,360,180,360,0,1.151395399326447,2.49e-11,1.0,5.24e-14
24.0,0.001,0.0,3.2983907501826053,96.7016092498174,1.8131941202212922,2.008880981294812,3.9950179577022515,-3.2420577189632914e-16,-4.185017557870328e-18,-1.0506600054149057e-21,-9.283991896411456e-23,5.067164324690431e-13,2.0992718575147742e-14,9.50113718995957e-15,1.0526536341984816e-14,8.51955597493069e-14,5.701562569397885e-18,6.431848206220221e-19,ACBI1,9.26,36000.0,360,180,360,0,1.3894954943731375,2.49e-11,1.0,5.24e-14
24.0,0.001,0.0,6.367376130735607,93.63262386926439,2.065913056553794,2.337271279927683,7.3227475813598115,-6.056834791362767e-16,-1.1329782738182122e-17,-8.797242931918472e-21,-1.1406799552965646e-21,4.906349490749454e-13,2.4388039129386767e-14,1.0825384416341881e-14,1.2247301506821058e-14,8.691317198674066e-14,1.0950523810106501e-17,1.4907590310778814e-18,ACBI1,9.26,36000.0,360,180,360,0,1.6768329368110073,2.49e-11,1.0,5.24e-14
24.0,0.001,0.0,11.87892476539561,88.12107523460439,2.27746206252385,2.642191678935358,13.592697148111299,-1.0461207056453042e-15,-2.546468136388703e-17,-3.963559555208193e-20,-6.421767798267412e-21,4.61754434229327e-13,2.7503548827812495e-14,1.1933901207624972e-14,1.3845084397621276e-14,8.854467143976507e-14,2.0196325785337362e-17,3.318310833530768e-18,ACBI1,9.26,36000.0,360,180,360,0,2.0235896477251565,2.49e-11,1.0,5.24e-14
24.0,0.001,0.0,21.039429488432262,78.96057051156774,2.377902065246482,2.843205305649512,22.555899985179984,-1.5666125993859378e-15,-4.742846580024451e-17,-1.3419932925789785e-19,-2.6645368657513942e-20,4.13753389480615e-13,2.948296782766645e-14,1.2460206821891567e-14,1.4898395801603442e-14,8.969408278460241e-14,3.49757601425823e-17,6.936717561512473e-18,ACBI1,9.26,36000.0,360,180,360,0,2.442053094548651,2.49e-11,1.0,5.24e-14
24.0,0.001,0.0,34.47078942378144,65.52921057621856,2.2846494836797664,2.832125499485172,34.73767198352553,-1.7928914093159396e-15,-6.639541232016978e-17,-3.306289564400007e-19,-8.010032212166251e-20,3.4337306341938523e-13,2.9192587338267464e-14,1.1971563294481976e-14,1.48403376173023e-14,8.978538415071413e-14,5.515440296493589e-17,1.3205956894523893e-17,ACBI1,9.26,36000.0,360,180,360,0,2.9470517025518097,2.49e-11,1.0,5.24e-14
24.0,0.001,0.0,50.66926702181779,49.33073297818221,1.9732392068506788,2.553200459474372,50.60604376236386,-1.196051248810644e-15,-5.505310975105227e-17,-4.858558228340786e-19,-1.4392777723384618e-19,2.584930408056748e-13,2.607718998029535e-14,1.0339773443897556e-14,1.3378770407645707e-14,8.84101106443374e-14,7.707429768956361e-17,2.227594279203681e-17,ACBI1,9.26,36000.0,360,180,360,0,3.5564803062231287,2.49e-11,1.0,5.24e-14
24.0,0.001,0.0,65.7867596625992,34.21324033740081,1.5518789812063256,2.1115758443434283,65.27348343934712,-1.855573193108395e-16,-1.4254247197777338e-17,-2.676801122729777e-19,-9.899671695134767e-20,1.7927737936798025e-13,2.127482618572317e-14,8.131845861521146e-15,1.1064657424359562e-14,8.59844022218958e-14,9.627172050698368e-17,3.356971231321907e-17,ACBI1,9.26,36000.0,360,180,360,0,4.291934260128776,2.49e-11,1.0,5.24e-14
24.0,0.001,0.0,77.21705698555495,22.78294301444505,1.158937574147945,1.6724571633527856,75.41499458618352,1.0544511609104586e-16,3.471771880390101e-18,1.3287865035497414e-20,1.96443067794206e-21,1.1938262139569204e-13,1.652169843617683e-14,6.072832888535232e-15,8.763675535968595e-15,8.353048648284478e-14,1.1210081317872637e-16,4.715546740431766e-17,ACBI1,9.26,36000.0,360,180,360,0,5.17947467923121,2.49e-11,1.0,5.24e-14
24.0,0.001,0.0,85.17310666141323,14.826893338586771,0.8369275423739617,1.2933900410344634,85.62234896198319,2.4756535361774214e-17,1.0870489323350642e-18,1.7703264085513465e-20,7.818597444923362e-21,7.769292109419468e-14,1.2426020050930319e-14,4.385500322039559e-15,6.777363815020588e-15,8.151136039402068e-14,1.2390542043116705e-16,6.289488208010988e-17,ACBI1,9.26,36000.0,360,180,360,0,6.25055192527397,2.49e-11,1.0,5.24e-14
24.0,0.001,0.0,90.40093627579502,9.599063724204978,0.5938354359132278,0.9927220244322783,90.42642691054648,1.7149436942071906e-18,7.650796968702467e-20,1.307115932183267e-21,5.855246736493211e-22,5.029909391483408e-14,9.180609669860077e-15,3.111697684185314e-15,5.201863408025138e-15,7.994391695307558e-14,1.3157882129117755e-16,8.060381848593591e-17,ACBI1,9.26,36000.0,360,180,360,0,7.543120063354615,2.49e-11,1.0,5.24e-14
24.0,0.001,0.0,93.6936547081274,6.3063452918726,0.4219024593012356,0.7706701955920481,93.71833665387366,-1.4960487065403955e-18,-6.834203217858481e-20,-1.0732687759190494e-21,-3.5376859831822712e-22,3.304524932941243e-14,6.776497359012224e-15,2.2107688867384747e-15,4.0383118249023315e-15,7.878961417393684e-14,1.363804753215721e-16,1.008246276648899e-16,ACBI1,9.26,36000.0,360,180,360,0,9.102981779915218,2.49e-11,1.0,5.24e-14
24.0,0.001,0.0,95.74272191298928,4.25727808701072,0.3038817043995211,0.6124206496640663,95.6171573371211,-1.7486600070815505e-18,-8.326365795511538e-20,-1.2159492652963558e-21,-8.801807057868445e-24,2.2308137175936173e-14,5.0485224370773514e-15,1.5923401310534905e-15,3.2090842042397074e-15,7.796760574066606e-14,1.3936370817337084e-16,1.2433859123638335e-16,ACBI1,9.26,36000.0,360,180,360,0,10.985411419875584,2.49e-11,1.0,5.24e-14
24.0,0.001,0.0,97.0249601924411,2.975039807558898,0.2236115589288075,0.5015696841803043,96.98026667790907,-1.4493274940876787e-18,-7.207009400188939e-20,-9.907956338867124e-22,6.79460816604297e-22,1.5589208591608625e-14,3.817436194273893e-15,1.1717245687869512e-15,2.628225145104795e-15,7.739200401029926e-14,1.4122924574537048e-16,1.520617871528607e-16,ACBI1,9.26,36000.0,360,180,360,0,13.257113655901081,2.49e-11,1.0,5.24e-14
24.0,0.001,0.0,97.83945827470366,2.1605417252963353,0.16887986472453365,0.4247743547257181,97.85155707392202,-1.1073628530249677e-18,-5.718110066208275e-20,-7.494055726625015e-22,1.5090262503371164e-21,1.1321238640552798e-14,2.9378922925136695e-15,8.849304911565562e-16,2.225817618762763e-15,7.699327919861673e-14,1.424138430522158e-16,1.8504819172600338e-16,ACBI1,9.26,36000.0,360,180,360,0,15.998587196060573,2.49e-11,1.0,5.24e-14
24.0,0.001,0.0,98.36688721740548,1.6331127825945244,0.13121417486718012,0.37233677001907084,98.30820192058353,-8.299258748377674e-19,-4.409257346301637e-20,-5.581619476791247e-22,2.440427770430608e-21,8.557510980795308e-15,2.303777824607681e-15,6.875622763040238e-16,1.9510446748999312e-15,7.672098555947052e-14,1.431807745216536e-16,2.2451896975267814e-16,ACBI1,9.26,36000.0,360,180,360,0,19.306977288832496,2.49e-11,1.0,5.24e-14
24.0,0.001,0.0,98.71520207235093,1.2847979276490662,0.1049527477183748,0.33757590548937294,98.64105937206246,-6.24402796410241e-19,-3.3771927646539396e-20,-4.1832706260268047e-22,3.484672611841698e-21,6.732341140881107e-15,1.8410021179885244e-15,5.499523980442839e-16,1.768897744764314e-15,7.654039845498884e-14,1.4368719524641168e-16,2.7190736880593413e-16,ACBI1,9.26,36000.0,360,180,360,0,23.29951810515372,2.49e-11,1.0,5.24e-14
24.0,0.001,0.0,98.94911782094951,1.0508821790504912,0.08636615811348128,0.3160320586845059,98.93083624889975,-4.763074821158351e-19,-2.595067903575109e-20,-3.183836744346869e-22,4.672164925361669e-21,5.506622618224574e-15,1.4987093042839332e-15,4.525586685146419e-16,1.6560079875068109e-15,7.642834591475177e-14,1.4402726123794351e-16,3.289132180656002e-16,ACBI1,9.26,36000.0,360,180,360,0,28.11768697974228,2.49e-11,1.0,5.24e-14
24.0,0.001,0.0,99.10783809820951,0.8921619017904904,0.07300276046511352,0.30481243368915134,99.0724253707823,-3.6988487249852604e-19,-2.0105154498732863e-20,-2.4695368892945572e-22,6.043196785155756e-21,4.674928365382169e-15,1.242090294274363e-15,3.8253446483719485e-16,1.597217152531153e-15,7.636979652538132e-14,1.4425799180092862e-16,3.9756626205946783e-16,ACBI1,9.26,36000.0,360,180,360,0,33.93221771895326,2.49e-11,1.0,5.24e-14
24.0,0.001,0.0,99.2154287387727,0.7845712612272926,0.06324272901893094,0.30212180804202965,99.23695441378864,-2.926856571876653e-19,-1.5744475429117967e-20,-1.953341338342119e-22,7.645448496813778e-21,4.111153408831013e-15,1.047198774579054e-15,3.3139190005919814e-16,1.5831182741402352e-15,7.635541711754867e-14,1.444143815132612e-16,4.802999019840954e-16,ACBI1,9.26,36000.0,360,180,360,0,40.94915062380423,2.49e-11,1.0,5.24e-14
24.0,0.001,0.0,99.28684380409074,0.7131561959092642,0.05600585526395692,0.3069470529059255,99.26445781547993,-2.357622905137062e-19,-1.2477585477537934e-20,-1.573748854487841e-22,9.53401891485245e-21,3.7369384665645445e-15,8.974035128764416e-16,2.934706815831342e-16,1.6084025572270496e-15,7.637993250374583e-14,1.445181719878725e-16,5.800378965787145e-16,ACBI1,9.26,36000.0,360,180,360,0,49.417133613238335,2.49e-11,1.0,5.24e-14
24.0,0.001,0.0,99.33143723019703,0.668562769802977,0.050563189255304425,0.31885390774950034,99.33093010103555,-1.928932664105692e-19,-1.0011716223472802e-20,-1.288436292860147e-22,1.1772409272171046e-20,3.5032689137675997e-15,7.810135893523328e-16,2.649511116977952e-16,1.6707944766073817e-15,7.64410691677135e-14,1.4458296111636014e-16,7.002971059764174e-16,ACBI1,9.26,36000.0,360,180,360,0,59.63623316594643,2.49e-11,1.0,5.24e-14
24.0,0.001,0.0,99.3550258961468,0.6449741038531974,0.046416165927948706,0.3378619264977224,99.35737046777365,-1.5978259486183559e-19,-8.133370452507754e-21,-1.068383732675363e-22,1.443382480054502e-20,3.3796643041907547e-15,6.897000357354535e-16,2.432207094624512e-16,1.7703964948480654e-15,7.653890515222698e-14,1.4461720375604396e-16,8.45309815038561e-16,ACBI1,9.26,36000.0,360,180,360,0,71.96856730011514,2.49e-11,1.0,5.24e-14
24.0,0.001,0.0,99.36111276971971,0.6388872302802917,0.043218868246242895,0.36437343403383904,99.35550979879288,-1.3344258498651643e-19,-6.688329808287494e-21,-8.935130861738038e-23,1.7602447598717347e-20,3.3477690866687285e-15,6.174456420954473e-16,2.2646686961031275e-16,1.9093167943373164e-15,7.66755004050949e-14,1.4462599037199488e-16,1.0201696757297928e-15,ACBI1,9.26,36000.0,360,180,360,0,86.85113737513521,2.49e-11,1.0,5.24e-14
24.0,0.001,0.0,99.35161652611166,0.6483834738883407,0.040727721432411906,0.3991404929004072,99.35752703247041,-1.117609662807032e-19,-5.565241992335939e-21,-7.496867037564605e-23,2.1374355106305905e-20,3.3975294031749055e-15,5.598420568709128e-16,2.1341326030583837e-16,2.091496182798134e-15,7.685472440101925e-14,1.446121078351356e-16,1.2310058972308977e-15,ACBI1,9.26,36000.0,360,180,360,0,104.81131341546853,2.49e-11,1.0,5.24e-14
24.0,0.001,0.0,99.32730559331326,0.6726944066867423,0.038768653072246716,0.4432597497419589,99.33050626221186,-9.320882225823795e-20,-4.6832894418470954e-21,-6.267095364108741e-23,2.585761118252816e-20,3.5249186910385298e-15,5.136151623388227e-16,2.031477420985728e-16,2.3226810886478647e-15,7.708222840349294e-14,1.4457667038810673e-16,1.4851909888351554e-15,ACBI1,9.26,36000.0,360,180,360,0,126.48552168552958,2.49e-11,1.0,5.24e-14
24.0,0.001,0.0,99.28805063015928,0.7119493698407273,0.03721543158182901,0.49818903774073026,99.28613386229789,-7.664705660611423e-20,-3.983284024076427e-21,-5.170154614228888e-23,3.1170739906474166e-20,3.730614697965411e-15,4.76301155123133e-16,1.95008861488784e-16,2.6105105577614263e-15,7.736553056605841e-14,1.4451948660350018e-16,1.791588108063717e-15,ACBI1,9.26,36000.0,360,180,360,0,152.6417967175232,2.49e-11,1.0,5.24e-14
24.0,0.001,0.0,99.2329616634503,0.7670383365496972,0.035975213532370494,0.5657822946419063,99.23062579483121,-6.120021296402087e-20,-3.421348967309405e-21,-4.14817205865186e-23,3.7438224311537814e-20,4.019280883520413e-15,4.460228473137203e-16,1.8851011890962138e-16,2.9646992239235886e-15,7.771419602802369e-14,1.444392586440581e-16,2.16084485306277e-15,ACBI1,9.26,36000.0,360,180,360,0,184.20699693267144,2.49e-11,1.0,5.24e-14
24.0,0.001,0.0,99.16044862225334,0.8395513777466579,0.03497878276750072,0.6483411458298357,99.16293775788697,-4.6177464057301405e-20,-2.964446133124874e-21,-3.155802710368104e-23,4.4780674136690136e-20,4.399249219392487e-15,4.213332229060195e-16,1.8328882170170376e-16,3.397307604148339e-15,7.814010348243729e-14,1.4433367015423555e-16,2.605741111116192e-15,ACBI1,9.26,36000.0,360,180,360,0,222.29964825261933,2.49e-11,1.0,5.24e-14
24.0,0.001,0.0,99.06822798664648,0.9317720133535226,0.03417387441119812,0.7486826924362422,99.07146848745526,-3.102968989115365e-20,-2.587193246632413e-21,-2.1573704927111813e-23,5.3295595417093936e-20,4.882485349972459e-15,4.01104589836962e-16,1.7907110191467812e-16,3.923097308365909e-15,7.865779592114931e-14,1.441993958185908e-16,3.1415992493178477e-15,ACBI1,9.26,36000.0,360,180,360,0,268.26957952797244,2.49e-11,1.0,5.24e-14
24.0,0.001,0.0,98.95328881510383,1.0467111848961619,0.03352054936473118,0.8702238172536273,98.95218348453463,-1.5339497023187154e-20,-2.269562113946871e-21,-1.1262384128110374e-23,6.302168417828745e-20,5.484766608855888e-15,3.844489814407344e-16,1.756476786711914e-16,4.559972802409007e-15,7.928491734861698e-14,1.4403205188503172e-16,3.786765378065177e-15,ACBI1,9.26,36000.0,360,180,360,0,323.74575428176433,2.49e-11,1.0,5.24e-14
24.0,0.001,0.0,98.8118258058577,1.1881741941423032,0.0329879472012952,1.0170827726087934,98.81182298348176,1.1506139928364666e-21,-1.9951611899561642e-21,-4.670119667780808e-25,7.387427380947062e-20,6.2260327773056695e-15,3.706602174919659e-16,1.7285684333478685e-16,5.329513728470078e-15,8.00427397207472e-14,1.4382609881015392e-16,4.563170436008022e-15,ACBI1,9.26,36000.0,360,180,360,0,390.6939937054613,2.49e-11,1.0,5.24e-14
24.0,0.001,0.0,98.63914377482746,1.360856225172535,0.03255197640989755,1.1941989750498787,98.63826512306792,1.8455590147454632e-20,-1.7498751782238947e-21,1.0806775934578168e-23,8.553012254676447e-20,7.130886619904082e-15,3.5917115046704936e-16,1.7057235638786315e-16,6.2576026292613636e-15,8.095678539704707e-14,1.4357470245116515e-16,5.496979148078996e-15,ACBI1,9.26,36000.0,360,180,360,0,471.486636345739,2.49e-11,1.0,5.24e-14
24.0,0.001,0.0,98.42953617910568,1.57046382089432,0.03219364954520103,1.4074717780900177,98.43043192895368,3.6176655759529326e-20,-1.5206994606028914e-21,2.2280940816747796e-23,9.722269515733351e-20,8.229230421486236e-15,3.495216804868101e-16,1.6869472361685337e-16,7.375152117191693e-15,8.205754991922358e-14,1.432695577255434e-16,6.619333085845401e-15,ACBI1,9.26,36000.0,360,180,360,0,568.9866029018293,2.49e-11,1.0,5.24e-14
24.0,0.001,0.0,98.17613966927256,1.8238603307274368,0.03189786730384502,1.6639184530827176,98.17115423640426,5.317677726090456e-20,-1.294617188446509e-21,3.320145156119711e-23,1.0737796103081811e-19,9.55702813301177e-15,3.4133449437907017e-16,1.671448246721479e-16,8.718932694153439e-15,8.33813276482298e-14,1.4290067780533785e-16,7.96719054484688e-15,ACBI1,9.26,36000.0,360,180,360,0,686.6488450042998,2.49e-11,1.0,5.24e-14
24.0,0.001,0.0,97.87076695463456,2.1292330453654436,0.03165251876349006,1.9718505578204135,97.86206789971766,6.69815919799475e-20,-1.0573595340535314e-21,4.196957741385624e-23,1.1296311134804693e-19,1.1157181157714923e-14,3.34296408456079e-16,1.6585919832068794e-16,1.0332496922978966e-14,8.497113820869925e-14,1.4245615250732367e-16,9.58425999148582e-15,ACBI1,9.26,36000.0,360,180,360,0,828.6427728546843,2.49e-11,1.0,5.24e-14
24.0,0.001,0.0,97.50372151398855,2.4962784860114424,0.03144780684780729,2.3410661438371125,97.51363630407549,7.2679191160511e-20,-7.918718295240594e-22,4.5479383664252806e-23,1.0831253184061909e-19,1.3080499266699956e-14,3.2814382434458443e-16,1.647865078825102e-16,1.226718659370647e-14,8.687774415799405e-14,1.4192188165038571e-16,1.1522014462154188e-14,ACBI1,9.26,36000.0,360,180,360,0,1000.0,2.49e-11,1.0,5.24e-14
24.0,0.001,0.0,0.00012356372772615032,99.99987643627227,0.15136186218438735,0.15249243532704598,0.0001474267848466937,-1.2653131572418828e-19,1.6687755710628278e-18,1.0121849824247194e-24,8.899804510222042e-27,5.239993525260667e-12,1.5972198064826995e-14,7.931361578461896e-15,7.990603611137209e-15,8.319067803087604e-14,2.150014737109669e-21,1.745621317260216e-23,ACBI1,9.26,36000.0,360,180,360,0,0.1,2.49e-11,10.0,5.24e-13
24.0,0.001,0.0,0.00025989487866695526,99.99974010512133,0.18224110825066733,0.18388454762946696,0.0002809690662575193,-2.6994490148002084e-19,2.2586042548668538e-18,2.3993055078355817e-24,2.5463285632961306e-26,5.239986381508358e-12,1.9260193465555412e-14,9.549434072334967e-15,9.635550295784067e-15,8.480143011147463e-14,4.532761145526191e-21,4.440856948331816e-23,ACBI1,9.26,36000.0,360,180,360,0,0.12067926406393285,2.49e-11,10.0,5.24e-13
24.0,0.001,0.0,0.0005456770472562766,99.99945432295274,0.2193125769469997,0.221700571478494,0.000645452185144002,-5.765199218109054e-19,3.1096467533453518e-18,5.781435215641888e-24,7.405462254492567e-26,5.239971406522723e-12,2.3220996146429234e-14,1.1491979032022783e-14,1.1617109945473085e-14,8.674076716321148e-14,9.544076753808686e-21,1.1282996902802536e-22,ACBI1,9.26,36000.0,360,180,360,0,0.14563484775012436,2.49e-11,10.0,5.24e-13
24.0,0.001,0.0,0.001143239448509803,99.99885676055149,0.2637672404252085,0.26723538146967124,0.001377325716089839,-1.2327509912752295e-18,4.3603594525595916e-18,1.4176415860161526e-23,2.191551937423509e-25,5.239940094252897e-12,2.7990199378888783e-14,1.3821403398280922e-14,1.400313398901077e-14,8.907436605988854e-14,2.0064793483323138e-20,2.862204862709684e-22,ACBI1,9.26,36000.0,360,180,360,0,0.1757510624854792,2.49e-11,10.0,5.24e-13
24.0,0.001,0.0,0.0023888896691772743,99.99761111033082,0.3170000242781683,0.3220337765231918,0.0031127985583911943,-2.6394199677651126e-18,6.2314632980553134e-18,3.539419290981344e-23,6.603414676424171e-25,5.239874822181334e-12,3.3729543467680554e-14,1.6610801272176017e-14,1.687456988981525e-14,9.188026627761735e-14,4.210333809504127e-20,7.246757673269537e-22,ACBI1,9.26,36000.0,360,180,360,0,0.21209508879201905,2.49e-11,10.0,5.24e-13
24.0,0.001,0.0,0.004975745415876531,99.99502425458412,0.38063099395628686,0.387931466385007,0.004779216649630769,-5.659018812087282e-18,9.076968741140791e-18,8.996872328825584e-23,2.0256413218576863e-24,5.239739270940207e-12,4.063117909886195e-14,1.994506408330943e-14,2.0327608838574363e-14,9.525071291653088e-14,8.814423539118476e-20,1.8304747008794145e-21,ACBI1,9.26,36000.0,360,180,360,0,0.2559547922699536,2.49e-11,10.0,5.24e-13
24.0,0.001,0.0,0.010323076649058294,99.98967692335094,0.456519500650292,0.46709704206961344,0.012947330132417889,-1.2149394851263776e-17,1.3464975568301626e-17,2.3259814963753755e-22,6.319681709658531e-24,5.239459070783589e-12,4.8922003983184496e-14,2.3921621834075297e-14,2.447588500444774e-14,9.929391837793612e-14,1.840064348031316e-19,4.610212589985615e-21,ACBI1,9.26,36000.0,360,180,360,0,0.3088843596477481,2.49e-11,10.0,5.24e-13
24.0,0.001,0.0,0.021313749184741937,99.97868625081526,0.5467627187315127,0.5620690963922925,0.025331139959794413,-2.6112472616072697e-17,2.0300511290116398e-17,6.102857219080832e-22,2.000892684501027e-23,5.238883159542719e-12,5.886743211481911e-14,2.8650366461531264e-14,2.9452420650956126e-14,1.0413539888723184e-13,3.827681065481439e-19,1.1569355487666222e-20,ACBI1,9.26,36000.0,360,180,360,0,0.372759372031494,2.49e-11,10.0,5.24e-13
24.0,0.001,0.0,0.04374492133298702,99.95625507866701,0.6536632901083804,0.6757762837866874,0.05444579216810075,-5.615441907533864e-17,3.099888503659064e-17,1.6192950310049388e-21,6.406228211494485e-23,5.237707766122151e-12,7.077325882143299e-14,3.425195640167913e-14,3.5410677270422416e-14,1.0991823328642287e-13,7.927161303299425e-19,2.8902317092452096e-20,ACBI1,9.26,36000.0,360,180,360,0,0.44984326689694454,2.49e-11,10.0,5.24e-13
24.0,0.001,0.0,0.08912816049358696,99.91087183950641,0.7796393673606049,0.8115162744595598,0.10835298241961278,-1.207019856385198e-16,4.769679118391313e-17,4.3226709414356286e-21,2.0634833660229817e-22,5.235329684390136e-12,8.49829927520686e-14,4.0853102849695694e-14,4.252345278168093e-14,1.1680106221448965e-13,1.6325931847598955e-18,7.179185261204931e-20,ACBI1,9.26,36000.0,360,180,360,0,0.5428675439323859,2.49e-11,10.0,5.24e-13
24.0,0.001,0.0,0.17996399597950585,99.8200360040205,0.9270318535480221,0.972848739354477,0.3330243187039672,-2.588727581512161e-16,7.342536184585419e-17,1.1530221048582681e-20,6.641300219858895e-22,5.230569886610673e-12,1.0186575214023966e-13,4.857646912591635e-14,5.0977273942174595e-14,1.2495178588028197e-13,3.338566936251906e-18,1.7703531472408768e-19,ACBI1,9.26,36000.0,360,180,360,0,0.6551285568595507,2.49e-11,10.0,5.24e-13
24.0,0.001,0.0,0.35937100700407143,99.64062899299593,1.09773617789377,1.1633236219263896,0.44452198229554263,-5.525069734469809e-16,1.1202294760580957e-16,3.0468053039651695e-20,2.1175944637400106e-21,5.221168959232986e-12,1.217861198286531e-13,5.752137572163354e-14,6.095815778894282e-14,1.345336318698009e-13,6.765586250413476e-18,4.325173684179951e-19,ACBI1,9.26,36000.0,360,180,360,0,0.7906043210907697,2.49e-11,10.0,5.24e-13
24.0,0.001,0.0,0.7079737536414967,99.2920262463585,1.292550846782456,1.3859168876396721,0.6499683940544898,-1.1689814947787411e-15,1.6728325776387677e-16,7.893844403811581e-20,6.621238677667836e-21,5.202902175309185e-12,1.450419850187189e-13,6.772966437140069e-14,7.26220449123188e-14,1.456785755608599e-13,1.3552122121440815e-17,1.0441752279744883e-18,ACBI1,9.26,36000.0,360,180,360,0,0.9540954763499939,2.49e-11,10.0,5.24e-13
24.0,0.001,0.0,1.3720617531883335,98.62793824681167,1.5101010965307815,1.6419864376465503,1.5889998591635202,-2.4394801278119005e-15,2.4038952931176465e-16,1.9814566700223021e-19,2.0067066085418258e-20,5.168103964132931e-12,1.7174989292780957e-13,7.912929745821294e-14,8.604008933267924e-14,1.5844131644582068e-13,2.6747454762349553e-17,2.4829530898089695e-18,ACBI1,9.26,36000.0,360,180,360,0,1.151395399326447,2.49e-11,10.0,5.24e-13
24.0,0.001,0.0,2.6077240583882713,97.39227594161173,1.7451792337111083,1.9295043768263762,3.6043913884088785,-4.990273970984702e-15,3.2414017243002897e-16,4.754159857830668e-19,5.819680568976797e-20,5.103355259340454e-12,2.0165130038407456e-13,9.144739184646206e-14,1.0110602934570211e-13,1.7272572143950762e-13,5.1818744546901784e-17,5.793709888306548e-18,ACBI1,9.26,36000.0,360,180,360,0,1.3894954943731375,2.49e-11,10.0,5.24e-13
24.0,0.001,0.0,4.845225658546553,95.15477434145345,1.9863403681599379,2.2402647948980547,6.284852111783601,-9.937596327769206e-15,3.919558733976319e-16,1.0735064619249139e-18,1.5924067559598567e-19,4.98611017549216e-12,2.3380726462458596e-13,1.0408423529158073e-13,1.1738987525265806e-13,1.881745841987466e-13,9.812938549553644e-17,1.3212898752312309e-17,ACBI1,9.26,36000.0,360,180,360,0,1.6768329368110073,2.49e-11,10.0,5.24e-13
24.0,0.001,0.0,8.775977154516127,91.22402284548387,2.212483834381664,2.555572911748017,11.187436738125111,-1.9125350511952906e-14,3.78900310976911e-16,2.2348525319026717e-18,4.0405893174963343e-19,4.7801387971033544e-12,2.661296162832106e-13,1.1593415292159919e-13,1.3391202057559605e-13,2.0400740986207562e-13,1.8086519667120597e-16,2.933939886980741e-17,ACBI1,9.26,36000.0,360,180,360,0,2.0235896477251565,2.49e-11,10.0,5.24e-13
24.0,0.001,0.0,15.461303460417327,84.53869653958267,2.3874591254861857,2.8389829299572145,23.301828728714913,-3.528802940073706e-14,1.4888607722422237e-16,4.125793393039354e-18,9.224986819407956e-19,4.429827698674132e-12,2.9460075712511666e-13,1.251028581754761e-13,1.4876270552975801e-13,2.1875761502457593e-13,3.2307016537030197e-16,6.323440344464742e-17,ACBI1,9.26,36000.0,360,180,360,0,2.442053094548651,2.49e-11,10.0,5.24e-13
24.0,0.001,0.0,26.45116676249546,73.54883323750454,2.4489940064196993,3.0208288764034936,26.811741495781494,-6.160601801094835e-14,-5.680617714876951e-16,5.91893399475938e-18,1.7200574422947714e-18,3.853958861645238e-12,3.1164473959522227e-13,1.2832728593639223e-13,1.5829143312354305e-13,2.2972405667682764e-13,5.561392551290057e-16,1.318612967306352e-16,ACBI1,9.26,36000.0,360,180,360,0,2.9470517025518097,2.49e-11,10.0,5.24e-13
24.0,0.001,0.0,43.78805152491307,56.21194847508693,2.279365421025896,2.9549930047152615,49.98152650080131,-9.721256089503163e-14,-2.272763308536463e-15,5.055279718848582e-19,9.92682853068062e-19,2.945506100094555e-12,3.016982743650665e-13,1.1943874806175692e-13,1.548416334470797e-13,2.314196815968136e-13,9.073943080155478e-16,2.6307576784384923e-16,ACBI1,9.26,36000.0,360,180,360,0,3.5564803062231287,2.49e-11,10.0,5.24e-13
24.0,0.001,0.0,68.28082191593711,31.719178084062882,1.6514011214708917,2.3085716810181274,66.2476666505116,-9.716824762497229e-14,-4.608643758763492e-15,-5.671393467936371e-17,-1.983246709190186e-17,1.662084931604895e-12,2.3081954978430853e-13,8.65334187650747e-14,1.2096915608534987e-13,2.105703697934334e-13,1.2637770957347507e-15,4.567155107742541e-16,ACBI1,9.26,36000.0,360,180,360,0,4.291934260128776,2.49e-11,10.0,5.24e-13
24.0,0.001,0.0,84.20664648820635,15.793353511793654,0.9006436699800452,1.3360314466012384,73.35978228802095,6.675114180402733e-14,1.4908290511076577e-15,-5.176072955701412e-17,-2.897541579423459e-17,8.275717240179874e-13,1.3066181854035355e-13,4.7193728306954364e-14,7.000804780190489e-14,1.573153084689076e-13,1.04025468276167e-15,4.512724345674161e-16,ACBI1,9.26,36000.0,360,180,360,0,5.17947467923121,2.49e-11,10.0,5.24e-13
24.0,0.001,0.0,85.24425235766718,14.755747642332823,0.8019774898603816,1.2270288182397189,84.48424847776275,4.252030843815784e-14,1.7011437449714211e-15,2.2361618327788762e-17,9.238086797080834e-18,7.732011764582399e-13,1.1833422158219e-13,4.202362046868399e-14,6.429631007576126e-14,1.352938523735812e-13,1.1226654831000666e-15,5.644190865354498e-16,ACBI1,9.26,36000.0,360,180,360,0,6.25055192527397,2.49e-11,10.0,5.24e-13
24.0,0.001,0.0,89.93719543982222,10.062804560177787,0.6093281084361796,1.0113868880780337,89.85451571112026,1.0109185751131776e-15,1.3811350248813233e-16,1.0585696986232668e-17,6.969058237651176e-18,5.272909589533159e-13,9.385266835318926e-14,3.192879288205581e-14,5.299667293528896e-14,1.254496054615664e-13,1.3062777375821329e-15,7.955058376455278e-16,ACBI1,9.26,36000.0,360,180,360,0,7.543120063354615,2.49e-11,10.0,5.24e-13
24.0,0.001,0.0,93.5941333719103,6.4058666280897025,0.4259042516723989,0.7759623927031478,93.7412947743965,-2.399548451132974e-16,-5.381948986677939e-18,7.298604832036717e-19,6.820177884886762e-19,3.356674113119004e-13,6.833070605201371e-14,2.2317382787633704e-14,4.066042937764494e-14,1.146975225894167e-13,1.3629811492053568e-15,1.005742290867557e-15,ACBI1,9.26,36000.0,360,180,360,0,9.102981779915218,2.49e-11,10.0,5.24e-13
24.0,0.001,0.0,95.70904818887612,4.2909518111238825,0.3053121898448034,0.6142960066797638,95.94937449447393,1.4712751014921057e-16,7.411656672237951e-18,2.1789256421151894e-19,1.1745602867319519e-19,2.248458749028914e-13,5.069326340187261e-14,1.5998358747867698e-14,3.218911075001962e-14,1.0654965709051648e-13,1.3926896805543507e-15,1.2412264543811429e-15,ACBI1,9.26,36000.0,360,180,360,0,10.985411419875584,2.49e-11,10.0,5.24e-13
24.0,0.001,0.0,97.00913924080133,2.9908607591986707,0.22433735580445038,0.5025489225126404,96.80047077870303,1.0382388179794354e-16,5.204682622366241e-18,1.032548724644111e-19,-8.18795493184894e-21,1.5672110378201033e-13,3.828471018746292e-14,1.1755277444153198e-14,2.6333563539662354e-14,1.0081158679734341e-13,1.411733515944448e-15,1.5188633026451305e-15,ACBI1,9.26,36000.0,360,180,360,0,13.257113655901081,2.49e-11,10.0,5.24e-13
24.0,0.001,0.0,97.830793680502,2.1692063194980062,0.16930441651689784,0.4253678588655947,97.73956983017425,5.715771762713511e-17,2.9403758312084732e-18,4.91258977172322e-20,-6.141022492000902e-20,1.1366641114169552e-13,2.944656617286968e-14,8.871551425485446e-15,2.228927580455716e-14,9.682559558797616e-14,1.4238227810227876e-15,1.848942708901144e-15,ACBI1,9.26,36000.0,360,180,360,0,15.998587196060573,2.49e-11,10.0,5.24e-13
24.0,0.001,0.0,98.36161238811431,1.6383876118856875,0.13148558413391653,0.3727272578857637,98.2663656317429,3.0696554863981203e-17,1.6150388108895311e-18,2.433641325018559e-20,-8.27686341813034e-20,8.585151086281001e-14,2.3083043116539244e-14,6.889844608617225e-15,1.9530908313214017e-14,9.409864904215407e-14,1.4316226454412593e-15,2.243708394084299e-15,ACBI1,9.26,36000.0,360,180,360,0,19.306977288832496,2.49e-11,10.0,5.24e-13
24.0,0.001,0.0,98.7117142914915,1.2882857085084898,0.10513823507004043,0.33784680069288126,98.72863014453974,1.682838738463124e-17,8.971679110089483e-19,1.2680312859952088e-20,-9.011278107976568e-20,6.750617112584486e-14,1.8442347361180355e-14,5.509243517670118e-15,1.7703172356306976e-14,9.228785559540895e-14,1.4367570958334164e-15,2.717531414970667e-15,ACBI1,9.26,36000.0,360,180,360,0,23.29951810515372,2.49e-11,10.0,5.24e-13
24.0,0.001,0.0,98.94664873442085,1.0533512655791504,0.0865000645360329,0.31622644809240613,98.9436556803469,9.584820944156477e-18,5.12306596744463e-19,6.978822560733397e-21,-9.185347180921646e-20,5.519560631634748e-14,1.5011438381830868e-14,4.5326033816881234e-15,1.657026588004208e-14,9.116297724540607e-14,1.4401968181872807e-15,3.2874258623996153e-15,ACBI1,9.26,36000.0,360,180,360,0,28.11768697974228,2.49e-11,10.0,5.24e-13
24.0,0.001,0.0,99.10598531960318,0.8940146803968207,0.0731041216666185,0.3049541145997222,99.1185945328486,5.734876632247081e-18,3.0417127449675737e-19,4.075491312093295e-21,-9.230080042161006e-20,4.6846369252793406e-14,1.2440097305802189e-14,3.830655975330809e-15,1.5979595605025443e-14,9.057408250203655e-14,1.4425267449946888e-15,3.973686296790115e-15,ACBI1,9.26,36000.0,360,180,360,0,33.93221771895326,2.49e-11,10.0,5.24e-13
24.0,0.001,0.0,99.21396648582918,0.7860335141708278,0.06332277001470363,0.30222417775645055,99.21839815590366,3.64301544310817e-18,1.9002308636514758e-19,2.5428846713910276e-21,-9.413279585598439e-20,4.118815614255138e-14,1.0487751378441152e-14,3.3181131487704696e-15,1.583654691443801e-14,9.042784046721565e-14,1.4441042815841717e-15,4.800628362333385e-15,ACBI1,9.26,36000.0,360,180,360,0,40.94915062380423,2.49e-11,10.0,5.24e-13
24.0,0.001,0.0,99.28563822213432,0.7143617778656826,0.05607153544276318,0.3070172365172606,99.27992672567783,2.4863614068028006e-18,1.2665530823327306e-19,1.7116543877385063e-21,-9.967113517971917e-20,3.743255716016176e-14,8.987469410976409e-15,2.9381484572007903e-15,1.6087703193504454e-14,9.067139891907977e-14,1.4451507164516036e-15,5.7974558804104515e-15,ACBI1,9.26,36000.0,360,180,360,0,49.417133613238335,2.49e-11,10.0,5.24e-13
24.0,0.001,0.0,99.33040548052458,0.669594519475419,0.050619014184031655,0.31889472656939455,99.33137257858337,1.8449471332697317e-18,9.13758921355343e-20,1.2559191686678982e-21,-1.1173444057100507e-19,3.508675282051195e-14,7.821979338720703e-15,2.6524363432432585e-15,1.6710083672236274e-14,9.128192668013951e-14,1.4458041104744874e-15,6.99928564591477e-15,ACBI1,9.26,36000.0,360,180,360,0,59.63623316594643,2.49e-11,10.0,5.24e-13
24.0,0.001,0.0,99.35411521933331,0.6458847806666927,0.04646517064169923,0.3378727429776573,99.36434312757308,1.499622186862471e-18,7.212278253924185e-20,1.0110834008750053e-21,-1.344764507706686e-19,3.38443625069347e-14,6.907770560993731e-15,2.4347749416250395e-15,1.770453173202924e-14,9.2260151499976e-14,1.4461501781308884e-15,8.448365495676928e-15,ACBI1,9.26,36000.0,360,180,360,0,71.96856730011514,2.49e-11,10.0,5.24e-13
24.0,0.001,0.0,99.36028938841078,0.6397106115892177,0.043263176910073094,0.3643503119939408,99.34372240468107,1.3329498872281739e-18,6.241822992057458e-20,8.909088606881647e-22,-1.7452036459271137e-19,3.352083604727501e-14,6.184532645090034e-15,2.26699047008783e-15,1.9091956348482497e-14,9.362668192582105e-14,1.446240509570515e-15,1.0195525903578738e-14,ACBI1,9.26,36000.0,360,180,360,0,86.85113737513521,2.49e-11,10.0,5.24e-13
24.0,0.001,0.0,99.35085976945487,0.6491402305451358,0.04076887807133146,0.39907585453661815,99.34357851627182,1.2796198404158362e-18,5.879196422309266e-20,8.481445721766143e-22,-2.427627079769413e-19,3.401494808056511e-14,5.608093585762311e-15,2.1362892109377683e-15,2.091157477771879e-14,9.542030243366767e-14,1.4461034043669537e-15,1.2301911060567693e-14,ACBI1,9.26,36000.0,360,180,360,0,104.81131341546853,2.49e-11,10.0,5.24e-13
24.0,0.001,0.0,99.32660503988369,0.6733949601163127,0.038807822243456566,0.443141590171355,99.33840025256714,1.3003154903902968e-18,5.946036614381707e-20,8.54665081849005e-22,-3.5743719017718473e-19,3.5285895910094786e-14,5.1456544537959635e-15,2.0335298855571237e-15,2.3220619324979003e-14,9.769772873152923e-14,1.445750305815279e-15,1.4841042249146544e-14,ACBI1,9.26,36000.0,360,180,360,0,126.48552168552958,2.49e-11,10.0,5.24e-13
24.0,0.001,0.0,99.28740519404334,0.7125948059566559,0.037253520968787535,0.4979997067792824,99.28470966038098,1.3660460239157321e-18,6.36561859817459e-20,8.901580165676881e-22,-5.494797806545373e-19,3.7339967832128766e-14,4.7725382198093445e-15,1.9520844987644667e-15,2.6095184635234396e-14,1.0053451957327219e-13,1.4451795476965648e-15,1.79012744216155e-14,ACBI1,9.26,36000.0,360,180,360,0,152.6417967175232,2.49e-11,10.0,5.24e-13
24.0,0.001,0.0,99.23238008927203,0.7676199107279741,0.036012945757673484,0.5654968643473501,99.22799186793752,1.4456221992808858e-18,7.131055519535496e-20,9.33761299672708e-22,-8.721071263461395e-19,4.022328332214584e-14,4.469944320450059e-15,1.8870783577020906e-15,2.963203569180114e-14,1.0402698914123942e-13,1.4443784056821835e-15,2.1588716537306835e-14,ACBI1,9.26,36000.0,360,180,360,0,184.20699693267144,2.49e-11,10.0,5.24e-13
24.0,0.001,0.0,99.15995107414689,0.8400489258531177,0.03501672936379932,0.6479254841632057,99.16048875647496,1.490605975538188e-18,8.294548685029566e-20,9.549484122691637e-22,-1.4181878263776531e-18,4.401856371470337e-14,4.223377014078177e-15,1.8348766186630845e-15,3.3951295370151974e-14,1.0829507467128235e-13,1.4433240361737621e-15,2.603069821919959e-14,ACBI1,9.26,36000.0,360,180,360,0,222.29964825261933,2.49e-11,10.0,5.24e-13
24.0,0.001,0.0,99.0678483646725,0.9321516353274939,0.03421245498691195,0.7480916522825043,99.0686650574132,1.4107935272508775e-18,9.97188610372931e-20,8.998113516410883e-22,-2.3521859796060224e-18,4.884474569116068e-14,4.0215290453204636e-15,1.792732641314186e-15,3.9200002579603224e-14,1.1348620911736662e-13,1.4419836517704346e-15,3.1379881652164144e-14,ACBI1,9.26,36000.0,360,180,360,0,268.26957952797244,2.49e-11,10.0,5.24e-13
24.0,0.001,0.0,98.95307698885493,1.0469230111450638,0.03355999013614394,0.8694006355272442,98.95392628299366,1.0285818621399474e-18,1.2361489199294147e-19,6.670860250038547e-22,-3.969607870779234e-18,5.485876578400134e-14,3.8554750908468755e-15,1.7585434831339422e-15,4.555659330162759e-14,1.1978035017316092e-13,1.440314152332604e-15,3.781914297944257e-14,ACBI1,9.26,36000.0,360,180,360,0,323.74575428176433,2.49e-11,10.0,5.24e-13
24.0,0.001,0.0,98.81184775072988,1.1881522492701195,0.033028182673571896,1.0159622980439893,98.80026170563146,-9.826065956761355e-21,1.5781071108078437e-19,6.414456474470199e-23,-6.80866658381581e-18,6.225917786175426e-14,3.718076277042028e-15,1.7306767720951674e-15,5.3236424417505034e-14,1.2739645257324525e-13,1.4382613667774736e-15,4.556739194783334e-14,ACBI1,9.26,36000.0,360,180,360,0,390.6939937054613,2.49e-11,10.0,5.24e-13
24.0,0.001,0.0,98.63947480431341,1.3605251956865843,0.03259246364502164,1.1927206121073486,98.63803256260687,-2.4093152688463437e-18,2.072814496113458e-19,-1.2744170355057936e-21,-1.186118326274206e-17,7.129152025397701e-14,3.603526827550722e-15,1.7078450949991339e-15,6.249856007442506e-14,1.3660088131091586e-13,1.4357590480274194e-15,5.4886583716901004e-14,ACBI1,9.26,36000.0,360,180,360,0,471.486636345739,2.49e-11,10.0,5.24e-13
24.0,0.001,0.0,98.43023636437972,1.5697636356202767,0.032233043818859594,1.4056148555705172,98.4348061800808,-7.5700658791241e-18,2.7972458126881226e-19,-4.035879639925145e-21,-2.0970920860784367e-17,8.225561450650248e-14,3.5069923912410413e-15,1.6890114961082426e-15,7.365421843189509e-14,1.477186122398771e-13,1.4327278017089692e-15,6.609034570364886e-14,ACBI1,9.26,36000.0,360,180,360,0,568.9866029018293,2.49e-11,10.0,5.24e-13
24.0,0.001,0.0,98.17718772080526,1.822812279194742,0.031933480036954655,1.66178655269263,98.17366252813072,-1.8258549525440877e-17,3.868528269159568e-19,-9.496119260175246e-21,-3.758024304683253e-17,9.551536342980448e-14,3.424300837711841e-15,1.6733143539364238e-15,8.70776153610938e-14,1.6114864268364363e-13,1.4290742283515142e-15,7.9554975484936e-14,ACBI1,9.26,36000.0,360,180,360,0,686.6488450042998,2.49e-11,10.0,5.24e-13
24.0,0.001,0.0,97.87190301263551,2.128096987364488,0.03167944800010814,1.969858329374297,97.89427922967337,-3.9890622118899076e-17,5.459233505284534e-19,-1.9978075343032548e-20,-6.810474459988304e-17,1.1151228213789917e-13,3.3516541480742773e-15,1.6600030752056665e-15,1.0322057645921315e-13,1.773859347712127e-13,1.4246907289120249e-15,9.573419659201286e-14,ACBI1,9.26,36000.0,360,180,360,0,828.6427728546843,2.49e-11,10.0,5.24e-13
24.0,0.001,0.0,97.50409999750897,2.4959000024910334,0.031457617568087536,2.34033204817574,97.50893005382635,-8.290734737123998e-17,7.808273292323549e-19,-3.959020293365092e-20,-1.2438390069896858e-16,1.3078516013053013e-13,3.28534033863412e-15,1.6483791605677867e-15,1.2263339932440876e-13,1.9705345579254396e-13,1.4194566425953287e-15,1.1518016424403953e-13,ACBI1,9.26,36000.0,360,180,360,0,1000.0,2.49e-11,10.0,5.24e-13
24.0,0.001,0.0,0.00010181961800981298,99.99989818038199,0.14604344591272586,0.14711838501043065,0.00013508416903951215,-1.8134148373311693e-18,2.643329903416789e-16,1.515266277402353e-22,1.3227496969304749e-24,5.239994664652017e-11,1.5409034287016533e-13,7.652676565826835e-14,7.709003374546566e-14,1.546051716327504e-13,1.9857674890328207e-20,1.6015778897114205e-22,ACBI1,9.26,36000.0,360,180,360,0,0.1,2.49e-11,100.0,5.24e-12
24.0,0.001,0.0,0.00020475778775619347,99.99979524221224,0.17378927142406445,0.17532626290673936,0.0003576588594067509,-3.9575019947911604e-18,4.0767373647218947e-16,4.019269771437707e-22,4.223720208129332e-24,5.239989270691922e-11,1.836335518302175e-13,9.106557822620978e-14,9.187096176313143e-14,1.6845538036982768e-13,4.0796695642535367e-20,3.9619585754135953e-22,ACBI1,9.26,36000.0,360,180,360,0,0.12067926406393285,2.49e-11,100.0,5.24e-12
24.0,0.001,0.0,0.00040678932511184485,99.99959321067489,0.20587431582496543,0.2080587222010493,0.0006182587008130014,-8.557437419241674e-18,6.199172991763035e-16,1.0440036252121465e-21,1.3195142440167252e-23,5.239978684239364e-11,2.1791473736112116e-13,1.0787814149228189e-13,1.0902277043334984e-13,1.8437329820356807e-13,8.298110525858181e-20,9.696477326370279e-22,ACBI1,9.26,36000.0,360,180,360,0,0.14563484775012436,2.49e-11,100.0,5.24e-12
24.0,0.001,0.0,0.0007967822776606681,99.99920321772234,0.24249019392925836,0.24557104958778184,0.0012731463264969989,-1.8254134033331285e-17,9.24522488365981e-16,2.6370003046812813e-21,4.004060006281428e-23,5.239958248608651e-11,2.5720077617596936e-13,1.2706486161893137e-13,1.2867922998399767e-13,2.0242202867420894e-13,1.6668201693626113e-19,2.341436598708635e-21,ACBI1,9.26,36000.0,360,180,360,0,0.1757510624854792,2.49e-11,100.0,5.24e-12
24.0,0.001,0.0,0.0015357452465991628,99.9984642547534,0.2836146539078705,0.2879193402187864,0.002260934874731557,-3.8241538878926866e-17,1.3462761251296755e-15,6.4368362079126336e-21,1.172644839532177e-22,5.2399195269490786e-11,3.015497212648494e-13,1.4861407864772414e-13,1.5086973427464408e-13,2.2256516458506309e-13,3.2976274758272065e-19,5.562766907712454e-21,ACBI1,9.26,36000.0,360,180,360,0,0.21209508879201905,2.49e-11,100.0,5.24e-12
24.0,0.001,0.0,0.002908078249703294,99.9970919217503,0.32894974978447167,0.33489837569908876,0.004608496016544894,-7.835820926789207e-17,1.907713422594595e-15,1.510797345877635e-20,3.297273764156673e-22,5.239847616699716e-11,3.507456632186456e-13,1.7236966888706314e-13,1.7548674886632252e-13,2.4464557189426107e-13,6.409486363038002e-19,1.2968415651398095e-20,ACBI1,9.26,36000.0,360,180,360,0,0.2559547922699536,2.49e-11,100.0,5.24e-12
24.0,0.001,0.0,0.005403908616884223,99.99459609138312,0.37788609849182375,0.38600424971754166,0.004287430289118266,-1.5651835016352167e-16,2.62470908182893e-15,3.397620095523217e-20,8.869190311964346e-22,5.2397168351884754e-11,4.042594578052167e-13,1.9801231560971564e-13,2.0226622685199183e-13,2.6837736696661936e-13,1.2213421188390865e-18,2.960210789854876e-20,ACBI1,9.26,36000.0,360,180,360,0,0.3088843596477481,2.49e-11,100.0,5.24e-12
24.0,0.001,0.0,0.009849242907762346,99.99015075709224,0.4295073160976862,0.4404362315263759,0.008147389824775253,-3.0409437217306486e-16,3.502274374741764e-15,7.307329411950937e-20,2.277868648490462e-21,5.239483899671634e-11,4.612504517837708e-13,2.250618336351876e-13,2.3078858531982096e-13,2.9335559032129537e-13,2.278318614373463e-18,6.606521705935599e-20,ACBI1,9.26,36000.0,360,180,360,0,0.372759372031494,2.49e-11,100.0,5.24e-12
24.0,0.001,0.0,0.017610257089671677,99.98238974291033,0.4826396663304763,0.49714379434612577,0.022820514830856897,-5.740993251081499e-16,4.531747362089101e-15,1.5026586284695082e-19,5.585127469844853e-21,5.239077222528501e-11,5.206153489980441e-13,2.529031851571696e-13,2.605033482373699e-13,3.190839739046169e-13,4.157991104363815e-18,1.4408259055099766e-19,ACBI1,9.26,36000.0,360,180,360,0,0.44984326689694454,2.49e-11,100.0,5.24e-12
24.0,0.001,0.0,0.030913906069841346,99.96908609393016,0.5359398876036793,0.5549129053532857,0.060545164676995,-1.0534436545100676e-15,5.690238842936494e-15,2.958321929035354e-19,1.309332859623284e-20,5.2383801113219404e-11,5.810779392813906e-13,2.80832501104328e-13,2.9077436240512174e-13,3.450165055020446e-13,7.425923145028e-18,3.0720497375765183e-19,ACBI1,9.26,36000.0,360,180,360,0,0.5428675439323859,2.49e-11,100.0,5.24e-12
24.0,0.001,0.0,0.0533522076843127,99.94664779231569,0.5880039639840964,0.612475269827662,0.07942399507971931,-1.881298883416024e-15,6.942518916235443e-15,5.590250391996139e-19,2.943215033644343e-20,5.2372043443173425e-11,6.413024716527561e-13,3.0811407712766653e-13,3.209370413896949e-13,3.7060503765505127e-13,1.299154046172993e-17,6.411852001958701e-19,ACBI1,9.26,36000.0,360,180,360,0,0.6551285568595507,2.49e-11,100.0,5.24e-12
24.0,0.001,0.0,0.09067540982547939,99.90932459017452,0.6374752500302279,0.6686192628081432,0.18292816985738813,-3.276823757268896e-15,8.244807566172512e-15,1.0175132319171967e-18,6.36827125388224e-20,5.235248608525145e-11,7.000081882639436e-13,3.3403703101583944e-13,3.5035649371146706e-13,3.953442053004273e-13,2.2300597866217635e-17,1.3125426761685734e-18,ACBI1,9.26,36000.0,360,180,360,0,0.7906043210907697,2.49e-11,100.0,5.24e-12
24.0,0.001,0.0,0.15203302740928848,99.84796697259071,0.6831328951918656,0.722283056628123,0.23348723363946222,-5.581278412672234e-15,9.549470407274524e-15,1.7911727258356535e-18,1.3322189426139572e-19,5.2320334693637536e-11,7.560642848871112e-13,3.579616370805376e-13,3.7847632167313644e-13,4.188064864433352e-13,3.763280291313071e-17,2.6412266247393055e-18,ACBI1,9.26,36000.0,360,180,360,0,0.9540954763499939,2.49e-11,100.0,5.24e-12
24.0,0.001,0.0,0.25189346506503796,99.74810653493496,0.7239489746924928,0.7726172918682608,0.4367658672480679,-9.321881993378725e-15,1.0809551519600835e-14,3.0624867771395765e-18,2.70703247473884e-19,5.2268007824305925e-11,8.08551567813396e-13,3.793492627388662e-13,4.0485146093896864e-13,4.406634289867495e-13,6.255860989536859e-17,5.236824967238179e-18,ACBI1,9.26,36000.0,360,180,360,0,1.151395399326447,2.49e-11,100.0,5.24e-12
24.0,0.001,0.0,0.4129604613160325,99.58703953868397,0.75911169938341,0.8190133017239994,0.6099582141113169,-1.5307560930722103e-14,1.1982336690118541e-14,5.106761872334922e-18,5.366807535810843e-19,5.21836087182704e-11,8.567859367228632e-13,3.9777453047690684e-13,4.291629701033757e-13,4.606925551312104e-13,1.0262969195541697e-16,1.0252034532279523e-17,ACBI1,9.26,36000.0,360,180,360,0,1.3894954943731375,2.49e-11,100.0,5.24e-12
24.0,0.001,0.0,0.6704951798969319,99.32950482010307,0.7880195224526945,0.8611003596601201,1.2295618762243055,-2.476963982883698e-14,1.3031556253817113e-14,8.336378085268443e-18,1.0423068535778825e-18,5.2048660525734005e-11,9.003063783526002e-13,4.1292222976521196e-13,4.51216588461903e-13,4.787721770468002e-13,1.6639885348744935e-16,1.9849484889154685e-17,ACBI1,9.26,36000.0,360,180,360,0,1.6768329368110073,2.49e-11,100.0,5.24e-12
24.0,0.001,0.0,1.0785120326697069,98.9214879673303,0.8102553140785442,0.8987199774357598,1.7354816798144213,-3.9562633237928e-14,1.3928229643045868e-14,1.3364183515973487e-17,1.9898050011650434e-18,5.183485969488107e-11,9.388346662711683e-13,4.245737845771572e-13,4.709292681763382e-13,4.948678209635106e-13,2.6687962152743023e-16,3.804948449060802e-17,ACBI1,9.26,36000.0,360,180,360,0,2.0235896477251565,2.49e-11,100.0,5.24e-12
24.0,0.001,0.0,1.7182724110352865,98.28172758896471,0.8255509484720607,0.9318867034436404,2.682965805311477,-6.243965884464315e-14,1.465041449039929e-14,2.1091519035332208e-17,3.743810851281538e-18,5.1499625256617514e-11,9.722152844903415e-13,4.325886969993598e-13,4.883086326044676e-13,5.09014210177465e-13,4.2354759217435653e-16,7.224132747092374e-17,ACBI1,9.26,36000.0,360,180,360,0,2.442053094548651,2.49e-11,100.0,5.24e-12
24.0,0.001,0.0,2.7092279223525253,97.29077207764747,0.8337516553493433,0.9607441422917725,2.4473584714933105,-9.741024567825735e-14,1.5182217855476677e-14,3.282553232274907e-17,6.955272879347513e-18,5.098036456868728e-11,1.0003434473358515e-12,4.368858674030559e-13,5.034299305608887e-13,5.212962984783552e-13,6.649271911381357e-16,1.358145298985763e-16,ACBI1,9.26,36000.0,360,180,360,0,2.9470517025518097,2.49e-11,100.0,5.24e-12
24.0,0.001,0.0,4.221882985319851,95.77811701468015,0.8347851014264515,0.9855204590947605,6.521288602998265,-1.50169532151849e-13,1.5512389756451742e-14,5.042757423385509e-17,1.2772797540341851e-17,5.0187733315692395e-11,1.023085153211211e-12,4.374273931474606e-13,5.164127205656544e-13,5.318306838217311e-13,1.031656112729508e-15,2.5260468722751723e-16,ACBI1,9.26,36000.0,360,180,360,0,3.5564803062231287,2.49e-11,100.0,5.24e-12
24.0,0.001,0.0,6.490751207325886,93.50924879267411,0.8286429816568899,1.00649193768602,7.672612477300955,-2.2855650165354014e-13,1.5632588618650186e-14,7.648988054171927e-17,2.3196201635360678e-17,4.8998846367361235e-11,1.0401993546599492e-12,4.3420892238821035e-13,5.274017753474745e-13,5.407515186098162e-13,1.5796440692153891e-15,4.641331844017394e-16,ACBI1,9.26,36000.0,360,180,360,0,4.291934260128776,2.49e-11,100.0,5.24e-12
24.0,0.001,0.0,9.823599247815906,90.1764007521841,0.8153665707125847,1.023945484755589,15.33389244855975,-3.4294451659644637e-13,1.553516969747722e-14,1.1453613297335045e-16,4.1658513376601015e-17,4.725243399414447e-11,1.0512568239316588e-12,4.272520830533944e-13,5.365474340119287e-13,5.4819602721085e-13,2.3825031032832685e-15,8.408707998043574e-16,ACBI1,9.26,36000.0,360,180,360,0,5.17947467923121,2.49e-11,100.0,5.24e-12
24.0,0.001,0.0,14.600764666880224,85.39923533311978,0.795037737670274,1.03814543871656,23.25487162286829,-5.064306813830549e-13,1.5209537429464706e-14,1.6926493584209463e-16,7.398537165933449e-17,4.474919931455476e-11,1.055568872734676e-12,4.1659977453922363e-13,5.439882098874775e-13,5.542934503189927e-13,3.5319743053547157e-15,1.4988494132414937e-15,ACBI1,9.26,36000.0,360,180,360,0,6.25055192527397,2.49e-11,100.0,5.24e-12
24.0,0.001,0.0,21.25659179867867,78.74340820132133,0.7677549237993945,1.049289494492077,34.65423940998005,-7.347209284757618e-13,1.4634448241013406e-14,2.469805572659215e-16,1.3006104146041208e-16,4.1261545897492375e-11,1.0521192301756817e-12,4.023035800708827e-13,5.498276951138483e-13,5.591517941121896e-13,5.1349064964628174e-15,2.622789674627506e-15,ACBI1,9.26,36000.0,360,180,360,0,7.543120063354615,2.49e-11,100.0,5.24e-12
24.0,0.001,0.0,30.236246347829564,69.76375365217044,0.7335552385844841,1.057430578413771,39.08841461466683,-1.0459515234298956e-12,1.3757799441782007e-14,3.5688606529847586e-16,2.2723824099621895e-16,3.655620691373731e-11,1.0394746207363978e-12,3.843829450182697e-13,5.54093623088816e-13,5.628372913758748e-13,7.306474533489176e-15,4.497096954428438e-15,ACBI1,9.26,36000.0,360,180,360,0,9.102981779915218,2.49e-11,100.0,5.24e-12
24.0,0.001,0.0,41.929960029134996,58.070039970865004,0.6921558309159278,1.062285346801183,40.0460700329231,-1.46218813420142e-12,1.2430439834836457e-14,5.163735539154309e-16,4.000532337348794e-16,3.0428700944733263e-11,1.0155378815052704e-12,3.626896553999462e-13,5.566375217238199e-13,5.653293583720221e-13,1.0164772332578267e-14,7.550784422895005e-15,ACBI1,9.26,36000.0,360,180,360,0,10.985411419875584,2.49e-11,100.0,5.24e-12
24.0,0.001,0.0,56.616994796701285,43.383005203298715,0.6419581610735762,1.0625841597174777,63.90764172583046,-2.021985191931121e-12,1.0105106635921808e-14,7.792865977272159e-16,7.452100427937865e-16,2.2732694726528526e-11,9.764513236797072e-13,3.3638607640255395e-13,5.567940996919584e-13,5.66385545994834e-13,1.3857543664661776e-14,1.245907877085839e-14,ACBI1,9.26,36000.0,360,180,360,0,13.257113655901081,2.49e-11,100.0,5.24e-12
24.0,0.001,0.0,74.60890583739909,25.391094162600908,0.573978387442474,1.0523330401218653,68.90119857493544,-2.8835612483188683e-12,3.1590189590002253e-15,1.515083363110792e-15,1.873991150098991e-15,1.3304933341202876e-11,9.090833583249204e-13,3.0076467501985637e-13,5.514225130238574e-13,5.64910413717837e-13,1.8869633094996018e-14,2.0718746907284462e-14,ACBI1,9.26,36000.0,360,180,360,0,15.998587196060573,2.49e-11,100.0,5.24e-12
24.0,0.001,0.0,99.60025124148633,0.3997487585136601,0.04098414621273633,0.2427463838875378,99.62206619678396,-7.752889138067935e-15,1.1299438990595055e-15,-3.0964703492253137e-15,-1.4188061886802748e-14,2.094683494611579e-13,5.6589319804583785e-14,2.1475692615473834e-14,1.271991051570698e-13,5.19019439386956e-13,1.4518905706088762e-14,4.0916020713848445e-14,ACBI1,9.26,36000.0,360,180,360,0,19.306977288832496,2.49e-11,100.0,5.24e-12
24.0,0.001,0.0,99.43261004855715,0.5673899514428546,0.055852436927090056,0.26207055106812027,99.1690624241788,5.1679471821628207e-14,4.502356240482756e-15,-5.410625007626815e-17,-3.1289721952074716e-15,2.9731233455605583e-13,9.098939542838277e-14,2.926667694979519e-14,1.3732496875969502e-13,3.1756635606712427e-13,1.4329414707563234e-14,3.4312242917987964e-14,ACBI1,9.26,36000.0,360,180,360,0,23.29951810515372,2.49e-11,100.0,5.24e-12
24.0,0.001,0.0,99.29252463267028,0.7074753673297214,0.06465839490647915,0.2820054458136409,99.03797335638139,5.306756483206702e-14,3.5247765185710245e-15,-2.5676774241302615e-17,-1.7442329557096023e-15,3.70717092480774e-13,1.0869515207221005e-13,3.3880998930995074e-14,1.4777085360634783e-13,2.630983635514779e-13,1.43051686831107e-14,3.599993639971243e-14,ACBI1,9.26,36000.0,360,180,360,0,28.11768697974228,2.49e-11,100.0,5.24e-12
24.0,0.001,0.0,99.26389897602601,0.7361010239739839,0.06362921684229131,0.2902407789940883,98.99181987646756,3.4366279027841335e-14,2.032087333486822e-15,2.42352932435395e-18,-1.0502573640549946e-15,3.857169365623676e-13,1.0607977336541882e-13,3.334170962536065e-14,1.5208616819290226e-13,2.459432402844552e-13,1.435295007587757e-14,4.145183781747195e-14,ACBI1,9.26,36000.0,360,180,360,0,33.93221771895326,2.49e-11,100.0,5.24e-12
24.0,0.001,0.0,99.29652429242347,0.7034757075765328,0.0585056039892226,0.2951984509993999,99.46126564006667,1.9920315333361677e-14,1.1021464253144406e-15,7.059063545633879e-18,-7.589587845146094e-16,3.686212707701032e-13,9.528658396976931e-14,3.0656936490352646e-14,1.5468398832368555e-13,2.410685352173335e-13,1.4397826548860082e-14,4.927976953120918e-14,ACBI1,9.26,36000.0,360,180,360,0,40.94915062380423,2.49e-11,100.0,5.24e-12
24.0,0.001,0.0,99.33754065066283,0.6624593493371659,0.0530969880936629,0.30327107795427327,99.41735919098754,1.2529464017862525e-14,6.642099900724251e-16,5.425928033539876e-18,-6.721401939889792e-16,3.4712869905267495e-13,8.375427402934179e-14,2.7822821761079362e-14,1.5891404484803919e-13,2.4250746952958885e-13,1.4424326850213525e-14,5.917352809505452e-14,ACBI1,9.26,36000.0,360,180,360,0,49.417133613238335,2.49e-11,100.0,5.24e-12
24.0,0.001,0.0,99.36874713103295,0.6312528689670586,0.048448424008057885,0.31689473847585065,99.40722933027565,8.840196996928905e-15,4.540264028364865e-16,3.7189338464709676e-18,-6.959349876487789e-16,3.3077650333873873e-13,7.359803492553557e-14,2.5386974180222334e-14,1.6605284296134575e-13,2.4876269992425e-13,1.4439117090747773e-14,7.13281626917146e-14,ACBI1,9.26,36000.0,360,180,360,0,59.63623316594643,2.49e-11,100.0,5.24e-12
24.0,0.001,0.0,99.3863198453267,0.613680154673298,0.044651661899755814,0.3371657386068704,99.34736551739269,6.870789015131169e-15,3.451398200470547e-16,2.529914261281933e-18,-8.078544313481521e-16,3.215684010488081e-13,6.50794178890873e-14,2.3397470835472047e-14,1.766748470300001e-13,2.595861466525437e-13,1.4447145474666635e-14,8.616918779786764e-14,ACBI1,9.26,36000.0,360,180,360,0,71.96856730011514,2.49e-11,100.0,5.24e-12
24.0,0.001,0.0,99.390074333943,0.6099256660569967,0.041575502979407084,0.36505044461756886,99.4742432634699,5.716158706474739e-15,2.8484478225420005e-16,1.658303916872304e-18,-1.0220839999733762e-15,3.196010490138663e-13,5.79907412436124e-14,2.1785563561209313e-14,1.9128643297960608e-13,2.752972061702776e-13,1.445089926775595e-14,1.0429751347874795e-13,ACBI1,9.26,36000.0,360,180,360,0,86.85113737513521,2.49e-11,100.0,5.24e-12
24.0,0.001,0.0,99.38021392164808,0.6197860783519257,0.039062340656386245,0.40182136024067594,99.44244618516285,4.918628779373071e-15,2.493225626486488e-16,9.049604475566543e-19,-1.3815444367202784e-15,3.2476790505640906e-13,5.2040415335722635e-14,2.046866650394639e-14,2.105543927661142e-13,2.966599327013745e-13,1.4451679390874976e-14,1.265207262897788e-13,ACBI1,9.26,36000.0,360,180,360,0,104.81131341546853,2.49e-11,100.0,5.24e-12
24.0,0.001,0.0,99.35631885183697,0.643681148163024,0.03697534739565507,0.4493124274116021,99.2759974925708,4.173891137307384e-15,2.2588495458263216e-16,1.2953160808383405e-19,-1.9641018621463976e-15,3.3728892163742463e-13,4.695378980543365e-14,1.9375082035323258e-14,2.354397119636795e-13,3.249314406742168e-13,1.445027004638599e-14,1.539340432089309e-13,ACBI1,9.26,36000.0,360,180,360,0,126.48552168552958,2.49e-11,100.0,5.24e-12
24.0,0.001,0.0,99.31683847218721,0.6831615278127829,0.03520806223740113,0.5102063204586446,99.27423322645053,3.1963635073495582e-15,2.0600525422638032e-16,-7.6037074181991555e-19,-2.8977902790888144e-15,3.579766405738983e-13,4.2499966313682696e-14,1.8449024612398194e-14,2.6734811192032975e-13,3.620087234678185e-13,1.4447238812320164e-14,1.8805639697204438e-13,ACBI1,9.26,36000.0,360,180,360,0,152.6417967175232,2.49e-11,100.0,5.24e-12
24.0,0.001,0.0,99.25857436632849,0.7414256336715114,0.033685901673138334,0.5884484116385945,99.14148141356691,1.6508548491871872e-15,1.826246214828847e-16,-1.808803417726602e-18,-4.384359359609331e-15,3.88507032043872e-13,3.850279053983931e-14,1.7651412476724486e-14,3.083469676986235e-13,4.1066556121109283e-13,1.4443051227628963e-14,2.310414862976357e-13,ACBI1,9.26,36000.0,360,180,360,0,184.20699693267144,2.49e-11,100.0,5.24e-12
24.0,0.001,0.0,99.17601636508218,0.8239836349178189,0.032366001044780886,0.6898471666492054,99.16252268151055,-8.808470611782267e-16,1.4974899157475639e-16,-3.011696937399503e-18,-6.73165331481529e-15,4.3176742469693707e-13,3.48505502007371e-14,1.6959784547465182e-14,3.6147991532418363e-13,4.748800536605417e-13,1.4438066957198576e-14,2.8598757963507273e-13,ACBI1,9.26,36000.0,360,180,360,0,222.29964825261933,2.49e-11,100.0,5.24e-12
24.0,0.001,0.0,99.06047555337037,0.9395244466296397,0.03123551067752082,0.8229349484755384,99.05532904585552,-5.4673144862794875e-15,3.0290196352196486e-16,-2.707573680494966e-17,-1.0665113431737373e-14,4.923108100339313e-13,3.1507448959470165e-14,1.636740759502091e-14,4.3121791300118215e-13,5.602393896820232e-13,1.443398953745247e-14,3.573809989343041e-13,ACBI1,9.26,36000.0,360,180,360,0,268.26957952797244,2.49e-11,100.0,5.24e-12
24.0,0.001,0.0,90.00697234207985,9.993027657920148,0.07244127362895636,1.1234631941611437,93.26501574034612,-2.825465009041168e-12,8.184874143669408e-16,7.7639773526578e-16,1.8400814445749396e-14,5.236346492750157e-12,1.0851746227812984e-13,3.7959227381573134e-14,5.886947137404393e-13,5.906331660146414e-13,2.0949528777128197e-14,4.497734607260575e-13,ACBI1,9.26,36000.0,360,180,360,0,323.74575428176433,2.49e-11,100.0,5.24e-12
24.0,0.001,0.0,78.1365818638254,21.8634181361746,0.061937933512585655,1.1276104374441978,87.22320085150731,-2.475024399447836e-12,1.2428976964233253e-15,7.394634216536329e-16,1.9354339625267305e-14,1.1456431103355492e-11,9.198684143340537e-14,3.2455477160594885e-14,5.908678692207596e-13,5.915658231163907e-13,1.8248281358645253e-14,4.709938306429793e-13,ACBI1,9.26,36000.0,360,180,360,0,390.6939937054613,2.49e-11,100.0,5.24e-12
24.0,0.001,0.0,67.29245818964057,32.70754181035944,0.0521512452136643,1.1290264254992464,72.1603369705059,-2.136584821296403e-12,1.098347983665591e-15,6.451663490123872e-16,2.017160396987e-14,1.7138751908628345e-11,7.664291892806533e-14,2.7327252491960098e-14,5.916098469616051e-13,5.919946714086932e-13,1.572974897342658e-14,4.894736176758592e-13,ACBI1,9.26,36000.0,360,180,360,0,471.486636345739,2.49e-11,100.0,5.24e-12
24.0,0.001,0.0,57.58055356468551,42.41944643531449,0.043734426684193334,1.1297786322736842,73.06239918960773,-1.830164750199931e-12,9.332341380176277e-16,5.544975201135387e-16,2.0859405991242147e-14,2.2227789932104793e-11,6.362322683635673e-14,2.2916839582517305e-14,5.920040033114106e-13,5.922509820672434e-13,1.3464960436081805e-14,5.054309517070109e-13,ACBI1,9.26,36000.0,360,180,360,0,568.9866029018293,2.49e-11,100.0,5.24e-12
24.0,0.001,0.0,49.0067813206128,50.9932186793872,0.036602964401295165,1.1302477755536624,56.8425075837103,-1.5585576522096018e-12,7.848931420676078e-16,4.729012114431201e-16,2.144195036074917e-14,2.6720446587998894e-11,5.2740586928745457e-14,1.917995334627867e-14,5.922498343901191e-13,5.924214324277512e-13,1.1462536092804759e-14,5.191231265069857e-13,ACBI1,9.26,36000.0,360,180,360,0,686.6488450042998,2.49e-11,100.0,5.24e-12
24.0,0.001,0.0,41.52335224819841,58.47664775180159,0.030598164356453492,1.1305658732358463,60.76121986509841,-1.321031886208207e-12,6.574301706953534e-16,4.011371478348503e-16,2.193546919444218e-14,3.0641763421944036e-11,4.3691179131840086e-14,1.603343812278163e-14,5.924165175755835e-13,5.925417338766347e-13,9.713487622260573e-15,5.308068164542066e-13,ACBI1,9.26,36000.0,360,180,360,0,828.6427728546843,2.49e-11,100.0,5.24e-12
24.0,0.001,0.0,35.0513858279911,64.9486141720089,0.02556049020173061,1.1307928977363806,64.28627938888303,-1.1153909200932711e-12,5.495405966590373e-16,3.388435482631649e-16,2.2352764008372107e-14,3.4033073826132666e-11,3.618364694213096e-14,1.339369686570684e-14,5.925354784138635e-13,5.926299546579954e-13,8.20023204855557e-15,5.407292902392526e-13,ACBI1,9.26,36000.0,360,180,360,0,1000.0,2.49e-11,100.0,5.24e-12
