t,initial_BPD_ec_conc,initial_BPD_ic_conc,degradation,Ternary,all_Ternary,Dmax,total_target,total_target_ub,total_naked_ternary,total_ternary,total_bpd_ic,PROTAC,Kd_T_binary,kon_T_binary,kub,alpha
6.0,0.0005,0.0,55.01537984514009,0.031712262251949355,0.03951057246766616,99.01549301516954,2.2006151938056037e-13,3.1040559364214053e-16,1.2684904900779743e-16,1.580422898706646e-16,6.015075642318725e-15,ACBI1,0.1,36000.0,360,0.1
6.0,0.0005,0.0,54.906318212971975,0.03407986881377768,0.04327846214890308,99.03281647923777,2.1962527285188787e-13,3.38544458676203e-16,1.3631947525511075e-16,1.7311384859561232e-16,6.013585962064194e-15,ACBI1,0.1,36000.0,360,0.10974987654930562
6.0,0.0005,0.0,54.763348353166705,0.036548597173163944,0.04737654502142056,99.02174474917221,2.1905339341266685e-13,3.6867634755793426e-16,1.4619438869265577e-16,1.8950618008568224e-16,6.011512804390839e-15,ACBI1,0.1,36000.0,360,0.12045035402587821
6.0,0.0005,0.0,54.57745074615355,0.03910560150078634,0.051822103519481494,99.03378200650097,2.183098029846142e-13,4.0075669660880207e-16,1.5642240600314535e-16,2.07288414077926e-16,6.0086924751762715e-15,ACBI1,0.1,36000.0,360,0.1321941148466029
6.0,0.0005,0.0,54.337836650489365,0.041733112002015876,0.056628900498441964,99.04515172485364,2.1735134660195747e-13,4.3467325384501665e-16,1.669324480080635e-16,2.2651560199376787e-16,6.004928931838785e-15,ACBI1,0.1,36000.0,360,0.14508287784959398
6.0,0.0005,0.0,54.031852402023084,0.04440761597563973,0.06180541533460657,99.02594628159203,2.1612740960809235e-13,4.702286753218236e-16,1.7763046390255895e-16,2.472216613384263e-16,5.999992111879899e-15,ACBI1,0.1,36000.0,360,0.1592282793341092
6.0,0.0005,0.0,53.644987385222464,0.04709908959505036,0.06735271431905798,99.04190597265419,2.1457994954088985e-13,5.07122414851795e-16,1.8839635838020144e-16,2.6941085727623193e-16,5.993618158388489e-15,ACBI1,0.1,36000.0,360,0.17475284000076838
6.0,0.0005,0.0,53.16103076180562,0.049770379690222806,0.07326199112039687,98.91472441849332,2.126441230472225e-13,5.449334721818605e-16,1.9908151876089126e-16,2.930479644815875e-16,5.985512334206745e-15,ACBI1,0.1,36000.0,360,0.19179102616724888
6.0,0.0005,0.0,52.56242388295826,0.052376866211327366,0.07951187459536338,99.05792527843371,2.10249695531833e-13,5.831062456566029e-16,2.095074648453095e-16,3.180474983814535e-16,5.975355432731537e-15,ACBI1,0.1,36000.0,360,0.2104904144512021
6.0,0.0005,0.0,51.83085028793061,0.05486656210559347,0.08606568082569996,99.14927247197987,2.0732340115172244e-13,6.209423943522841e-16,2.1946624842237387e-16,3.442627233027999e-16,5.9628143861629825e-15,ACBI1,0.1,36000.0,360,0.23101297000831597
6.0,0.0005,0.0,50.94809052337512,0.057180819205374274,0.09286887825942326,99.06578845552649,2.0379236209350051e-13,6.576020911487321e-16,2.287232768214971e-16,3.7147551303769306e-16,5.947557497334106e-15,ACBI1,0.1,36000.0,360,0.2535364493970112
6.0,0.0005,0.0,49.89714267989375,0.059255795818059766,0.09984712683890472,99.12724738817614,1.99588570719575e-13,6.921181288656451e-16,2.370231832722391e-16,3.9938850735561887e-16,5.929274250649463e-15,ACBI1,0.1,36000.0,360,0.2782559402207124
6.0,0.0005,0.0,48.663571350891154,0.06102479382824464,0.10690532418177248,99.0272478193264,1.9465428540356462e-13,7.23425794051543e-16,2.4409917531297856e-16,4.2762129672708996e-16,5.907698996005112e-15,ACBI1,0.1,36000.0,360,0.30538555088334157
6.0,0.0005,0.0,47.2370004831361,0.062421483892941845,0.1139281183529076,99.07387607655549,1.889480019325444e-13,7.504100604499111e-16,2.496859355717674e-16,4.557124734116305e-16,5.882637002267568e-15,ACBI1,0.1,36000.0,360,0.33516026509388425
6.0,0.0005,0.0,45.612615903096085,0.06338390835479596,0.12078229995183137,98.71672055838732,1.8245046361238433e-13,7.719694241997466e-16,2.5353563341918385e-16,4.831291998073255e-16,5.85399055984032e-15,ACBI1,0.1,36000.0,360,0.36783797718286343
6.0,0.0005,0.0,43.79250141827249,0.06385899608748975,0.1273213444866848,99.10147421497075,1.7517000567308994e-13,7.870927775564131e-16,2.55435984349959e-16,5.092853779467392e-16,5.8217821455739035e-15,ACBI1,0.1,36000.0,360,0.40370172585965547
6.0,0.0005,0.0,41.786610675583546,0.06380716783467229,0.1333921332945079,99.16909740383615,1.671464427023342e-13,7.949425459801134e-16,2.5522867133868917e-16,5.335685331780315e-16,5.786171345230414e-15,ACBI1,0.1,36000.0,360,0.4430621457583881
6.0,0.0005,0.0,39.61318684522063,0.06320649101719852,0.1388435562657877,99.60122973540658,1.5845274738088253e-13,7.949345903029733e-16,2.5282596406879407e-16,5.553742250631508e-16,5.747462433756296e-15,ACBI1,0.1,36000.0,360,0.4862601580065355
6.0,0.0005,0.0,37.29849019797019,0.06205579809688837,0.1435363400879266,99.03786771764307,1.4919396079188075e-13,7.868039051505399e-16,2.482231923875535e-16,5.741453603517064e-16,5.7061003329188975e-15,ACBI1,0.1,36000.0,360,0.533669923120631
6.0,0.0005,0.0,34.875777677143525,0.06037624178936953,0.14735312426973024,99.33940666661888,1.395031107085741e-13,7.706456050891018e-16,2.4150496715747815e-16,5.894124970789209e-16,5.662654053727708e-15,ACBI1,0.1,36000.0,360,0.5857020818056667
6.0,0.0005,0.0,32.38358627968918,0.05821093183455388,0.1502076067109884,99.33708318129322,1.2953434511875673e-13,7.469233700216105e-16,2.328437273382155e-16,6.008304268439537e-16,5.6177884835111075e-15,ACBI1,0.1,36000.0,360,0.6428073117284322
6.0,0.0005,0.0,29.863482427228632,0.055622560778016444,0.15205157107753853,99.63052188139542,1.1945392970891454e-13,7.164421311084156e-16,2.224902431120658e-16,6.082062843101541e-16,5.572227160113738e-15,ACBI1,0.1,36000.0,360,0.7054802310718644
6.0,0.0005,0.0,27.357527882398326,0.05268923126966229,0.15287882206395742,99.66529908806636,1.0943011152959329e-13,6.802874341304998e-16,2.1075692507864917e-16,6.115152882558297e-16,5.5267101020133925e-15,ACBI1,0.1,36000.0,360,0.7742636826811272
6.0,0.0005,0.0,24.90575804510429,0.04949897864576766,0.15272546917384125,99.67066437369839,9.962303218041716e-14,6.39739345421602e-16,1.9799591458307065e-16,6.10901876695365e-16,5.481951503610071e-15,ACBI1,0.1,36000.0,360,0.8497534359086445
6.0,0.0005,0.0,22.54395979027466,0.046143675496010145,0.1516665364904653,99.66652394561798,9.017583916109864e-14,5.961726777691854e-16,1.845747019840406e-16,6.066661459618612e-16,5.438601988658416e-15,ACBI1,0.1,36000.0,360,0.9326033468832199
6.0,0.0005,0.0,20.3019763512754,0.042713066424532466,0.14980941947765142,98.53576723311056,8.12079054051016e-14,5.509568159454562e-16,1.7085226569812986e-16,5.992376779106056e-16,5.3972191852030906e-15,ACBI1,0.1,36000.0,360,1.0235310218990263
6.0,0.0005,0.0,18.202671832468265,0.03928960297816953,0.14728514077444757,135.16378391761103,7.281068732987306e-14,5.053672946792851e-16,1.5715841191267813e-16,5.891405630977903e-16,5.358248885597238e-15,ACBI1,0.1,36000.0,360,1.1233240329780276
6.0,0.0005,0.0,16.261580937506686,0.035944558651849784,0.14423858796270037,99.04968531035962,6.504632375002674e-14,4.605180188670786e-16,1.4377823460739915e-16,5.769543518508014e-16,5.322017348218306e-15,ACBI1,0.1,36000.0,360,1.2328467394420666
6.0,0.0005,0.0,14.487173770080222,0.03273565527310661,0.14081891667557592,99.60111796255218,5.794869508032089e-14,4.173186089684166e-16,1.3094262109242645e-16,5.632756667023037e-16,5.28873375300546e-15,ACBI1,0.1,36000.0,360,1.3530477745798075
6.0,0.0005,0.0,12.881598132791645,0.02970618527145241,0.13717110188255266,99.62762602006666,5.1526392531166574e-14,3.764569360948698e-16,1.1882474108580963e-16,5.486844075302106e-16,5.2585007148604304e-15,ACBI1,0.1,36000.0,360,1.484968262254465
6.0,0.0005,0.0,11.441729892094813,0.02688541869040787,0.1334292923708114,99.71413023779525,4.576691956837925e-14,3.384034025846579e-16,1.0754167476163148e-16,5.337171694832456e-16,5.23133020909247e-15,ACBI1,0.1,36000.0,360,1.6297508346206444
6.0,0.0005,0.0,10.160363416150819,0.02428996627166927,0.1297122578536728,99.78094139016127,4.064145366460328e-14,3.0343142130847034e-16,9.715986508667709e-17,5.188490314146912e-16,5.207162242133318e-15,ACBI1,0.1,36000.0,360,1.7886495290574351
6.0,0.0005,0.0,9.027399962481656,0.021925733209373337,0.1261208927257827,99.70683655433564,3.610959984992662e-14,2.716478924138708e-16,8.770293283749335e-17,5.044835709031308e-16,5.185883973706393e-15,ACBI1,0.1,36000.0,360,1.9630406500402715
6.0,0.0005,0.0,8.030930762378588,0.0197901264750977,0.12273750430692437,99.78278943242275,3.2123723049514355e-14,2.4302797405933874e-16,7.91605059003908e-17,4.909500172276975e-16,5.167347585892986e-15,ACBI1,0.1,36000.0,360,2.1544346900318843
6.0,0.0005,0.0,7.158152920221103,0.017874247230438196,0.11962648256257138,99.88017656705705,2.863261168088441e-14,2.174496416270225e-16,7.149698892175278e-17,4.7850593025028555e-16,5.15138583529466e-15,ACBI1,0.1,36000.0,360,2.3644894126454084
6.0,0.0005,0.0,6.3960926308800845,0.01616488398834729,0.11683591237658722,99.84353006638219,2.5584370523520338e-14,1.9472498328695707e-16,6.465953595338916e-17,4.673436495063489e-16,5.137824797876242e-15,ACBI1,0.1,36000.0,360,2.5950242113997373
6.0,0.0005,0.0,5.732137702571037,0.014646202757855498,0.11439972306865039,99.70437098873984,2.2928550810284145e-14,1.746265536930121e-16,5.858481103142199e-17,4.575988922746015e-16,5.126493758397244e-15,ACBI1,0.1,36000.0,360,2.848035868435802
6.0,0.0005,0.0,5.1543990832233755,0.013301096084134637,0.11234004368621635,99.75325037504861,2.0617596332893504e-14,1.5690821013119008e-16,5.3204384336538556e-17,4.493601747448655e-16,5.117232491139377e-15,ACBI1,0.1,36000.0,360,3.1257158496882367
6.0,0.0005,0.0,4.6519301627323895,0.012112199441170592,0.11066952118510938,99.64278171840833,1.8607720650929557e-14,1.4132062120460222e-16,4.844879776468237e-17,4.426780847404375e-16,5.1098963408572515e-15,ACBI1,0.1,36000.0,360,3.4304692863149193
6.0,0.0005,0.0,4.214835157997104,0.011062611620872348,0.10939344393893137,99.86121897964986,1.685934063198842e-14,1.2762208820825314e-16,4.425044648348939e-17,4.3757377575572553e-16,5.104359572753215e-15,ACBI1,0.1,36000.0,360,3.764935806792469
6.0,0.0005,0.0,3.8342961405021554,0.01013636906915985,0.10851158491931778,99.8196851433311,1.5337184562008623e-14,1.1558551921324958e-16,4.05454762766394e-17,4.3404633967727113e-16,5.100517451047996e-15,ACBI1,0.1,36000.0,360,4.132012400115339
6.0,0.0005,0.0,3.502544185154308,0.009318726886329958,0.10801973354259574,99.77099089450762,1.4010176740617233e-14,1.0500242299073833e-16,3.7274907545319835e-17,4.32078934170383e-16,5.098287456326836e-15,ACBI1,0.1,36000.0,360,4.5348785081285845
6.0,0.0005,0.0,3.212795149337355,0.008596295473933821,0.10791092297058814,99.87823488121678,1.285118059734942e-14,9.568471406124792e-17,3.438518189573529e-17,4.3164369188235255e-16,5.097609983844607e-15,ACBI1,0.1,36000.0,360,4.977023564332112
6.0,0.0005,0.0,2.9591656690241983,0.007957074761386712,0.1081763832087144,99.77146033517403,1.1836662676096793e-14,8.746499494067414e-17,3.182829904554685e-17,4.327055328348576e-16,5.0984487922781065e-15,ACBI1,0.1,36000.0,360,5.462277217684343
6.0,0.0005,0.0,2.7365806007722853,0.007390419798776866,0.10880626305761909,99.84325844305692,1.0946322403089141e-14,8.019584322047639e-17,2.956167919510747e-17,4.3522505223047643e-16,5.100791402478824e-15,ACBI1,0.1,36000.0,360,5.994842503189412
6.0,0.0005,0.0,2.5406791003413662,0.006886962318962707,0.10979014832532005,99.84942844551425,1.0162716401365466e-14,7.374848683407348e-17,2.7547849275850826e-17,4.3916059330128025e-16,5.104649530991236e-15,ACBI1,0.1,36000.0,360,6.5793322465756825
6.0,0.0005,0.0,2.3677269034148614,0.0064385148383041615,0.11111754405726795,99.56182536072747,9.470907613659446e-15,6.801123482810661e-17,2.5754059353216646e-17,4.444701762290718e-16,5.110059921900408e-15,ACBI1,0.1,36000.0,360,7.220809018385467
6.0,0.0005,0.0,2.2145311139970016,0.006037952223057761,0.11277808163122464,99.90231470839052,8.858124455988006e-15,6.288766052464342e-17,2.4151808892231045e-17,4.511123265248986e-16,5.117084913218194e-15,ACBI1,0.1,36000.0,360,7.924828983539178
6.0,0.0005,0.0,2.078367279669378,0.005679103221385436,0.11476185205775602,99.76859240280615,8.313469118677512e-15,5.829491984805249e-17,2.2716412885541742e-17,4.590474082310241e-16,5.1258135626105566e-15,ACBI1,0.1,36000.0,360,8.697490026177835
6.0,0.0005,0.0,1.9569131463111635,0.005356640589170911,0.11705964624816921,99.88139850525918,7.827652585244655e-15,5.416209718720939e-17,2.1426562356683646e-17,4.682385849926769e-16,5.136362634288349e-15,ACBI1,0.1,36000.0,360,9.545484566618342
6.0,0.0005,0.0,1.8481911558397555,0.005065979338674104,0.11966322542262468,99.86792705586227,7.392764623359022e-15,5.042868867799788e-17,2.026391735469642e-17,4.786529016904987e-16,5.148877518136658e-15,ACBI1,0.1,36000.0,360,10.476157527896651
6.0,0.0005,0.0,1.7505187686523453,0.00480318363087468,0.12256562815177081,99.88150500519495,7.0020750746093826e-15,4.704322870653413e-17,1.921273452349872e-17,4.902625126070833e-16,5.163532833733067e-15,ACBI1,0.1,36000.0,360,11.497569953977369
6.0,0.0005,0.0,1.66246584022374,0.004564882680552966,0.1257615254042346,99.88141048811904,6.649863360894961e-15,4.3962060312048737e-17,1.8259530722211864e-17,5.030461016169384e-16,5.180532444992096e-15,ACBI1,0.1,36000.0,360,12.61856883066021
6.0,0.0005,0.0,1.582818224672448,0.0043481954132522415,0.12924762599694825,99.90588512848954,6.331272898689792e-15,4.1148241513974173e-17,1.7392781653008966e-17,5.16990503987793e-16,5.200108563583923e-15,ACBI1,0.1,36000.0,360,13.848863713938732
6.0,0.0005,0.0,1.5105467447571281,0.004150663143500686,0.13302312086031712,99.88152876668373,6.0421869790285125e-15,3.857057398226186e-17,1.6602652574002744e-17,5.320924834412684e-16,5.2225195786154745e-15,ACBI1,0.1,36000.0,360,15.199110829529348
6.0,0.0005,0.0,1.4447807367058862,0.003970189461145171,0.13709014347757884,99.85708296992178,5.779122946823545e-15,3.6202739696061657e-17,1.5880757844580687e-17,5.483605739103154e-16,5.248046247997232e-15,ACBI1,0.1,36000.0,360,16.68100537200059
6.0,0.0005,0.0,1.3847854319265962,0.0038049864685115497,0.14145420962161387,99.8794962034726,5.539141727706385e-15,3.402253144823994e-17,1.52199458740462e-17,5.658168384864555e-16,5.276985917190089e-15,ACBI1,0.1,36000.0,360,18.307382802953697
6.0,0.0005,0.0,1.329942526902211,0.0036535266381122755,0.14612458787119856,99.85604930516612,5.319770107608844e-15,3.201116532109209e-17,1.4614106552449103e-17,5.844983514847942e-16,5.309644517360088e-15,ACBI1,0.1,36000.0,360,20.09233002565048
6.0,0.0005,0.0,1.2797333665255368,0.0035144996917446077,0.15111454112278086,99.90052117178307,5.1189334661021475e-15,3.01526657763316e-17,1.4057998766978432e-17,6.044581644911235e-16,5.346326234207868e-15,ACBI1,0.1,36000.0,360,22.051307399030456
6.0,0.0005,0.0,1.233724245087382,0.0033867740738647042,0.15644137192794136,99.88134309024525,4.934896980349528e-15,2.843331699978922e-17,1.3547096295458817e-17,6.257654877117654e-16,5.3873209359247595e-15,ACBI1,0.1,36000.0,360,24.201282647943835
6.0,0.0005,0.0,1.1915534619241095,0.003269362925794023,0.1621262108447652,99.87573299299034,4.766213847696438e-15,2.6841178465075933e-17,1.3077451703176092e-17,6.485048433790608e-16,5.432889718455577e-15,ACBI1,0.1,36000.0,360,26.560877829466868
6.0,0.0005,0.0,1.152919758757737,0.0031613943594004192,0.16819348351331692,99.87903266226841,4.611679035030947e-15,2.5365662934307918e-17,1.2645577437601678e-17,6.727739340532677e-16,5.483249172348176e-15,ACBI1,0.1,36000.0,360,29.150530628251786
6.0,0.0005,0.0,1.1175719303243135,0.0030620861927861966,0.17467002014687355,99.90512653088005,4.470287721297254e-15,2.3997179285125164e-17,1.2248344771144787e-17,6.986800805874942e-16,5.538555282608163e-15,ACBI1,0.1,36000.0,360,31.992671377973846
6.0,0.0005,0.0,1.0852994251266888,0.002970725207985108,0.18158379271403535,99.83267506942408,4.341197700506755e-15,2.2726842213029006e-17,1.1882900831940431e-17,7.263351708561414e-16,5.598888085639591e-15,ACBI1,0.1,36000.0,360,35.111917342151344
6.0,0.0005,0.0,1.0559238093844752,0.0028866509180168892,0.18896229829379432,99.81391430217992,4.223695237537901e-15,2.1546250444609387e-17,1.1546603672067557e-17,7.558491931751773e-16,5.664238334829847e-15,ACBI1,0.1,36000.0,360,38.535285937105314
6.0,0.0005,0.0,1.0292910673639388,0.0028092438355542862,0.19683065608269013,99.8821171681835,4.1171642694557554e-15,2.0447334703048736e-17,1.1236975342217145e-17,7.873226243307606e-16,5.734497448118802e-15,ACBI1,0.1,36000.0,360,42.29242874389499
6.0,0.0005,0.0,1.0052647038261873,0.002737917894440297,0.20520951889156755,99.86585630139851,4.021058815304749e-15,1.9422272869260287e-17,1.0951671577761188e-17,8.208380755662703e-16,5.80945182379199e-15,ACBI1,0.1,36000.0,360,46.41588833612782
6.0,0.0005,0.0,0.9837197097093338,0.0026721166458283747,0.2141129492875437,99.88940048493268,3.934878838837335e-15,1.846346785218841e-17,1.06884665833135e-17,8.564517971501747e-16,5.888782326821665e-15,ACBI1,0.1,36000.0,360,50.9413801481638
6.0,0.0005,0.0,0.9645374139772676,0.0026113124810070707,0.2235464249573323,99.89763694124589,3.8581496559090705e-15,1.756357864521714e-17,1.0445249924028283e-17,8.941856998293292e-16,5.972069272454055e-15,ACBI1,0.1,36000.0,360,55.90810182512229
6.0,0.0005,0.0,0.9476012968929179,0.002555008126084335,0.2335051552325828,99.89839968980098,3.790405187571672e-15,1.6715592634823298e-17,1.0220032504337339e-17,9.340206209303313e-16,6.058802752079646e-15,ACBI1,0.1,36000.0,360,61.35907273413176
6.0,0.0005,0.0,0.9327938084810293,0.0025027395267510372,0.2439728731986785,99.89202217981632,3.731175233924118e-15,1.5912924131433602e-17,1.0010958107004149e-17,9.75891492794714e-16,6.148397635147442e-15,ACBI1,0.1,36000.0,360,67.34150657750828
6.0,0.0005,0.0,0.9199941809827864,0.0024540791845319597,0.2549212236265481,99.89182610661338,3.679976723931146e-15,1.5149522375653874e-17,9.816316738127839e-18,1.0196848945061925e-15,6.240212143238761e-15,ACBI1,0.1,36000.0,360,73.90722033525783
6.0,0.0005,0.0,0.9090772401605971,0.0024086392752864314,0.2663098274372593,99.90391783739537,3.636308960642389e-15,1.4419973862251773e-17,9.634557101145726e-18,1.0652393097490372e-15,6.333568651955615e-15,ACBI1,0.1,36000.0,360,81.11308307896873
6.0,0.0005,0.0,0.899913100886341,0.0023660738425154023,0.2780870192265594,99.89056900419274,3.5996524035453645e-15,1.3719584660993929e-17,9.46429537006161e-18,1.1123480769062374e-15,6.427775219818814e-15,ACBI1,0.1,36000.0,360,89.02150854450393
6.0,0.0005,0.0,0.8923676626751362,0.0023260797842854595,0.29019121094900957,99.7719272512574,3.5694706507005454e-15,1.3044433412751481e-17,9.304319137141839e-18,1.1607648437960384e-15,6.522146456591577e-15,ACBI1,0.1,36000.0,360,97.70099572992257
6.0,0.0005,0.0,0.8863037245788846,0.0022883963970519437,0.3025527626200576,99.89901563359986,3.5452148983155388e-15,1.2391389008542117e-17,9.153585588207775e-18,1.2102110504802303e-15,6.616022505700155e-15,ACBI1,0.1,36000.0,360,107.22672220103243
6.0,0.0005,0.0,0.8815839463553697,0.0022528074218545104,0.31509675179764096,99.90119874812797,3.526335785421479e-15,1.1758112229095035e-17,9.011229687418041e-18,1.2603870071905639e-15,6.708786735161227e-15,ACBI1,0.1,36000.0,360,117.68119524349991
6.0,0.0005,0.0,0.8780670981632783,0.0022191224028887853,0.32774325318696057,99.90609200147289,3.5122683926531132e-15,1.1142922613910647e-17,8.876489611555141e-18,1.3109730127478425e-15,6.799872598038841e-15,ACBI1,0.1,36000.0,360,129.1549665014884
6.0,0.0005,0.0,0.8756183018706385,0.0021871960125809404,0.3404129372868229,99.92609935537308,3.5024732074825537e-15,1.0544843172125108e-17,8.748784050323761e-18,1.3616517491472917e-15,6.888781755432744e-15,ACBI1,0.1,36000.0,360,141.7474162926806
6.0,0.0005,0.0,0.874105385128268,0.0021569080206098163,0.35302730899665824,99.90894410771067,3.496421540513072e-15,9.963419772405469e-18,8.627632082439265e-18,1.412109235986633e-15,6.9750838998694015e-15,ACBI1,0.1,36000.0,360,155.56761439304722
6.0,0.0005,0.0,0.8734019364645885,0.0021281623291383423,0.36551128121621224,99.90764367920478,3.493607745858354e-15,9.398633619622339e-18,8.512649316553369e-18,1.462045124864849e-15,7.0584206527196925e-15,ACBI1,0.1,36000.0,360,170.7352647470692
6.0,0.0005,0.0,0.8733887309917201,0.002100882204463229,0.37779490661994797,99.90457374949489,3.49355492396688e-15,8.850790375357563e-18,8.403528817852915e-18,1.511179626479792e-15,7.13850519076914e-15,ACBI1,0.1,36000.0,360,187.3817422860385
6.0,0.0005,0.0,0.873954844729168,0.0020750057953973222,0.3898147299440924,99.90991599754831,3.495819378916672e-15,8.320413693443919e-18,8.30002318158929e-18,1.5592589197763696e-15,7.215119578651571e-15,ACBI1,0.1,36000.0,360,205.65123083486534
6.0,0.0005,0.0,0.8749984385845452,0.002050482111680353,0.40151474671939485,99.90505531326409,3.499993754338181e-15,7.80814849384087e-18,8.201928446721413e-18,1.6060589868775794e-15,7.288110353508286e-15,ACBI1,0.1,36000.0,360,225.70197196339214
6.0,0.0005,0.0,0.8764272185899307,0.0020272675685023005,0.4128469821100097,99.66591301965299,3.5057088743597228e-15,7.314677554366205e-18,8.109070274009201e-18,1.6513879284400388e-15,7.357382886704171e-15,ACBI1,0.1,36000.0,360,247.70763559917114
6.0,0.0005,0.0,0.878158598133467,0.0020053231431943993,0.4237717242138663,99.91199185010055,3.5126343925338682e-15,6.840653338587145e-18,8.021292572777597e-18,1.695086896855465e-15,7.422894994715898e-15,ACBI1,0.1,36000.0,360,271.85882427329426
6.0,0.0005,0.0,0.880119600631527,0.001984612141302593,0.4342574596937194,99.90639833316189,3.520478402526108e-15,6.386645549591302e-18,7.938448565210373e-18,1.7370298387748779e-15,7.484650200716797e-15,ACBI1,0.1,36000.0,360,298.364724028334
6.0,0.0005,0.0,0.8822465479920428,0.0019650985331166595,0.44428056659668946,99.91603020419684,3.5289861919681714e-15,5.953103781592536e-18,7.860394132466637e-18,1.777122266386758e-15,7.54269097076429e-15,ACBI1,0.1,36000.0,360,327.4549162877732
6.0,0.0005,0.0,0.8844845823273667,0.0019467457979216,0.4538248208090874,99.91104856188647,3.537938329309467e-15,5.540333853740156e-18,7.786983191686402e-18,1.81529928323635e-15,7.59709217187046e-15,ACBI1,0.1,36000.0,360,359.3813663804629
6.0,0.0005,0.0,0.8867870668505324,0.0019295162002625373,0.46288077010849005,99.90829319183622,3.5471482674021296e-15,5.148485930909222e-18,7.71806480105015e-18,1.8515230804339603e-15,7.647954928947265e-15,ACBI1,0.1,36000.0,360,394.420605943766
6.0,0.0005,0.0,0.8891149078602537,0.0019133704182355833,0.4714450245184707,99.91299141683612,3.556459631441015e-15,4.77755231743848e-18,7.653481672942333e-18,1.885780098073883e-15,7.695400996677956e-15,ACBI1,0.1,36000.0,360,432.87612810830615
6.0,0.0005,0.0,0.8914358341969362,0.0018982674459835304,0.47951950480376443,99.90526161369276,3.565743336787745e-15,4.4273727937563386e-18,7.593069783934122e-18,1.918078019215058e-15,7.739567712045639e-15,ACBI1,0.1,36000.0,360,475.0810162102798
6.0,0.0005,0.0,0.893723664351798,0.001884164699067587,0.4871106834046175,99.90933915141717,3.574894657407192e-15,4.09764549387789e-18,7.536658796270347e-18,1.94844273361847e-15,7.780603553533764e-15,ACBI1,0.1,36000.0,360,521.400828799969
6.0,0.0005,0.0,0.89595758514899,0.0018710182603997093,0.49422884460327327,99.87187200225563,3.58383034059596e-15,3.787941541028769e-18,7.484073041598838e-18,1.9769153784130933e-15,7.818664303104586e-15,ACBI1,0.1,36000.0,360,572.236765935022
6.0,0.0005,0.0,0.8981214600240526,0.0018587832145365748,0.5008873837255946,99.91174068094662,3.59248584009621e-15,3.497721925559124e-18,7.4351328581463e-18,2.003549534902378e-15,7.853909785708952e-15,ACBI1,0.1,36000.0,360,628.029144183426
6.0,0.0005,0.0,0.9002031796562739,0.0018474140283218415,0.507102158999134,99.91177031178917,3.6008127186250964e-15,3.2263553905431834e-18,7.389656113287365e-18,2.028408635996536e-15,7.886501146854254e-15,ACBI1,0.1,36000.0,360,689.2612104349702
6.0,0.0005,0.0,0.9021940632076147,0.0018368649454128855,0.5128909044554567,99.91045468024242,3.608776252830459e-15,2.9731363625061244e-18,7.347459781651541e-18,2.0515636178218267e-15,7.916598620249933e-15,ACBI1,0.1,36000.0,360,756.463327554629
6.0,0.0005,0.0,0.9040883147200446,0.0018270903707370578,0.5182727080105505,99.91944555538963,3.616353258880179e-15,2.7373022125702978e-18,7.30836148294823e-18,2.0730908320422017e-15,7.944359733426605e-15,ACBI1,0.1,36000.0,360,830.2175681319752
6.0,0.0005,0.0,0.9058825362922844,0.0018180452281792298,0.5232675555351096,99.89497778005509,3.623530145169138e-15,2.5180493487167597e-18,7.27218091271692e-18,2.0930702221404386e-15,7.969937898364092e-15,ACBI1,0.1,36000.0,360,911.1627561154896
6.0,0.0005,0.0,0.9075752974338216,0.0018096852807766525,0.5278959392473569,99.91161722992591,3.630301189735286e-15,2.314547819671661e-18,7.23874112310661e-18,2.1115837569894275e-15,7.993481335598543e-15,ACBI1,0.1,36000.0,360,1000.0
6.0,0.0005,0.0,55.333119864988426,0.0038120219992932337,0.003958702470145323,99.00000192888893,2.2133247945995368e-13,3.166510547616745e-17,1.5248087997172936e-17,1.5834809880581296e-17,4.975628245070656e-15,ACBI1,1.0,36000.0,360,0.1
6.0,0.0005,0.0,55.33300850339886,0.004168626277976567,0.0043446697378135305,99.00001278545912,2.2133203401359547e-13,3.47509977391889e-17,1.6674505111906268e-17,1.7378678951254122e-17,4.9756786511520965e-15,ACBI1,1.0,36000.0,360,0.10974987654930562
6.0,0.0005,0.0,55.33284996316995,0.0045570515318661105,0.004768264937360163,99.00000251613213,2.2133139985267979e-13,3.813713688650635e-17,1.8228206127464444e-17,1.9073059749440654e-17,4.975733903760237e-15,ACBI1,1.0,36000.0,360,0.12045035402587821
6.0,0.0005,0.0,55.332624654449894,0.004979837558929394,0.005233154329075203,99.0000389796903,2.2133049861779956e-13,4.185252883275522e-17,1.9919350235717575e-17,2.0932617316300813e-17,4.975794447240627e-15,ACBI1,1.0,36000.0,360,0.1321941148466029
6.0,0.0005,0.0,55.3323050718713,0.005439668387728755,0.005743360206210776,99.0000629941592,2.2132922028748521e-13,4.5928895328443486e-17,2.175867355091502e-17,2.2973440824843104e-17,4.975860757992644e-15,ACBI1,1.0,36000.0,360,0.14508287784959398
6.0,0.0005,0.0,55.33185271465532,0.0059393684237093675,0.006303294828641753,99.0000124561582,2.2132741085862128e-13,5.04008930470747e-17,2.375747369483747e-17,2.5213179314567013e-17,4.975933343293592e-15,ACBI1,1.0,36000.0,360,0.1592282793341092
6.0,0.0005,0.0,55.331213871357974,0.006481895372591272,0.006917797257890964,99.00011287688545,2.2132485548543193e-13,5.530633609512825e-17,2.5927581490365087e-17,2.7671189031563855e-17,4.976012738471791e-15,ACBI1,1.0,36000.0,360,0.17475284000076838
6.0,0.0005,0.0,55.33031388353419,0.00707032921941993,0.007592173173192976,99.00003895641628,2.2132125553413675e-13,6.068641559716892e-17,2.828131687767972e-17,3.036869269277191e-17,4.9760995017739634e-15,ACBI1,1.0,36000.0,360,0.19179102616724888
6.0,0.0005,0.0,55.329049388359174,0.0077078564134457185,0.0083322376602431,99.00014177689545,2.2131619755343672e-13,6.658590709070572e-17,3.0831425653782874e-17,3.332895064097241e-17,4.97619420607709e-15,ACBI1,1.0,36000.0,360,0.2104904144512021
6.0,0.0005,0.0,55.32727790061047,0.008397748255527167,0.009144360825999268,99.00021306268188,2.2130911160244187e-13,7.305335257253577e-17,3.359099302210867e-17,3.6577443303997074e-17,4.976297426360586e-15,ACBI1,1.0,36000.0,360,0.23101297000831597
6.0,0.0005,0.0,55.32480392814053,0.009143332299778059,0.010035515883513296,99.00030800452988,2.2129921571256215e-13,8.014119892078851e-17,3.657332919911223e-17,4.014206353405319e-17,4.976409721583619e-15,ACBI1,1.0,36000.0,360,0.2535364493970112
6.0,0.0005,0.0,55.32136062354465,0.009947955357181085,0.011013329042599825,99.00043965160667,2.212854424941786e-13,8.790586779659623e-17,3.979182142872434e-17,4.40533161703993e-17,4.976531609310071e-15,ACBI1,1.0,36000.0,360,0.2782559402207124
6.0,0.0005,0.0,55.316585763925865,0.010814936417846603,0.012086130099451585,99.00053547944741,2.2126634305570346e-13,9.640772371742416e-17,4.3259745671386416e-17,4.834452039780634e-17,4.976663531107972e-15,ACBI1,1.0,36000.0,360,0.30538555088334157
6.0,0.0005,0.0,55.30999063319486,0.011747507483472882,0.013263001996404214,99.0021176422451,2.2123996253277943e-13,1.0571089652643653e-16,4.699002993389153e-17,5.3052007985616866e-17,4.976805806456178e-15,ACBI1,1.0,36000.0,360,0.33516026509388425
6.0,0.0005,0.0,55.300920179674385,0.01274873991905279,0.01455382676840888,99.00106227494207,2.2120368071869755e-13,1.1588290177929677e-16,5.099495967621116e-17,5.821530707363553e-17,4.976958572663567e-15,ACBI1,1.0,36000.0,360,0.36783797718286343
6.0,0.0005,0.0,55.288502671774296,0.013821453498065718,0.0159693241449829,99.00250063651112,2.211540106870972e-13,1.2699398763251556e-16,5.528581399226288e-17,6.38772965799316e-17,4.9771217082329985e-15,ACBI1,1.0,36000.0,360,0.40370172585965547
6.0,0.0005,0.0,55.271587029111814,0.014968104848820649,0.017521077573121754,99.00237755489766,2.2108634811644725e-13,1.3911611996891934e-16,5.98724193952826e-17,7.008431029248702e-17,4.977294737282875e-15,ACBI1,1.0,36000.0,360,0.4430621457583881
6.0,0.0005,0.0,55.24866613927545,0.01619065155745563,0.019221540513486277,99.0027189730195,2.2099466455710182e-13,1.5232149958234428e-16,6.476260622982252e-17,7.68861620539451e-17,4.977476713228742e-15,ACBI1,1.0,36000.0,360,0.4862601580065355
6.0,0.0005,0.0,55.217784877496634,0.017490387830216364,0.021084013509199605,99.00735949646487,2.2087113950998653e-13,1.6668048789811435e-16,6.996155132086546e-17,8.433605403679842e-17,4.9776660810986775e-15,ACBI1,1.0,36000.0,360,0.533669923120631
6.0,0.0005,0.0,55.176432345421155,0.018867747503143583,0.02312257975410263,99.01286633223138,2.207057293816846e-13,1.822588036721949e-16,7.547099001257432e-17,9.249031901641051e-17,4.97786051982308e-15,ACBI1,1.0,36000.0,360,0.5857020818056667
6.0,0.0005,0.0,55.121419168470986,0.02032207051983554,0.025351983802121243,99.0047680415947,2.2048567667388396e-13,1.9911384659762849e-16,8.128828207934216e-17,1.0140793520848497e-16,4.978056768804912e-15,ACBI1,1.0,36000.0,360,0.6428073117284322
6.0,0.0005,0.0,55.048742672073736,0.021851330066592397,0.02778743490237404,99.00498966897476,2.2019497068829494e-13,2.172900107393429e-16,8.740532026636959e-17,1.1114973960949617e-16,4.9782504472205085e-15,ACBI1,1.0,36000.0,360,0.7054802310718644
6.0,0.0005,0.0,54.95344550258652,0.023451819726894335,0.030444313646217056,99.02926995468016,2.1981378201034606e-13,2.3681287913123135e-16,9.380727890757733e-17,1.2177725458486822e-16,4.978435879889077e-15,ACBI1,1.0,36000.0,360,0.7742636826811272
6.0,0.0005,0.0,54.82947681055529,0.025117803716045717,0.03333775884822445,99.00973213455124,2.1931790724222117e-13,2.5768225031614312e-16,1.0047121486418288e-16,1.333510353928978e-16,4.978605950065886e-15,ACBI1,1.0,36000.0,360,0.8497534359086445
6.0,0.0005,0.0,54.66956939188251,0.02684113889713268,0.03648211181285021,99.04271946162217,2.1867827756753005e-13,2.798640485095333e-16,1.0736455558853072e-16,1.4592844725140083e-16,4.978752006726567e-15,ACBI1,1.0,36000.0,360,0.9326033468832199
6.0,0.0005,0.0,54.46515091713056,0.028610885158572418,0.03989019860207164,99.0052635114381,2.1786060366852222e-13,3.032813207463788e-16,1.1444354063428967e-16,1.5956079440828656e-16,4.9788638609702105e-15,ACBI1,1.0,36000.0,360,1.0235310218990263
6.0,0.0005,0.0,54.20631204089412,0.03041293086271805,0.043572439051808,99.00380877171075,2.1682524816357647e-13,3.2780473184290703e-16,1.216517234508722e-16,1.7428975620723202e-16,4.978929911701991e-15,ACBI1,1.0,36000.0,360,1.1233240329780276
6.0,0.0005,0.0,53.88185792864621,0.03222967196201002,0.04753578550901698,99.07714822308846,2.1552743171458487e-13,3.532432273671574e-16,1.289186878480401e-16,1.9014314203606791e-16,4.978937442849608e-15,ACBI1,1.0,36000.0,360,1.2328467394420666
6.0,0.0005,0.0,53.47947140446647,0.034039795795106194,0.05178251561925283,99.07298890412946,2.1391788561786588e-13,3.793358276617446e-16,1.3615918318042478e-16,2.0713006247701132e-16,4.9788731307096654e-15,ACBI1,1.0,36000.0,360,1.3530477745798075
6.0,0.0005,0.0,52.98601410894926,0.035818231376812296,0.056308932113488065,99.04439845934601,2.1194405643579706e-13,4.0574580407569074e-16,1.4327292550724917e-16,2.2523572845395225e-16,4.978723788243061e-15,ACBI1,1.0,36000.0,360,1.484968262254465
6.0,0.0005,0.0,52.387985335627405,0.037536334111052776,0.061104056989598074,99.19066384798798,2.0955194134250965e-13,4.3205871110956777e-16,1.501453364442111e-16,2.444162279583923e-16,4.978477351456649e-15,ACBI1,1.0,36000.0,360,1.6297508346206444
6.0,0.0005,0.0,51.672145495716414,0.03916237056801492,0.06614844415296879,99.0074727758811,2.0668858198286565e-13,4.577858245952931e-16,1.5664948227205969e-16,2.645937766118752e-16,4.978124081076032e-15,ACBI1,1.0,36000.0,360,1.7886495290574351
6.0,0.0005,0.0,50.82629218035716,0.040662354596362756,0.07141326737318705,99.21006129387169,2.0330516872142863e-13,4.823743777438807e-16,1.6264941838545103e-16,2.8565306949274824e-16,4.977657912569405e-15,ACBI1,1.0,36000.0,360,1.9630406500402715
6.0,0.0005,0.0,49.84015263158476,0.04200125705005227,0.0768598610264008,98.98226549675047,1.9936061052633903e-13,5.052255195010762e-16,1.6800502820020909e-16,3.0743944410560324e-16,4.977077844355233e-15,ACBI1,1.0,36000.0,360,2.1544346900318843
6.0,0.0005,0.0,48.70632990984127,0.04314456774788402,0.0824398902081899,98.93402188673309,1.948253196393651e-13,5.257201134669067e-16,1.7257827099153609e-16,3.297595608327596e-16,4.976389215955482e-15,ACBI1,1.0,36000.0,360,2.3644894126454084
6.0,0.0005,0.0,47.42121570037801,0.044060133609743785,0.08809629626965317,99.11650722324796,1.8968486280151204e-13,5.43251397124197e-16,1.7624053443897515e-16,3.5238518507861267e-16,4.975604705243534e-15,ACBI1,1.0,36000.0,360,2.5950242113997373
6.0,0.0005,0.0,45.98576623187582,0.04472013911088856,0.0937650995414769,99.14666011233881,1.839430649275033e-13,5.572622726034634e-16,1.7888055644355425e-16,3.7506039816590757e-16,4.97474487683087e-15,ACBI1,1.0,36000.0,360,2.848035868435802
6.0,0.0005,0.0,44.406034828890256,0.04510304565584966,0.0993780457029148,99.03596433412729,1.7762413931556102e-13,5.672838337081432e-16,1.8041218262339866e-16,3.975121828116592e-16,4.973838148624198e-15,ACBI1,1.0,36000.0,360,3.1257158496882367
6.0,0.0005,0.0,42.69336911142507,0.04519527787806006,0.10486596711580563,99.61645650516984,1.707734764457003e-13,5.7297093004913435e-16,1.8078111151224024e-16,4.194638684632226e-16,4.972920110614281e-15,ACBI1,1.0,36000.0,360,3.4304692863149193
6.0,0.0005,0.0,40.86421337838184,0.04499244779293065,0.11016261446000826,99.53695248716407,1.6345685351352737e-13,5.741303844196507e-16,1.799697911717226e-16,4.406504578400331e-16,4.9720322204429936e-15,ACBI1,1.0,36000.0,360,3.764935806792469
6.0,0.0005,0.0,38.939503562022686,0.04449994700839684,0.11520862050720312,35.04951787755686,1.5575801424809075e-13,5.707380615060528e-16,1.7799978803358736e-16,4.608344820288125e-16,4.971219997797239e-15,ACBI1,1.0,36000.0,360,4.132012400115339
6.0,0.0005,0.0,36.94369557410961,0.04373280942147852,0.11995520884137119,99.0129181256662,1.4777478229643845e-13,5.629423070544698e-16,1.749312376859141e-16,4.798208353654848e-16,4.97053092342907e-15,ACBI1,1.0,36000.0,360,4.5348785081285845
6.0,0.0005,0.0,34.9035177182447,0.042714840152029816,0.12436727008898263,99.5226785791496,1.396140708729788e-13,5.510531169139149e-16,1.7085936060811926e-16,4.974690803559305e-16,4.970012299189087e-15,ACBI1,1.0,36000.0,360,4.977023564332112
6.0,0.0005,0.0,32.8465741307498,0.041477103127849385,0.12842549862789168,97.93748595424522,1.313862965229992e-13,5.355183894621569e-16,1.6590841251139754e-16,5.137019945115668e-16,4.9697093307138404e-15,ACBI1,1.0,36000.0,360,5.462277217684343
6.0,0.0005,0.0,30.79994185180818,0.04005594069059582,0.132127401897359,99.37771883749306,1.231997674072327e-13,5.168903502236432e-16,1.602237627623833e-16,5.28509607589436e-16,4.969663653296451e-15,ACBI1,1.0,36000.0,360,5.994842503189412
6.0,0.0005,0.0,28.788896837640255,0.03849074864649907,0.13548713946191568,99.43792218767533,1.1515558735056103e-13,4.957863708816885e-16,1.5396299458599628e-16,5.419485578476627e-16,4.969912444437268e-15,ACBI1,1.0,36000.0,360,6.5793322465756825
6.0,0.0005,0.0,26.835876928627613,0.03682174187715144,0.13853429211490045,99.70798738898836,1.0734350771451046e-13,4.728487545906589e-16,1.4728696750860576e-16,5.541371684596018e-16,4.970488172168599e-15,ACBI1,1.0,36000.0,360,7.220809018385467
6.0,0.0005,0.0,24.959749466674154,0.03508792056192473,0.14131177709511927,99.67330560772058,9.983899786669663e-14,4.48707640895512e-16,1.403516822476989e-16,5.65247108380477e-16,4.971418937411198e-15,ACBI1,1.0,36000.0,360,7.924828983539178
6.0,0.0005,0.0,23.1754067439698,0.03332539450307062,0.14387319679498545,99.5570915732627,9.27016269758792e-14,4.23950181686282e-16,1.333015780122825e-16,5.754927871799419e-16,4.972729298787989e-15,ACBI1,1.0,36000.0,360,8.697490026177835
6.0,0.0005,0.0,21.49367205479785,0.03156615651851469,0.14627992933332876,99.73080863402986,8.597468821919141e-14,3.990978358203905e-16,1.2626462607405874e-16,5.851197173333151e-16,4.974441429403998e-15,ACBI1,1.0,36000.0,360,9.545484566618342
6.0,0.0005,0.0,19.92146872526762,0.029837329218822185,0.14859824506111727,99.34469287115917,7.968587490107047e-14,3.7459231461068513e-16,1.1934931687528875e-16,5.943929802444691e-16,4.9765764483461515e-15,ACBI1,1.0,36000.0,360,10.476157527896651
6.0,0.0005,0.0,18.462186824065718,0.028160853636806874,0.15089667612651236,99.705755146637,7.384874729626287e-14,3.5078961131075875e-16,1.126434145472275e-16,6.035867045060495e-16,4.979155789189666e-15,ACBI1,1.0,36000.0,360,11.497569953977369
6.0,0.0005,0.0,17.1161770039553,0.026553549409963302,0.15324379255088078,99.11375412340388,6.846470801582121e-14,3.2796079362800894e-16,1.0621419763985322e-16,6.129751702035232e-16,4.982202503778355e-15,ACBI1,1.0,36000.0,360,12.61856883066021
6.0,0.0005,0.0,15.881305637683903,0.025027456042310183,0.15570646288197665,99.69534397826139,6.352522255073561e-14,3.0629785694350247e-16,1.0010982416924074e-16,6.228258515279067e-16,4.985742441528605e-15,ACBI1,1.0,36000.0,360,13.848863713938732
6.0,0.0005,0.0,14.753516621770205,0.023590361000271884,0.15834861173701337,99.62825674993292,5.901406648708082e-14,2.8592287838881737e-16,9.436144400108754e-17,6.333944469480535e-16,4.989805283971451e-15,ACBI1,1.0,36000.0,360,15.199110829529348
6.0,0.0005,0.0,13.72735943627575,0.022246428709857248,0.16123043694934927,90.15559071101488,5.4909437745102996e-14,2.6689888730395807e-16,8.898571483942899e-17,6.449217477973971e-16,4.9944254458491545e-15,ACBI1,1.0,36000.0,360,16.68100537200059
6.0,0.0005,0.0,12.79645742458539,0.020996860008661286,0.1644080175686421,99.88780000871918,5.118582969834156e-14,2.4924117543537694e-16,8.398744003464515e-17,6.576320702745684e-16,4.9996428756723245e-15,ACBI1,1.0,36000.0,360,18.307382802953697
6.0,0.0005,0.0,11.953902890404482,0.01984052987917506,0.16793322922033446,99.87847345934529,4.781561156161793e-14,2.329281233336092e-16,7.936211951670025e-17,6.717329168813378e-16,5.005503800518018e-15,ACBI1,1.0,36000.0,360,20.09233002565048
6.0,0.0005,0.0,11.192575526407524,0.01877456908147898,0.17185388192635637,99.74151786473959,4.4770302105630095e-14,2.179109550582151e-16,7.509827632591592e-17,6.874155277054254e-16,5.012061463703002e-15,ACBI1,1.0,36000.0,360,22.051307399030456
6.0,0.0005,0.0,10.505387660009436,0.01779487060590035,0.176214003364322,99.75102939589812,4.202155064003775e-14,2.0412211496251396e-16,7.117948242360141e-17,7.048560134572879e-16,5.019376901897763e-15,ACBI1,1.0,36000.0,360,24.201282647943835
6.0,0.0005,0.0,9.88546408684387,0.01689651377467752,0.18105420386906348,99.77247355486305,3.9541856347375475e-14,1.914821734671464e-16,6.758605509871007e-17,7.24216815476254e-16,5.027519802055843e-15,ACBI1,1.0,36000.0,360,26.560877829466868
6.0,0.0005,0.0,9.326266375539694,0.016074107236861562,0.18641207515780514,99.90310462668577,3.7305065502158774e-14,1.7990531415082943e-16,6.429642894744626e-17,7.456483006312206e-16,5.036569469308092e-15,ACBI1,1.0,36000.0,360,29.150530628251786
6.0,0.0005,0.0,8.821672055076316,0.01532205741460971,0.19232259056921702,99.79530566343044,3.5286688220305264e-14,1.6930354178198434e-16,6.128822965843884e-17,7.692903622768682e-16,5.046615924970354e-15,ACBI1,1.0,36000.0,360,31.992671377973846
6.0,0.0005,0.0,8.36601858329638,0.0146347717919307,0.19881848912464772,99.79083469621756,3.346407433318552e-14,1.5958979324310804e-16,5.85390871677228e-17,7.952739564985909e-16,5.057761138504657e-15,ACBI1,1.0,36000.0,360,35.111917342151344
6.0,0.0005,0.0,7.954120887733529,0.01400680745313455,0.20593063812270215,99.94016126209907,3.181648355093412e-14,1.5068014391610025e-16,5.60272298125382e-17,8.237225524908086e-16,5.070120377547039e-15,ACBI1,1.0,36000.0,360,38.535285937105314
6.0,0.0005,0.0,7.5812698974990544,0.013432975077051301,0.21368837880129166,99.7008972854659,3.032507958999622e-14,1.4249529245609563e-16,5.3731900308205204e-17,8.547535152051666e-16,5.083823634575017e-15,ACBI1,1.0,36000.0,360,42.29242874389499
6.0,0.0005,0.0,7.243218069640128,0.01290840765988415,0.22211986652900145,99.58063328091325,2.8972872278560514e-14,1.3496148591013494e-16,5.16336306395366e-17,8.88479466116006e-16,5.099017056153652e-15,ACBI1,1.0,36000.0,360,46.41588833612782
6.0,0.0005,0.0,6.936156589258884,0.012428601936090371,0.23125242069752502,99.74348949197206,2.7744626357035534e-14,1.2801102123104498e-16,4.971440774436148e-17,9.250096827901001e-16,5.11586426034859e-15,ACBI1,1.0,36000.0,360,50.9413801481638
6.0,0.0005,0.0,6.65668775887514,0.011989439044044828,0.24111289957193996,102.63414209475489,2.6626751035500565e-14,1.2158243263775018e-16,4.795775617617931e-17,9.644515982877599e-16,5.1345473804867424e-15,ACBI1,1.0,36000.0,360,55.90810182512229
6.0,0.0005,0.0,6.40179511417604,0.011587189604468775,0.25172811133764716,99.86760022044635,2.5607180456704162e-14,1.1562044957459752e-16,4.63487584178751e-17,1.0069124453505887e-15,5.155267621638947e-15,ACBI1,1.0,36000.0,360,61.35907273413176
6.0,0.0005,0.0,6.168813008635353,0.011218507143456381,0.26312526402181474,100.06937973790764,2.4675252034541412e-14,1.1007578865897071e-16,4.487402857382553e-17,1.052501056087259e-15,5.178245065301093e-15,ACBI1,1.0,36000.0,360,67.34150657750828
6.0,0.0005,0.0,5.955396782490981,0.010880412753529892,0.27533244366759246,99.78074131930958,2.3821587129963923e-14,1.0490482565502117e-16,4.352165101411957e-17,1.1013297746703699e-15,5.2037174160977005e-15,ACBI1,1.0,36000.0,360,73.90722033525783
6.0,0.0005,0.0,5.759494150621144,0.010570273072161135,0.28837909243058707,99.8694635444958,2.3037976602484575e-14,1.0006918037349429e-16,4.228109228864454e-17,1.1535163697223483e-15,5.231937363144684e-15,ACBI1,1.0,36000.0,360,81.11308307896873
6.0,0.0005,0.0,5.579318087091647,0.010285773075152974,0.3022964373101012,99.86006201050456,2.2317272348366588e-14,9.553523837063603e-17,4.11430923006119e-17,1.2091857492404049e-15,5.2631682411006544e-15,ACBI1,1.0,36000.0,360,89.02150854450393
6.0,0.0005,0.0,5.413315154051384,0.01002487284079141,0.3171174176507081,99.68632147555056,2.1653260616205536e-14,9.127351852683554e-17,4.009949136316564e-17,1.2684696706028325e-15,5.297677303222702e-15,ACBI1,1.0,36000.0,360,97.70099572992257
6.0,0.0005,0.0,5.260170312932771,0.009785830408635638,0.3328785908217063,99.7751223066732,2.1040681251731083e-14,8.725864527303415e-17,3.9143321634542555e-17,1.3315143632868253e-15,5.335729367810444e-15,ACBI1,1.0,36000.0,360,107.22672220103243
6.0,0.0005,0.0,5.118729170012772,0.009567057712442477,0.34961651943931826,99.88620102561381,2.0474916680051088e-14,8.34678007069703e-17,3.826823084976991e-17,1.398466077757273e-15,5.37757256860791e-15,ACBI1,1.0,36000.0,360,117.68119524349991
6.0,0.0005,0.0,4.988025990894805,0.009367181830747784,0.3673702227369741,99.74133152314866,1.995210396357922e-14,7.988107479674278e-17,3.7468727322991134e-17,1.4694808909478965e-15,5.423429509454362e-15,ACBI1,1.0,36000.0,360,129.1549665014884
6.0,0.0005,0.0,4.86724113617566,0.00918496657292152,0.3861787484611882,99.76918474070642,1.946896454470264e-14,7.648055993975168e-17,3.673986629168608e-17,1.544714993844753e-15,5.47348235646352e-15,ACBI1,1.0,36000.0,360,141.7474162926806
6.0,0.0005,0.0,4.755682341248481,0.009019281366107608,0.4060795719438146,99.93071527368375,1.9022729364993923e-14,7.324991713763196e-17,3.607712546443044e-17,1.6243182877752585e-15,5.5278588982022594e-15,ACBI1,1.0,36000.0,360,155.56761439304722
6.0,0.0005,0.0,4.652765129055108,0.008869070756003468,0.4271063601210869,99.87942406104735,1.8611060516220436e-14,7.017399056998903e-17,3.547628302401387e-17,1.7084254404843476e-15,5.586619078990652e-15,ACBI1,1.0,36000.0,360,170.7352647470692
6.0,0.0005,0.0,4.557993211825047,0.008733327267611734,0.44928618204914933,99.84543414644479,1.8231972847300188e-14,6.723850329496624e-17,3.493330907044694e-17,1.7971447281965975e-15,5.649743118081658e-15,ACBI1,1.0,36000.0,360,187.3817422860385
6.0,0.0005,0.0,4.4709397818282826,0.008611070147003231,0.47263634954598727,99.82407749489856,1.7883759127313132e-14,6.442985914289343e-17,3.4444280588012923e-17,1.890545398183949e-15,5.717122427804e-15,ACBI1,1.0,36000.0,360,205.65123083486534
6.0,0.0005,0.0,4.391229980933802,0.008501330676227891,0.4971610929539496,99.79943497888688,1.7564919923735207e-14,6.173505467099772e-17,3.4005322704911564e-17,1.9886443718157984e-15,5.7885543527304075e-15,ACBI1,1.0,36000.0,360,225.70197196339214
6.0,0.0005,0.0,4.318524958909826,0.008403144358339188,0.5228483397603298,99.86450245316172,1.7274099835639305e-14,5.914169599093844e-17,3.3612577433356757e-17,2.0913933590413195e-15,5.8637414902837665e-15,ACBI1,1.0,36000.0,360,247.70763559917114
6.0,0.0005,0.0,4.252507835959616,0.008315549481997352,0.5496668817727497,99.87536423163144,1.7010031343838464e-14,5.663810350011428e-17,3.3262197927989405e-17,2.198667527090999e-15,5.942295953754471e-15,ACBI1,1.0,36000.0,360,271.85882427329426
6.0,0.0005,0.0,4.19287195722259,0.008237591285125096,0.5775642255535254,99.83005704394503,1.6771487828890363e-14,5.421348071589316e-17,3.2950365140500386e-17,2.3102569022141014e-15,6.023748502581602e-15,ACBI1,1.0,36000.0,360,298.364724028334
6.0,0.0005,0.0,4.139311628926386,0.008168330293753707,0.6064653671532502,99.8008274813736,1.6557246515705543e-14,5.185811598648211e-17,3.267332117501483e-17,2.4258614686130008e-15,6.107561995242429e-15,ACBI1,1.0,36000.0,360,327.4549162877732
6.0,0.0005,0.0,4.091515476876699,0.00810685332861803,0.6362726681870152,99.95733202299627,1.6366061907506797e-14,4.95635850530973e-17,3.242741331447212e-17,2.545090672748061e-15,6.193148236993144e-15,ACBI1,1.0,36000.0,360,359.3813663804629
6.0,0.0005,0.0,4.049162380089387,0.008052285530442889,0.6668669079255035,99.84714333016849,1.6196649520357547e-14,4.7322923864697745e-17,3.220914212177155e-17,2.6674676317020143e-15,6.279887010302115e-15,ACBI1,1.0,36000.0,360,394.420605943766
6.0,0.0005,0.0,4.011919828346808,0.008003801974026297,0.6981094852808895,99.82975719138012,1.604767931338723e-14,4.5130747230459245e-17,3.2015207896105186e-17,2.792437941123558e-15,6.367145948805541e-15,ACBI1,1.0,36000.0,360,432.87612810830615
6.0,0.0005,0.0,3.979444357106047,0.007960637575942243,0.7298456311333995,99.83606850986855,1.5917777428424188e-14,4.2983296275587254e-17,3.1842550303768974e-17,2.9193825245335983e-15,6.454299930534618e-15,ACBI1,1.0,36000.0,360,475.0810162102798
6.0,0.0005,0.0,3.9513837205523856,0.007922094583034263,0.761908423467515,99.83837149678806,1.5805534882209543e-14,4.087840833187107e-17,3.168837833213705e-17,3.04763369387006e-15,6.54074883432355e-15,ACBI1,1.0,36000.0,360,521.400828799969
6.0,0.0005,0.0,3.927380304512123,0.007887547104124619,0.7941233235538395,99.85942568829496,1.5709521218048492e-14,3.881541086791474e-17,3.1550188416498476e-17,3.1764932942153578e-15,6.625932749984806e-15,ACBI1,1.0,36000.0,360,572.236765935022
6.0,0.0005,0.0,3.907075367963422,0.007856442722737866,0.826312943633983,99.91401210359663,1.5628301471853688e-14,3.679494998132187e-17,3.1425770890951466e-17,3.3052517745359324e-15,6.709344051348574e-15,ACBI1,1.0,36000.0,360,628.029144183426
6.0,0.0005,0.0,3.8901136248387966,0.007828301314151895,0.8583017448162563,99.89798412093222,1.5560454499355187e-14,3.481876849319009e-17,3.131320525660758e-17,3.433206979265025e-15,6.790536053137321e-15,ACBI1,1.0,36000.0,360,689.2612104349702
6.0,0.0005,0.0,3.876147819879159,0.007802711581159007,0.8899204128712201,99.94253616550334,1.5504591279516637e-14,3.288945260628299e-17,3.121084632463603e-17,3.559681651484881e-15,6.869128267388223e-15,ACBI1,1.0,36000.0,360,756.463327554629
6.0,0.0005,0.0,3.8648429747425737,0.007779325830645815,0.9210097024850421,99.85281623354088,1.5459371898970294e-14,3.101016609514743e-17,3.111730332258326e-17,3.684038809940168e-15,6.944808505559953e-15,ACBI1,1.0,36000.0,360,830.2175681319752
6.0,0.0005,0.0,3.855880077486286,0.007757853574124701,0.9514236054456395,99.89022110862449,1.5423520309945144e-14,2.918438962572336e-17,3.1031414296498806e-17,3.805694421782558e-15,7.017332239229235e-15,ACBI1,1.0,36000.0,360,911.1627561154896
6.0,0.0005,0.0,3.848959086580134,0.007738054533241785,0.9810317660994846,99.77266935913698,1.5395836346320535e-14,2.7415679901618e-17,3.095221813296714e-17,3.924127064397939e-15,7.086519727319136e-15,ACBI1,1.0,36000.0,360,1000.0
6.0,0.0005,0.0,55.33337877687651,0.0003941148809339499,0.0003957246362049239,99.00000000028022,2.2133351510750602e-13,3.165764725096385e-18,1.5764595237357996e-18,1.5828985448196957e-18,4.871605288729676e-15,ACBI1,10.0,36000.0,360,0.1
6.0,0.0005,0.0,55.333378760945095,0.0004323691831595615,0.00043430737339539434,99.0000000024121,2.2133351504378037e-13,3.474423249008796e-18,1.7294767326382463e-18,1.7372294935815774e-18,4.871610281204988e-15,ACBI1,10.0,36000.0,360,0.10974987654930562
6.0,0.0005,0.0,55.333378737879244,0.0004743183492066535,0.000476651894852308,99.00000000706828,2.21333514951517e-13,3.813175625065826e-18,1.897273396826614e-18,1.906607579409232e-18,4.871615760450979e-15,ACBI1,10.0,36000.0,360,0.12045035402587821
6.0,0.0005,0.0,55.333378704491324,0.0005203155446875359,0.0005231249729413703,99.00000000342305,2.213335148179653e-13,4.1849559503926164e-18,2.0812621787501437e-18,2.0924998917654814e-18,4.871621773929158e-15,ACBI1,10.0,36000.0,360,0.1321941148466029
6.0,0.0005,0.0,55.33337865617257,0.0005707469382169032,0.0005741291404870578,99.00000000356304,2.213335146246903e-13,4.592984379875335e-18,2.2829877528676125e-18,2.2965165619482313e-18,4.871628373728711e-15,ACBI1,10.0,36000.0,360,0.14508287784959398
6.0,0.0005,0.0,55.33337858626258,0.0006260346322457944,0.0006301061774874069,99.0000000149906,2.2133351434505032e-13,5.040795009425478e-18,2.5041385289831773e-18,2.5204247099496277e-18,4.871635617017635e-15,ACBI1,10.0,36000.0,360,0.1592282793341092
6.0,0.0005,0.0,55.33337848514074,0.000686639822735268,0.00069154093779697,99.00000001024252,2.2133351394056297e-13,5.5322664744727535e-18,2.746559290941072e-18,2.76616375118788e-18,4.871643566538201e-15,ACBI1,10.0,36000.0,360,0.17475284000076838
6.0,0.0005,0.0,55.33337833891434,0.0007530661988966386,0.0007589655489245868,99.00000001569529,2.2133351335565737e-13,6.071655526884013e-18,3.012264795586554e-18,3.035862195698347e-18,4.871652291149947e-15,ACBI1,10.0,36000.0,360,0.19179102616724888
6.0,0.0005,0.0,55.33337812753298,0.0008258635932257628,0.0008329640213229525,99.00000003410818,2.2133351251013194e-13,6.663633878487076e-18,3.3034543729030512e-18,3.33185608529181e-18,4.87166186642646e-15,ACBI1,10.0,36000.0,360,0.2104904144512021
6.0,0.0005,0.0,55.33337782207355,0.0009056318905857211,0.0009141773070899673,99.00000003222951,2.213335112882942e-13,7.313328626488733e-18,3.622527562342885e-18,3.6567092283598695e-18,4.87167237530949e-15,ACBI1,10.0,36000.0,360,0.23101297000831597
6.0,0.0005,0.0,55.33337738083183,0.000993025203039604,0.001003308851888614,99.00000001912936,2.2133350952332732e-13,8.026366605406178e-18,3.9721008121584166e-18,4.013235407554456e-18,4.871683908827214e-15,ACBI1,10.0,36000.0,360,0.2535364493970112
6.0,0.0005,0.0,55.333376743720784,0.0010887563143765098,0.0011011306881537862,99.00000006731197,2.2133350697488313e-13,8.80892304170478e-18,4.35502525750604e-18,4.404522752615145e-18,4.871696566881975e-15,ACBI1,10.0,36000.0,360,0.2782559402207124
6.0,0.0005,0.0,55.33337582421724,0.001193601394662931,0.001208490122325243,99.00000011552075,2.21333503296869e-13,9.667774921107611e-18,4.774405578651725e-18,4.833960489300972e-18,4.871710459114951e-15,ACBI1,10.0,36000.0,360,0.30538555088334157
6.0,0.0005,0.0,55.333374497822106,0.001308404980519891,0.001326317073962716,99.0000001901522,2.2133349799128844e-13,1.0610359514360787e-17,5.233619922079564e-18,5.305268295850864e-18,4.8717257058542385e-15,ACBI1,10.0,36000.0,360,0.33516026509388425
6.0,0.0005,0.0,55.33337258554002,0.001434085210979003,0.0014556321301999017,99.00000032596425,2.213334903421601e-13,1.164483854477398e-17,5.736340843916012e-18,5.822528520799608e-18,4.871742439155235e-15,ACBI1,10.0,36000.0,360,0.36783797718286343
6.0,0.0005,0.0,55.33336983024441,0.001571639301484879,0.0015975553851155337,99.00000023832553,2.2133347932097765e-13,1.2780168519515505e-17,6.286557205939517e-18,6.390221540462135e-18,4.871760803941299e-15,ACBI1,10.0,36000.0,360,0.40370172585965547
6.0,0.0005,0.0,55.33336586293041,0.0017221492296389505,0.0017533161402822266,99.00000038013314,2.2133346345172164e-13,1.4026177785511412e-17,6.888596918555802e-18,7.013264561128906e-18,4.871780959254344e-15,ACBI1,10.0,36000.0,360,0.4430621457583881
6.0,0.0005,0.0,55.3333601545858,0.0018867875953357668,0.0019242635500274772,99.00000056275724,2.2133344061834322e-13,1.5393650908391897e-17,7.547150381343068e-18,7.69705420010991e-18,4.8718030796259965e-15,ACBI1,10.0,36000.0,360,0.4862601580065355
6.0,0.0005,0.0,55.33335194768154,0.0020668236047159884,0.0021118783028342366,99.0000009042881,2.2133340779072615e-13,1.6894421007082512e-17,8.267294418863953e-18,8.447513211336948e-18,4.8718273565795344e-15,ACBI1,10.0,36000.0,360,0.533669923120631
6.0,0.0005,0.0,55.333340158818636,0.0022636291115014713,0.002317785438828943,99.00000009583277,2.2133336063527454e-13,1.854147070411537e-17,9.054516446005885e-18,9.271141755315772e-18,4.8718540002747284e-15,ACBI1,10.0,36000.0,360,0.5857020818056667
6.0,0.0005,0.0,55.33332324067278,0.0024786846304087535,0.0025437684124404204,99.0000022924443,2.2133329296269113e-13,2.0349042367911324e-17,9.914738521635015e-18,1.0175073649761683e-17,4.871883241308574e-15,ACBI1,10.0,36000.0,360,0.6428073117284322
6.0,0.0005,0.0,55.33329898665359,0.0027135852150390297,0.002791784519003755,99.0000020253287,2.2133319594661434e-13,2.2332758321503554e-17,1.085434086015612e-17,1.1167138076015022e-17,4.8719153326844445e-15,ACBI1,10.0,36000.0,360,0.7054802310718644
6.0,0.0005,0.0,55.333264255177916,0.0029700460664660072,0.0030639818142103796,99.00000511559513,2.2133305702071165e-13,2.4509751663122526e-17,1.188018426586403e-17,1.225592725684152e-17,4.871950551963518e-15,ACBI1,10.0,36000.0,360,0.7742636826811272
6.0,0.0005,0.0,55.333214581514135,0.0032499077081922234,0.0033627176656437574,99.00000501019895,2.2133285832605654e-13,2.6898808274697135e-17,1.2999630832768894e-17,1.3450870662575031e-17,4.871989203613661e-15,ACBI1,10.0,36000.0,360,0.8497534359086445
6.0,0.0005,0.0,55.33314363295002,0.003555140527673931,0.003690579085809169,99.00001147063622,2.2133257453180007e-13,2.9520520466633026e-17,1.4220562110695726e-17,1.4762316343236676e-17,4.872031621569284e-15,ACBI1,10.0,36000.0,360,0.9326033468832199
6.0,0.0005,0.0,55.333042446502844,0.0038878484436169433,0.004050405005458369,99.00001318265788,2.213321697860114e-13,3.2397452496602015e-17,1.5551393774467772e-17,1.6201620021833477e-17,4.872078172017467e-15,ACBI1,10.0,36000.0,360,1.0235310218990263
6.0,0.0005,0.0,55.33289836612083,0.004250271411007892,0.004445310653661295,99.00001584017706,2.2133159346448333e-13,3.555431787307945e-17,1.700108564403157e-17,1.778124261464518e-17,4.87212925642348e-15,ACBI1,10.0,36000.0,360,1.1233240329780276
6.0,0.0005,0.0,55.33269356664554,0.004644786421527593,0.004878714215532146,99.00002401995435,2.2133077426658215e-13,3.9018167866305405e-17,1.857914568611037e-17,1.9514856862128584e-17,4.872185314810659e-15,ACBI1,10.0,36000.0,360,1.2328467394420666
6.0,0.0005,0.0,55.33240301254854,0.005073906594524886,0.005354365937566859,99.00000090266448,2.2132961205019414e-13,4.2818589940773654e-17,2.0295626378099548e-17,2.1417463750267438e-17,4.872246829305187e-15,ACBI1,10.0,36000.0,360,1.3530477745798075
6.0,0.0005,0.0,55.33199164814528,0.005540277881750197,0.005876379840959259,99.00004423197912,2.2132796659258108e-13,4.6987913816666376e-17,2.2161111527000787e-17,2.3505519363837037e-17,4.872314327958288e-15,ACBI1,10.0,36000.0,360,1.484968262254465
6.0,0.0005,0.0,55.33141054975862,0.006046672825730602,0.006449268180306426,99.00006397282175,2.2132564219903447e-13,5.156142146255074e-17,2.418669130292241e-17,2.5797072721225707e-17,4.872388388854425e-15,ACBI1,10.0,36000.0,360,1.6297508346206444
6.0,0.0005,0.0,55.33059168598311,0.006595980714577757,0.007077978742032527,99.00003928607482,2.2132236674393246e-13,5.657755539104488e-17,2.638392285831103e-17,2.831191496813011e-17,4.872469644515278e-15,ACBI1,10.0,36000.0,360,1.7886495290574351
6.0,0.0005,0.0,55.32944082677734,0.00719119336191138,0.007767935004125971,99.00013723620368,2.2131776330710937e-13,6.20781170151966e-17,2.8764773447645517e-17,3.107174001650389e-17,4.8725587866098875e-15,ACBI1,10.0,36000.0,360,1.9630406500402715
6.0,0.0005,0.0,55.32782801291399,0.007835385605210542,0.008525079063179975,99.00054158442425,2.2131131205165598e-13,6.810844333487291e-17,3.134154242084217e-17,3.41003162527199e-17,4.872656570986733e-15,ACBI1,10.0,36000.0,360,2.1544346900318843
6.0,0.0005,0.0,55.32557484295375,0.00853168945393735,0.009355917058276984,99.00028863687443,2.21302299371815e-13,7.471754563592124e-17,3.41267578157494e-17,3.742366823310794e-17,4.8727638230538155e-15,ACBI1,10.0,36000.0,360,2.3644894126454084
6.0,0.0005,0.0,55.32243765641701,0.009283260623899886,0.010267566560062754,99.00064592002555,2.2128975062566807e-13,8.195818795061756e-17,3.713304249559954e-17,4.107026624025102e-17,4.872881443557105e-15,ACBI1,10.0,36000.0,360,2.5950242113997373
6.0,0.0005,0.0,55.318085494005196,0.010093235959688097,0.011267805016383617,99.00059432543557,2.212723419760208e-13,8.98868754857703e-17,4.037294383875239e-17,4.507122006553447e-17,4.873010414845332e-15,ACBI1,10.0,36000.0,360,2.848035868435802
6.0,0.0005,0.0,55.3120715097042,0.010964679966512824,0.012365117814190904,99.0004578322249,2.2124828603881681e-13,9.856371383531896e-17,4.3858719866051297e-17,4.9460471256763615e-17,4.873151807775965e-15,ACBI1,10.0,36000.0,360,3.1257158496882367
6.0,0.0005,0.0,55.303796315201616,0.011900518343207267,0.013568743784083105,99.00127329627864,2.2121518526080645e-13,1.080520883902609e-16,4.7602073372829074e-17,5.427497513633243e-17,4.873306789519275e-15,ACBI1,10.0,36000.0,360,3.4304692863149193
6.0,0.0005,0.0,55.29246158628452,0.01290345603313963,0.01488871498534388,99.00082837293564,2.2116984634513808e-13,1.1841809992906206e-16,5.1613824132558525e-17,5.955485994137552e-17,4.8734766326720426e-15,ACBI1,10.0,36000.0,360,3.764935806792469
6.0,0.0005,0.0,55.27701220147353,0.013975876905773326,0.016335886309597376,99.00211935627168,2.2110804880589412e-13,1.2972967718470972e-16,5.59035076230933e-17,6.534354523838951e-17,4.873662726319195e-15,ACBI1,10.0,36000.0,360,4.132012400115339
6.0,0.0005,0.0,55.25606528143897,0.015119721786276246,0.0179219487795447,99.00051960075137,2.2102426112575587e-13,1.420552709607675e-16,6.047888714510499e-17,7.16877951181788e-17,4.873866589990086e-15,ACBI1,10.0,36000.0,360,4.5348785081285845
6.0,0.0005,0.0,55.227824841315666,0.01633634123434249,0.019659418364388934,99.00085935410875,2.2091129936526266e-13,1.554620185127162e-16,6.534536493736997e-17,7.863767345755574e-17,4.874089891878197e-15,ACBI1,10.0,36000.0,360,4.977023564332112
6.0,0.0005,0.0,55.18998146423859,0.017626319352422058,0.02156158969472858,99.00547261841588,2.2075992585695436e-13,1.7001325378924687e-16,7.050527740968824e-17,8.624635877891431e-17,4.874334473220654e-15,ACBI1,10.0,36000.0,360,5.462277217684343
6.0,0.0005,0.0,55.13959757580273,0.018989265153776334,0.0236424413178301,99.0042141620103,2.2055839030321094e-13,1.8576523238292464e-16,7.595706061510533e-17,9.45697652713204e-17,4.8746023813748965e-15,ACBI1,10.0,36000.0,360,5.994842503189412
6.0,0.0005,0.0,55.072980670010395,0.020423568887615894,0.02591647628202018,99.01160731619315,2.2029192268004158e-13,2.0276294486510005e-16,8.169427555046357e-17,1.0366590512808073e-16,4.874895914839777e-15,ACBI1,10.0,36000.0,360,6.5793322465756825
6.0,0.0005,0.0,54.985549311403936,0.021926122517450727,0.028398479229433143,99.00283642752757,2.1994219724561574e-13,2.21034915468571e-16,8.77044900698029e-17,1.1359391691773257e-16,4.875217684166289e-15,ACBI1,10.0,36000.0,360,7.220809018385467
6.0,0.0005,0.0,54.87169996263883,0.023492006646173985,0.03110316937179201,99.03914866044957,2.1948679985055531e-13,2.405869332547221e-16,9.396802658469594e-17,1.2441267748716804e-16,4.875570693241792e-15,ACBI1,10.0,36000.0,360,7.924828983539178
6.0,0.0005,0.0,54.724686602915696,0.02511415094557879,0.034044728533006594,99.01807694878465,2.188987464116628e-13,2.613947491847939e-16,1.0045660378231517e-16,1.3617891413202638e-16,4.875958445575279e-15,ACBI1,10.0,36000.0,360,8.697490026177835
6.0,0.0005,0.0,54.53652948473441,0.02678298185780754,0.03723618592345168,99.01215914599918,2.1814611793893766e-13,2.8339590335964522e-16,1.0713192743123016e-16,1.4894474369380672e-16,4.876385079633031e-15,ACBI1,10.0,36000.0,360,9.545484566618342
6.0,0.0005,0.0,54.29797376672373,0.028486080040369923,0.04068864770934832,99.05017656480153,2.171918950668949e-13,3.06481027076079e-16,1.139443201614797e-16,1.6275459083739327e-16,4.876855535556352e-15,ACBI1,10.0,36000.0,360,10.476157527896651
6.0,0.0005,0.0,53.99852241851061,0.030207880358971734,0.04441037102571134,99.03321172375925,2.1599408967404243e-13,3.304851918594162e-16,1.2083152143588694e-16,1.7764148410284535e-16,4.877375752300311e-15,ACBI1,10.0,36000.0,360,11.497569953977369
6.0,0.0005,0.0,53.62656968521027,0.03192945821011557,0.04840569984628921,99.14170784097573,2.145062787408411e-13,3.5518013764876537e-16,1.2771783284046229e-16,1.9362279938515685e-16,4.877952888978246e-15,ACBI1,10.0,36000.0,360,12.61856883066021
6.0,0.0005,0.0,53.16966025975629,0.03362845581399904,0.052673904343177154,99.07847690091924,2.1267864103902516e-13,3.8026847326454066e-16,1.345138232559962e-16,2.1069561737270864e-16,4.8785955568624715e-15,ACBI1,10.0,36000.0,360,13.848863713938732
6.0,0.0005,0.0,52.614893823911224,0.035279208278249874,0.05720799504742606,99.0053198370962,2.1045957529564492e-13,4.053811528762749e-16,1.411168331129995e-16,2.2883198018970424e-16,4.879314039412978e-15,ACBI1,10.0,36000.0,360,15.199110829529348
6.0,0.0005,0.0,51.94948372462977,0.03685312850613399,0.06199361545323558,99.11835947096112,2.0779793489851912e-13,4.300796231850062e-16,1.4741251402453595e-16,2.4797446181294233e-16,4.880120467935349e-15,ACBI1,10.0,36000.0,360,16.68100537200059
6.0,0.0005,0.0,51.161461882463364,0.038319399156041885,0.06700814674366333,99.19705110665397,2.0464584752985347e-13,4.538639294833541e-16,1.5327759662416754e-16,2.6803258697465336e-16,4.881028911938541e-15,ACBI1,10.0,36000.0,360,18.307382802953697
6.0,0.0005,0.0,50.240500377157716,0.03964599643975324,0.07222017911685602,99.21937868848428,2.0096200150863088e-13,4.761876961828546e-16,1.5858398575901295e-16,2.888807164674241e-16,4.882055338703941e-15,ACBI1,10.0,36000.0,360,20.09233002565048
6.0,0.0005,0.0,49.178795847475946,0.040801034151473646,0.07758950772468472,99.14462453973042,1.967151833899038e-13,4.964802256984952e-16,1.6320413660589459e-16,3.103580308987389e-16,4.883217399163811e-15,ACBI1,10.0,36000.0,360,22.051307399030456
6.0,0.0005,0.0,47.97193979229101,0.04175436959791656,0.08306779011418344,98.99629611001042,1.9188775916916405e-13,5.141750187358347e-16,1.6701747839166626e-16,3.3227116045673376e-16,4.8845340096850944e-15,ACBI1,10.0,36000.0,360,24.201282647943835
6.0,0.0005,0.0,46.619681134072415,0.04247936233575851,0.08859995194610856,99.15643415074706,1.8647872453628966e-13,5.287429212741403e-16,1.6991744934303405e-16,3.543998077844343e-16,4.886024723032813e-15,ACBI1,10.0,36000.0,360,26.560877829466868
6.0,0.0005,0.0,45.12648220999756,0.04295463128932185,0.09412634981832481,99.12195541039395,1.8050592883999026e-13,5.397270417236011e-16,1.7181852515728742e-16,3.7650539927329923e-16,4.88770891526249e-15,ACBI1,10.0,36000.0,360,29.150530628251786
6.0,0.0005,0.0,43.50177959167068,0.04316562686534091,0.09958560251580668,98.26896201163488,1.7400711836668273e-13,5.467757981116841e-16,1.7266250746136364e-16,3.983424100632268e-16,4.889604853881369e-15,ACBI1,10.0,36000.0,360,31.992671377973846
6.0,0.0005,0.0,41.75988791066339,0.04310583173064972,0.10491790012178298,99.42128736320916,1.6703955164265358e-13,5.496701818089108e-16,1.7242332692259887e-16,4.196716004871319e-16,4.891728748657708e-15,ACBI1,10.0,36000.0,360,35.111917342151344
6.0,0.0005,0.0,39.91952552091235,0.04277743214656168,0.1100685137104817,99.30776302574606,1.596781020836494e-13,5.483417099076196e-16,1.711097285862467e-16,4.402740548419268e-16,4.8940939108418344e-15,ACBI1,10.0,36000.0,360,38.535285937105314
6.0,0.0005,0.0,38.00298896119416,0.04219135952134528,0.11499117616828503,99.33402642322368,1.5201195584477666e-13,5.428785868751552e-16,1.687654380853811e-16,4.599647046731401e-16,4.896710151249664e-15,ACBI1,10.0,36000.0,360,42.29242874389499
6.0,0.0005,0.0,36.035049907683586,0.041366680171089514,0.11965100086938317,99.46941872386746,1.4414019963073436e-13,5.335191442349714e-16,1.6546672068435806e-16,4.786040034775327e-16,4.899583528441014e-15,ACBI1,10.0,36000.0,360,46.41588833612782
6.0,0.0005,0.0,34.04168446020558,0.04032939564091889,0.12402665335540755,99.10537664029941,1.3616673784082232e-13,5.206333754617723e-16,1.6131758256367556e-16,4.961066134216302e-16,4.902716516591084e-15,ACBI1,10.0,36000.0,360,50.9413801481638
6.0,0.0005,0.0,32.04876318961713,0.039110789945826153,0.12811158410440096,99.52612644091346,1.281950527584685e-13,5.04694975374495e-16,1.5644315978330462e-16,5.124463364176039e-16,4.906108606036784e-15,ACBI1,10.0,36000.0,360,55.90810182512229
6.0,0.0005,0.0,30.080828422656886,0.03774550987516983,0.1319142502983692,99.42397001765482,1.2032331369062754e-13,4.862474146778465e-16,1.5098203950067932e-16,5.276570011934768e-16,4.9097572894311295e-15,ACBI1,10.0,36000.0,360,61.35907273413176
6.0,0.0005,0.0,28.16006444212053,0.03626958226391361,0.13545737833770116,99.5748050009194,1.1264025776848213e-13,4.658680431768933e-16,1.4507832905565443e-16,5.418295133508047e-16,4.9136593354786204e-15,ACBI1,10.0,36000.0,360,67.34150657750828
6.0,0.0005,0.0,26.305532200714655,0.03471855767698558,0.1387764245379197,99.00099895573456,1.0522212880285863e-13,4.441339985840753e-16,1.3887423070794232e-16,5.551056981516787e-16,4.917812220322451e-15,ACBI1,10.0,36000.0,360,73.90722033525783
6.0,0.0005,0.0,24.532700433447772,0.033125929915537845,0.1419174627950083,92.14834974461073,9.813080173379109e-14,4.2159293361473326e-16,1.325037196621514e-16,5.676698511800332e-16,4.922215578730435e-15,ACBI1,10.0,36000.0,360,81.11308307896873
6.0,0.0005,0.0,22.8532673089444,0.03152192601043137,0.1449347578470502,99.82895755163783,9.141306923577761e-14,3.9874049054978528e-16,1.2608770404172548e-16,5.797390313882008e-16,4.9268725523368686e-15,ACBI1,10.0,36000.0,360,89.02150854450393
6.0,0.0005,0.0,21.275236798640584,0.029932703744355974,0.14788827312764488,99.50906454651688,8.510094719456234e-14,3.7600530089554693e-16,1.197308149774239e-16,5.915530925105796e-16,4.931790944548653e-15,ACBI1,10.0,36000.0,360,97.70099572992257
6.0,0.0005,0.0,19.80319486735776,0.028379943143743824,0.15084132215576734,78.98448842137488,7.921277946943104e-14,3.5374127813530787e-16,1.135197725749753e-16,6.033652886230694e-16,4.936984132882541e-15,ACBI1,10.0,36000.0,360,107.22672220103243
6.0,0.0005,0.0,18.438722766510107,0.026880781071450255,0.153858514559882,99.86185382724406,7.375489106604043e-14,3.3222623465695424e-16,1.0752312428580102e-16,6.15434058239528e-16,4.942471730894629e-15,ACBI1,10.0,36000.0,360,117.68119524349991
6.0,0.0005,0.0,17.18088641848656,0.02544801628134109,0.15700408491258752,99.6704091477863,6.872354567394625e-14,3.116654340058888e-16,1.0179206512536437e-16,6.280163396503501e-16,4.948280026778198e-15,ACBI1,10.0,36000.0,360,129.1549665014884
6.0,0.0005,0.0,16.026749250639526,0.02409050498150893,0.16034063481779748,99.63559131781216,6.41069970025581e-14,2.921985604226182e-16,9.636201992603572e-17,6.413625392711899e-16,4.9544422502993685e-15,ACBI1,10.0,36000.0,360,141.7474162926806
6.0,0.0005,0.0,14.97186776903327,0.022813670906138814,0.16392827268481772,99.87975690451167,5.988747107613308e-14,2.7390868014213986e-16,9.125468362455526e-17,6.557130907392709e-16,4.960998733060442e-15,ACBI1,10.0,36000.0,360,155.56761439304722
6.0,0.0005,0.0,14.010741978255362,0.021620065116449493,0.16782410409882872,99.5596451235815,5.604296791302145e-14,2.5683199935776675e-16,8.648026046579798e-17,6.712964163953149e-16,4.967997030404425e-15,ACBI1,10.0,36000.0,360,170.7352647470692
6.0,0.0005,0.0,13.137204537018537,0.020509925437011134,0.17208200837467255,99.7241401755209,5.254881814807415e-14,2.4096751471565494e-16,8.203970174804454e-17,6.883280334986903e-16,4.975492069090765e-15,ACBI1,10.0,36000.0,360,187.3817422860385
6.0,0.0005,0.0,12.344742192079567,0.019481700582828,0.17675263153854276,99.69721836009633,4.937896876831827e-14,2.262859445954992e-16,7.792680233131199e-17,7.070105261541711e-16,4.9835463759539255e-15,ACBI1,10.0,36000.0,360,205.65123083486534
6.0,0.0005,0.0,11.626750153852825,0.018532517655069015,0.1818835295230585,100.87275542801754,4.6507000615411306e-14,2.1273758583419745e-16,7.413007062027606e-17,7.27534118092234e-16,4.9922304314316265e-15,ACBI1,10.0,36000.0,360,225.70197196339214
6.0,0.0005,0.0,10.976724757157054,0.01765858273814145,0.18751940463040837,99.63178560022381,4.390689902862822e-14,2.0025894302016422e-16,7.063433095256581e-17,7.500776185216334e-16,5.001623179610328e-15,ACBI1,10.0,36000.0,360,247.70763559917114
6.0,0.0005,0.0,10.388402364505842,0.016855512514330234,0.19370239059960287,99.68412156578229,4.155360945802337e-14,1.8877812257545068e-16,6.742205005732095e-17,7.748095623984114e-16,5.011812713808429e-15,ACBI1,10.0,36000.0,360,271.85882427329426
6.0,0.0005,0.0,9.855853505141665,0.016118600305620616,0.200472354833293,99.7938735677597,3.942341402056666e-14,1.7821907711140543e-16,6.447440122248246e-17,8.018894193331721e-16,5.022897143322003e-15,ACBI1,10.0,36000.0,360,298.364724028334
6.0,0.0005,0.0,9.373541185650968,0.015443023195062982,0.20786719905766868,99.17961396042712,3.749416474260387e-14,1.6850483691247895e-16,6.177209278025193e-17,8.314687962306748e-16,5.034985631692338e-15,ACBI1,10.0,36000.0,360,327.4549162877732
6.0,0.0005,0.0,8.936351574392287,0.0148239984000208,0.21592315096616663,99.79407690630696,3.574540629756915e-14,1.5955988584419244e-16,5.92959936000832e-17,8.636926038646666e-16,5.0481995781398056e-15,ACBI1,10.0,36000.0,360,359.3813663804629
6.0,0.0005,0.0,8.539604175081331,0.014256897375168802,0.2246750486142353,99.8087096509025,3.415841670032533e-14,1.513118385451869e-16,5.702758950067521e-17,8.987001944569412e-16,5.06267388992762e-15,ACBI1,10.0,36000.0,360,394.420605943766
6.0,0.0005,0.0,8.179047393120667,0.013737325646366151,0.23415662600819892,99.81333020193688,3.2716189572482666e-14,1.436925626543632e-16,5.4949302585464605e-17,9.366265040327956e-16,5.078558262889537e-15,ACBI1,10.0,36000.0,360,432.87612810830615
6.0,0.0005,0.0,7.850844208702467,0.013261175454580654,0.2444008119935064,99.71629363549421,3.140337683480987e-14,1.3663887019391566e-16,5.304470181832262e-17,9.776032479740257e-16,5.096018349472019e-15,ACBI1,10.0,36000.0,360,475.0810162102798
6.0,0.0005,0.0,7.551551587327753,0.012824657167211977,0.2554400546612749,99.56965196863462,3.020620634931101e-14,1.3009288036692022e-16,5.1298628668847904e-17,1.0217602186450997e-15,5.1152366490693316e-15,ACBI1,10.0,36000.0,360,521.400828799969
6.0,0.0005,0.0,7.278096320508939,0.012424314261126411,0.2673066794817955,99.28860847520359,2.911238528203576e-14,1.2400213473142716e-16,4.969725704450565e-17,1.069226717927182e-15,5.13641290690799e-15,ACBI1,10.0,36000.0,360,572.236765935022
6.0,0.0005,0.0,7.027749207433167,0.01205702560765349,0.2800332807396018,99.9544006839949,2.8110996829732666e-14,1.183195266819307e-16,4.822810243061397e-17,1.1201331229584072e-15,5.1597637606726934e-15,ACBI1,10.0,36000.0,360,628.029144183426
6.0,0.0005,0.0,6.798098856006582,0.011719997863439758,0.29365313238098933,99.90439615617119,2.719239542402633e-14,1.130030913505306e-16,4.6879991453759036e-17,1.1746125295239575e-15,5.1855213369004e-15,ACBI1,10.0,36000.0,360,689.2612104349702
6.0,0.0005,0.0,6.587025884855476,0.011410750032521374,0.30820058647340565,99.83277838452716,2.6348103539421904e-14,1.0801568987831998e-16,4.5643000130085496e-17,1.2328023458936226e-15,5.213930483111152e-15,ACBI1,10.0,36000.0,360,756.463327554629
6.0,0.0005,0.0,6.392677930248112,0.011127091733789072,0.3237114064062978,99.92927831520441,2.5570711720992453e-14,1.0332461359785977e-16,4.450836693515629e-17,1.2948456256251913e-15,5.245244339621314e-15,ACBI1,10.0,36000.0,360,830.2175681319752
6.0,0.0005,0.0,6.213445588334915,0.010867096386482509,0.3402229601849893,99.82692327357533,2.485378235333966e-14,9.890112882463265e-17,4.346838554593004e-17,1.3608918407399574e-15,5.279718019489293e-15,ACBI1,10.0,36000.0,360,911.1627561154896
6.0,0.0005,0.0,6.047939240786171,0.010629070399661836,0.35777418036255526,99.84863496624318,2.4191756963144685e-14,9.471998122444938e-17,4.251628159864734e-17,1.4310967214502211e-15,5.317600285050075e-15,ACBI1,10.0,36000.0,360,1000.0
6.0,0.0005,0.0,55.333378812391,3.9554734858183054e-05,3.957099116962128e-05,99.0000000000001,2.21333515249564e-13,3.165647514671061e-19,1.582189394327322e-19,1.5828396467848514e-19,4.861208147848648e-15,ACBI1,100.0,36000.0,360,0.1
6.0,0.0005,0.0,55.33337881238947,4.3409534692437865e-05,4.3429114695926314e-05,99.00000000000014,2.2133351524955788e-13,3.474294296239719e-19,1.7363813876975147e-19,1.7371645878370527e-19,4.861208646404024e-15,ACBI1,100.0,36000.0,360,0.10974987654930562
6.0,0.0005,0.0,55.333378812386904,4.763981750315584e-05,4.7663400654074615e-05,99.00000000000037,2.213335152495476e-13,3.8130337695705426e-19,1.9055927001262336e-19,1.9065360261629848e-19,4.861209193568027e-15,ACBI1,100.0,36000.0,360,0.12045035402587821
6.0,0.0005,0.0,55.333378812383685,5.2282119823798926e-05,5.231052444765825e-05,99.00000000000047,2.2133351524953473e-13,4.1847999373072533e-19,2.091284792951957e-19,2.0924209779063304e-19,4.86120979408007e-15,ACBI1,100.0,36000.0,360,0.1321941148466029
6.0,0.0005,0.0,55.33337881237886,5.737652562730595e-05,5.741073729315175e-05,99.00000000000139,2.2133351524951547e-13,4.592812864198598e-19,2.295061025092238e-19,2.29642949172607e-19,4.861210453141384e-15,ACBI1,100.0,36000.0,360,0.14508287784959398
6.0,0.0005,0.0,55.33337881237118,6.296700917063861e-05,6.300821485854855e-05,99.00000000000068,2.2133351524948473e-13,5.0406065678921645e-19,2.5186803668255446e-19,2.520328594341942e-19,4.861211176460594e-15,ACBI1,100.0,36000.0,360,0.1592282793341092
6.0,0.0005,0.0,55.33337881236074,6.910181064920347e-05,6.915143989409373e-05,99.00000000000087,2.21333515249443e-13,5.532059629062413e-19,2.764072425968139e-19,2.766057595763749e-19,4.861211970302779e-15,ACBI1,100.0,36000.0,360,0.17475284000076838
6.0,0.0005,0.0,55.333378812345025,7.583384773448735e-05,7.589362216935423e-05,99.00000000000556,2.2133351524938012e-13,6.071428786007112e-19,3.033353909379494e-19,3.0357448867741697e-19,4.861212841543887e-15,ACBI1,100.0,36000.0,360,0.19179102616724888
6.0,0.0005,0.0,55.3333788123229,8.32211663424177e-05,8.329315935402882e-05,99.00000000000368,2.213335152492916e-13,6.663385804697889e-19,3.3288466536967084e-19,3.331726374161153e-19,4.86121379773031e-15,ACBI1,100.0,36000.0,360,0.2104904144512021
6.0,0.0005,0.0,55.333378812290334,9.132743427565586e-05,9.141414283451408e-05,99.0000000000033,2.2133351524916136e-13,7.313057943638081e-19,3.6530973710262345e-19,3.656565713380563e-19,4.861214847144137e-15,ACBI1,100.0,36000.0,360,0.23101297000831597
6.0,0.0005,0.0,55.33337881224336,0.00010022248170147179,0.00010032691284753134,99.00000000001268,2.2133351524897344e-13,8.026072364021502e-19,4.0088992680588713e-19,4.013076513901254e-19,4.861215998875012e-15,ACBI1,100.0,36000.0,360,0.2535364493970112
6.0,0.0005,0.0,55.33337881217528,0.00010998289276880473,0.00011010866773925673,99.00000000000708,2.2133351524870114e-13,8.808604869853455e-19,4.399315710752189e-19,4.404346709570269e-19,4.861217262898891e-15,ACBI1,100.0,36000.0,360,0.2782559402207124
6.0,0.0005,0.0,55.33337881207602,0.00012069265303458543,0.0001208441326272634,99.00000000001157,2.2133351524830409e-13,9.667433400199787e-19,4.827706121383417e-19,4.833765305090536e-19,4.861218650164234e-15,ACBI1,100.0,36000.0,360,0.30538555088334157
6.0,0.0005,0.0,55.33337881193327,0.00013244385776091033,0.00013262629325716793,99.00000000003124,2.213335152477331e-13,1.060999673688944e-18,5.297754310436413e-19,5.305051730286717e-19,4.8612201726871716e-15,ACBI1,100.0,36000.0,360,0.33516026509388425
6.0,0.0005,0.0,55.33337881172519,0.00014533748656143653,0.00014555720141052567,99.0000000000223,2.2133351524690077e-13,1.1644458936158721e-18,5.813499462457462e-19,5.822288056421027e-19,4.8612218436553e-15,ACBI1,100.0,36000.0,360,0.36783797718286343
6.0,0.0005,0.0,55.3333788114241,0.00015948425031763518,0.00015974885884043811,99.00000000002287,2.2133351524569638e-13,1.2779780042304758e-18,6.379370012705407e-19,6.389954353617525e-19,4.86122367754204e-15,ACBI1,100.0,36000.0,360,0.40370172585965547
6.0,0.0005,0.0,55.33337881098751,0.00017500551675230812,0.00017532418739145717,99.00000000003142,2.2133351524395003e-13,1.4025793695805676e-18,7.000220670092325e-19,7.012967495658287e-19,4.86122569023206e-15,ACBI1,100.0,36000.0,360,0.4430621457583881
6.0,0.0005,0.0,55.3333788103542,0.00019203432153824614,0.00019241809370701193,99.00000000006695,2.213335152414168e-13,1.5393292308067855e-18,7.681372861529845e-19,7.696723748280478e-19,4.86122789915875e-15,ACBI1,100.0,36000.0,360,0.4862601580065355
6.0,0.0005,0.0,55.33337880943695,0.00021071647233179223,0.00021117863774694734,99.00000000016477,2.2133351523774781e-13,1.6894120540468352e-18,8.428658893271689e-19,8.447145509877893e-19,4.861230323455331e-15,ACBI1,100.0,36000.0,360,0.533669923120631
6.0,0.0005,0.0,55.33337880810696,0.0002312117536513679,0.00023176831523698493,99.00000000020958,2.2133351523242786e-13,1.8541277897239995e-18,9.248470146054716e-19,9.270732609479397e-19,4.861232984120611e-15,ACBI1,100.0,36000.0,360,0.5857020818056667
6.0,0.0005,0.0,55.33337880617968,0.000253695241065545,0.0002543654651589494,99.00000000025712,2.2133351522471874e-13,2.0349031320623574e-18,1.01478096426218e-18,1.0174618606357977e-18,4.861235904200803e-15,ACBI1,100.0,36000.0,360,0.6428073117284322
6.0,0.0005,0.0,55.33337880338705,0.00027835873370786793,0.000279165814473746,99.00000000082719,2.213335152135482e-13,2.2333038763241675e-18,1.1134349348314717e-18,1.1166632578949841e-18,4.861239108989147e-15,ACBI1,100.0,36000.0,360,0.7054802310718644
6.0,0.0005,0.0,55.33337879934071,0.0003054123146887444,0.0003063841734579534,99.00000000047584,2.2133351519736283e-13,2.4510484807582166e-18,1.2216492587549774e-18,1.2255366938318135e-18,4.861242626245158e-15,ACBI1,100.0,36000.0,360,0.7742636826811272
6.0,0.0005,0.0,55.33337879347931,0.0003350860495179731,0.00033625629633964016,99.00000000141313,2.2133351517391725e-13,2.6900229506605555e-18,1.3403441980718927e-18,1.3450251853585607e-18,4.861246486435053e-15,ACBI1,100.0,36000.0,360,0.8497534359086445
6.0,0.0005,0.0,55.333378784988774,0.00036763183317185886,0.0003690409233509779,99.00000000113062,2.2133351513995511e-13,2.952297173368155e-18,1.4705273326874354e-18,1.4761636934039117e-18,4.86125072299567e-15,ACBI1,100.0,36000.0,360,0.9326033468832199
6.0,0.0005,0.0,55.333378772692384,0.0004033253969199618,0.0004050220218869066,99.00000000126525,2.2133351509076957e-13,3.2401428455268703e-18,1.6133015876798471e-18,1.6200880875476265e-18,4.861255372624047e-15,ACBI1,100.0,36000.0,360,1.0235310218990263
6.0,0.0005,0.0,55.33337875488792,0.0004424684864474803,0.00044451124618392635,99.00000000256908,2.2133351501955167e-13,3.5560531476976474e-18,1.7698739457899213e-18,1.7780449847357053e-18,4.861260475595501e-15,ACBI1,100.0,36000.0,360,1.1233240329780276
6.0,0.0005,0.0,55.33337872911099,0.00048539122314452337,0.0004878506368260401,99.00000000308316,2.2133351491644396e-13,3.902764336399379e-18,1.9415648925780937e-18,1.9514025473041603e-18,4.861266076112417e-15,ACBI1,100.0,36000.0,360,1.2328467394420666
6.0,0.0005,0.0,55.33337869180187,0.0005324546606518505,0.0005354155834626221,99.00000000395261,2.213335147672075e-13,4.28327944015154e-18,2.1298186426074023e-18,2.1416623338504884e-18,4.8612722226873294e-15,ACBI1,100.0,36000.0,360,1.3530477745798075
6.0,0.0005,0.0,55.333378637811606,0.0005840535488146684,0.0005876180764025887,99.00000000570634,2.2133351455124642e-13,4.70089426409042e-18,2.3362141952586733e-18,2.350472305610355e-18,4.8612789685631776e-15,ACBI1,100.0,36000.0,360,1.484968262254465
6.0,0.0005,0.0,55.333378559702496,0.0006406193170564564,0.0006449102752517856,99.00000000786773,2.2133351423880997e-13,5.159225927428263e-18,2.5624772682258258e-18,2.5796411010071425e-18,4.861286372174559e-15,ACBI1,100.0,36000.0,360,1.6297508346206444
6.0,0.0005,0.0,55.33337844673182,0.0007026232887855628,0.0007077884255057873,99.00000001171088,2.2133351378692727e-13,5.66224417952019e-18,2.8104931551422514e-18,2.8311537020231494e-18,4.861294497654134e-15,ACBI1,100.0,36000.0,360,1.7886495290574351
6.0,0.0005,0.0,55.3333782833862,0.0007705801377223275,0.0007767971570232278,99.00000004271496,2.2133351313354483e-13,6.214305763737927e-18,3.08232055088931e-18,3.1071886280929116e-18,4.861303415388223e-15,ACBI1,100.0,36000.0,360,1.9630406500402715
6.0,0.0005,0.0,55.33337804728464,0.0008450515959028403,0.0008525342016104301,99.00000006450082,2.2133351218913858e-13,6.820192123835323e-18,3.3802063836113614e-18,3.4101368064417203e-18,4.861313202626622e-15,ACBI1,100.0,36000.0,360,2.1544346900318843
6.0,0.0005,0.0,55.33337770614125,0.0009266504214812154,0.0009356555705736984,99.00000001974534,2.21333510824565e-13,7.485150775122243e-18,3.706601685924862e-18,3.742622282294794e-18,4.8613239441522806e-15,ACBI1,100.0,36000.0,360,2.3644894126454084
6.0,0.0005,0.0,55.33337721341862,0.0010160446322051066,0.0010268812370730607,99.00000008135173,2.213335088536745e-13,8.214940692619941e-18,4.064178528820426e-18,4.107524948292243e-18,4.8613357330156955e-15,ACBI1,100.0,36000.0,360,2.5950242113997373
6.0,0.0005,0.0,55.33337650207433,0.0011139620074460403,0.001127001372471066,99.00000010216246,2.2133350600829732e-13,9.015882100446985e-18,4.455848029784162e-18,4.508005489884265e-18,4.861348671341296e-15,ACBI1,100.0,36000.0,360,2.848035868435802
6.0,0.0005,0.0,55.333375475592526,0.001221194857776368,0.0012368831906489218,99.00000011056052,2.2133350190237014e-13,9.894911080919737e-18,4.884779431105473e-18,4.947532762595687e-18,4.861362871212665e-15,ACBI1,100.0,36000.0,360,3.1257158496882367
6.0,0.0005,0.0,55.33337399513252,0.001338605056121067,0.0013574784594950968,99.00000009151718,2.2133349598053006e-13,1.0859639458030204e-17,5.354420224484268e-18,5.429913837980387e-18,4.861378455643647e-15,ACBI1,100.0,36000.0,360,3.4304692863149193
6.0,0.0005,0.0,55.33337186112909,0.001467129318275038,0.0014898317444978508,99.00000032082073,2.2133348744451637e-13,1.1918420447702252e-17,5.868517273100152e-18,5.9593269779914035e-18,4.861395559644706e-15,ACBI1,100.0,36000.0,360,3.764935806792469
6.0,0.0005,0.0,55.333368786993454,0.0016077847128342993,0.001635089455629638,99.0000003223221,2.213334751479738e-13,1.3080420605838442e-17,6.431138851337198e-18,6.540357822518551e-18,4.8614143313930055e-15,ACBI1,100.0,36000.0,360,4.132012400115339
6.0,0.0005,0.0,55.33336436157057,0.0017616743710851949,0.0017945097755358303,99.00000056168498,2.2133345744628227e-13,1.4355698643589546e-17,7.04669748434078e-18,7.178039102143322e-18,4.861434933516951e-15,ACBI1,100.0,36000.0,360,4.5348785081285845
6.0,0.0005,0.0,55.333357995628106,0.001929993355837744,0.001969473554462328,99.00000080160501,2.2133343198251245e-13,1.5755291715841368e-17,7.719973423350976e-18,7.877894217849312e-18,4.861457544505936e-15,ACBI1,100.0,36000.0,360,4.977023564332112
6.0,0.0005,0.0,55.33334884573047,0.0021140346342581533,0.0021614962654005793,99.0000005745601,2.2133339538292187e-13,1.729130982118037e-17,8.456138537032614e-18,8.645985061602317e-18,4.861482360257711e-15,ACBI1,100.0,36000.0,360,5.462277217684343
6.0,0.0005,0.0,55.33333570612372,0.002315195083093313,0.002372241121595479,99.00000147265962,2.213333428244949e-13,1.897703897595288e-17,9.260780332373252e-18,9.488964486381916e-18,4.861509595777537e-15,ACBI1,100.0,36000.0,360,5.994842503189412
6.0,0.0005,0.0,55.33331685552807,0.0025349814349002625,0.0026035334678282574,99.00000207224866,2.2133326742211228e-13,2.082705383631882e-17,1.013992573960105e-17,1.0414133871313029e-17,4.861539487042896e-15,ACBI1,100.0,36000.0,360,6.5793322465756825
6.0,0.0005,0.0,55.333289840521374,0.0027750160505726493,0.0028573765666801807,99.0000004945981,2.213331593620855e-13,2.2857340433078106e-17,1.1100064202290596e-17,1.1429506266720723e-17,4.8615722930511714e-15,ACBI1,100.0,36000.0,360,7.220809018385467
6.0,0.0005,0.0,55.3332511700212,0.003037042376130839,0.003135968911153964,99.00000325108546,2.213330046800848e-13,2.5085429644182873e-17,1.2148169504523356e-17,1.2543875644615858e-17,4.861608298068406e-15,ACBI1,100.0,36000.0,360,7.924828983539178
6.0,0.0005,0.0,55.33319588558955,0.003322929909912984,0.0034417232053199688,99.00001074821215,2.2133278354235822e-13,2.753054194492993e-17,1.3291719639651936e-17,1.3766892821279874e-17,4.861647814099398e-15,ACBI1,100.0,36000.0,360,8.697490026177835
6.0,0.0005,0.0,55.333116958876474,0.003634678469408575,0.003777287164621586,99.00000022756474,2.213324678355059e-13,3.0213743826058985e-17,1.45387138776343e-17,1.5109148658486345e-17,4.861691183602021e-15,ACBI1,100.0,36000.0,360,9.545484566618342
6.0,0.0005,0.0,55.33300444948589,0.0039744215043910625,0.004145566296427946,99.00002627948575,2.2133201779794355e-13,3.315811602847213e-17,1.589768601756425e-17,1.6582265185711787e-17,4.861738782472002e-15,ACBI1,100.0,36000.0,360,10.476157527896651
6.0,0.0005,0.0,55.33284433224155,0.0043444281539867955,0.004549748828268186,99.0000174995213,2.2133137732896618e-13,3.638893337356857e-17,1.7377712615947183e-17,1.8198995313072745e-17,4.861791023326832e-15,ACBI1,100.0,36000.0,360,11.497569953977369
6.0,0.0005,0.0,55.33261687059488,0.004747103688985051,0.004993332954286569,99.00002826606523,2.2133046748237956e-13,3.993385542174047e-17,1.8988414755940204e-17,1.9973331817146277e-17,4.861848359124364e-15,ACBI1,100.0,36000.0,360,12.61856883066021
6.0,0.0005,0.0,55.33229437036521,0.0051849879159056025,0.005480156567345983,99.00003171384694,2.2132917748146084e-13,4.382312640407138e-17,2.073995166362241e-17,2.1920626269383932e-17,4.861911287155488e-15,ACBI1,100.0,36000.0,360,13.848863713938732
6.0,0.0005,0.0,55.331838092640496,0.005660751044638405,0.0060144296312779014,99.0000430293393,2.21327352370562e-13,4.808978176016179e-17,2.264300417855362e-17,2.4057718525111605e-17,4.861980353459985e-15,ACBI1,100.0,36000.0,360,15.199110829529348
6.0,0.0005,0.0,55.331194033474176,0.006177186434886962,0.0066007693197908356,99.00007169501677,2.213247761338967e-13,5.276985707086296e-17,2.4708745739547848e-17,2.6403077279163343e-17,4.8620561577253116e-15,ACBI1,100.0,36000.0,360,16.68100537200059
6.0,0.0005,0.0,55.33028718787028,0.006737199535556957,0.007244237998048734,99.00023213220177,2.2132114875148117e-13,5.790259306325786e-17,2.6948798142227828e-17,2.897695199219494e-17,4.862139358743897e-15,ACBI1,100.0,36000.0,360,18.307382802953697
6.0,0.0005,0.0,55.32901380351988,0.007343792212154587,0.007950384039457631,99.00020028945265,2.213160552140795e-13,6.353062751979649e-17,2.937516884861835e-17,3.180153615783053e-17,4.862230680525036e-15,ACBI1,100.0,36000.0,360,20.09233002565048
6.0,0.0005,0.0,55.32723099345746,0.008000041515691218,0.008725285339333274,99.0000800832536,2.2130892397382987e-13,6.970016114431466e-17,3.200016606276487e-17,3.4901141357333094e-17,4.86233091918892e-15,ACBI1,100.0,36000.0,360,22.051307399030456
6.0,0.0005,0.0,55.32474291549732,0.008709071776947417,0.009575595189370642,99.00060670827196,2.2129897166198927e-13,7.646107949402617e-17,3.4836287107789666e-17,3.830238075748257e-17,4.862440950810868e-15,ACBI1,100.0,36000.0,360,24.201282647943835
6.0,0.0005,0.0,55.32128254203721,0.009474018705797914,0.010508589886489794,99.00045689299807,2.2128513016814886e-13,8.386700672603854e-17,3.789607482319166e-17,4.2034359545959174e-17,4.862561740443212e-15,ACBI1,100.0,36000.0,360,26.560877829466868
6.0,0.0005,0.0,55.3164878429612,0.010297983929943886,0.011532217033599527,99.00086622105947,2.212659513718448e-13,9.197525887432556e-17,4.119193571977554e-17,4.6128868134398104e-17,4.862694352622347e-15,ACBI1,100.0,36000.0,360,29.150530628251786
6.0,0.0005,0.0,55.309871000584906,0.011183978115471555,0.012655142907115493,99.00031799918865,2.2123948400233964e-13,1.0084665444799388e-16,4.473591246188622e-17,5.062057162846198e-17,4.8628399637789024e-15,ACBI1,100.0,36000.0,360,31.992671377973846
6.0,0.0005,0.0,55.3007790917874,0.012134850471620362,0.013886796467935692,99.00177952214638,2.2120311636714962e-13,1.1054512819753087e-16,4.853940188648145e-17,5.554718587174277e-17,4.862999877115832e-15,ACBI1,100.0,36000.0,360,35.111917342151344
6.0,0.0005,0.0,55.28834454522802,0.013153202060893713,0.015237406524779859,99.0009549545532,2.2115337818091207e-13,1.2113707999524636e-16,5.261280824357485e-17,6.094962609911943e-17,4.863175540715145e-15,ACBI1,100.0,36000.0,360,38.535285937105314
6.0,0.0005,0.0,55.27142366361987,0.014241279934974586,0.016718027166454166,99.00234988003746,2.210856946544795e-13,1.3269037530673177e-16,5.696511973989834e-17,6.687210866581668e-17,4.8633685698841844e-15,ACBI1,100.0,36000.0,360,42.29242874389499
6.0,0.0005,0.0,55.24852166496493,0.015400848742943453,0.01834054481682935,99.0017476315021,2.2099408665985974e-13,1.4527289759416594e-16,6.160339497177382e-17,7.33621792673174e-17,4.863580775063279e-15,ACBI1,100.0,36000.0,360,46.41588833612782
6.0,0.0005,0.0,55.21770313580576,0.016633036193297392,0.020117658111979006,99.00438891790645,2.2087081254322308e-13,1.5895053785045407e-16,6.653214477318957e-17,8.047063244791603e-17,4.863814196991252e-15,ACBI1,100.0,36000.0,360,50.9413801481638
6.0,0.0005,0.0,55.176487616130245,0.017938148727139974,0.022062819280530905,99.00497774192321,2.2070595046452097e-13,1.7378449502490904e-16,7.17525949085599e-17,8.825127712212362e-17,4.864071151244564e-15,ACBI1,100.0,36000.0,360,55.90810182512229
6.0,0.0005,0.0,55.12173137356948,0.019315454171099557,0.024190122935502358,99.00315421779689,2.2048692549427795e-13,1.8982775742926775e-16,7.726181668439823e-17,9.676049174200943e-17,4.864354284697092e-15,ACBI1,100.0,36000.0,360,61.35907273413176
6.0,0.0005,0.0,55.04949839385031,0.02076292924967524,0.026514125393196357,99.000814113193,2.2019799357540124e-13,2.0712064497075706e-16,8.305171699870097e-17,1.0605650157278543e-16,4.8646666468269845e-15,ACBI1,100.0,36000.0,360,67.34150657750828
6.0,0.0005,0.0,54.95492630477838,0.022276971977996916,0.029049575230156863,99.00313014434913,2.1981970521911356e-13,2.25685322575524e-16,8.910788791198767e-17,1.1619830092062745e-16,4.865011779000261e-15,ACBI1,100.0,36000.0,360,73.90722033525783
6.0,0.0005,0.0,54.832096381786435,0.023852082496504164,0.03181103440100681,99.02041214105985,2.1932838552714573e-13,2.455192551240724e-16,9.540832998601666e-17,1.2724413760402725e-16,4.865393824726136e-15,ACBI1,100.0,36000.0,360,81.11308307896873
6.0,0.0005,0.0,54.67392085055486,0.025480521196095892,0.03481236974543098,99.0336745512028,2.1869568340221944e-13,2.6658767270493693e-16,1.0192208478438356e-16,1.3924947898172389e-16,4.8658176631545075e-15,ACBI1,100.0,36000.0,360,89.02150854450393
6.0,0.0005,0.0,54.472065116476884,0.02715196023648866,0.038066098224319334,99.03839416305193,2.1788826046590754e-13,2.8881525960573885e-16,1.0860784094595464e-16,1.5226439289727736e-16,4.866289066474495e-15,ACBI1,100.0,36000.0,360,97.70099572992257
6.0,0.0005,0.0,54.21692677387069,0.0288531537222482,0.04158257700258918,99.05894039427574,2.1686770709548274e-13,3.120774742737998e-16,1.154126148889928e-16,1.6633030801035674e-16,4.8668148790409374e-15,ACBI1,100.0,36000.0,360,107.22672220103243
6.0,0.0005,0.0,53.89769645223625,0.030567662338629377,0.045369042745052095,99.05304092263138,2.1559078580894497e-13,3.3619214482724504e-16,1.2227064935451752e-16,1.814761709802084e-16,4.867403211703813e-15,ACBI1,100.0,36000.0,360,117.68119524349991
6.0,0.0005,0.0,53.502526633888046,0.0322756789644297,0.04942852402420137,99.07807944449594,2.140101065355522e-13,3.6091224631224874e-16,1.291027158577188e-16,1.977140960968055e-16,4.868063638822205e-15,ACBI1,100.0,36000.0,360,129.1549665014884
6.0,0.0005,0.0,53.01883223267252,0.033954010673917775,0.053758676496625565,99.09077257410668,2.1207532893069007e-13,3.8592101460470588e-16,1.358160426956711e-16,2.1503470598650225e-16,4.868807378000563e-15,ACBI1,100.0,36000.0,360,141.7474162926806
6.0,0.0005,0.0,52.43373969311541,0.035576276847005,0.05835062100352134,99.06957518097481,2.0973495877246167e-13,4.108307309405083e-16,1.4230510738802e-16,2.334024840140854e-16,4.8696474244373436e-15,ACBI1,100.0,36000.0,360,155.56761439304722
6.0,0.0005,0.0,51.7346887691408,0.03711337958824586,0.06318789658542985,99.03734092602674,2.0693875507656323e-13,4.3518654810333113e-16,1.4845351835298342e-16,2.527515863417194e-16,4.8705986043481415e-15,ACBI1,100.0,36000.0,360,170.7352647470692
6.0,0.0005,0.0,50.91017291842701,0.03853428825329546,0.0682456680395019,99.07431156347948,2.0364069167370803e-13,4.584765479575885e-16,1.5413715301318185e-16,2.729826721580076e-16,4.871677507392881e-15,ACBI1,100.0,36000.0,360,187.3817422860385
6.0,0.0005,0.0,49.95058163532969,0.03980715270587546,0.07349034378373487,99.24257697287284,1.998023265413188e-13,4.801487606837945e-16,1.5922861082350184e-16,2.939613751349395e-16,4.872902259072532e-15,ACBI1,100.0,36000.0,360,205.65123083486534
6.0,0.0005,0.0,48.84908385075288,0.04090072040853162,0.07887975648879254,99.01215574568545,1.9539633540301153e-13,4.996351228291274e-16,1.6360288163412648e-16,3.1551902595517016e-16,4.8742921033174096e-15,ACBI1,100.0,36000.0,360,225.70197196339214
6.0,0.0005,0.0,47.602470056543126,0.041785984294594916,0.08436402957773886,99.21358900456096,1.904098802261725e-13,5.163813578090666e-16,1.6714393717837968e-16,3.374561183109555e-16,4.875866784654649e-15,ACBI1,100.0,36000.0,360,247.70763559917114
6.0,0.0005,0.0,46.21185725546452,0.042437938851501995,0.08988719444193778,99.27703886546013,1.848474290218581e-13,5.298806657961276e-16,1.69751755406008e-16,3.595487777677511e-16,4.877645748148602e-15,ACBI1,100.0,36000.0,360,271.85882427329426
6.0,0.0005,0.0,44.68316011078162,0.04283728098954739,0.09538953928410622,99.44763799962796,1.7873264044312649e-13,5.397081201716744e-16,1.7134912395818956e-16,3.8155815713642487e-16,4.8796472106363615e-15,ACBI1,100.0,36000.0,360,298.364724028334
6.0,0.0005,0.0,43.02724691870315,0.04297187078158128,0.10081057124114878,99.2721334982464,1.721089876748126e-13,5.455520280080676e-16,1.7188748312632514e-16,4.032422849645952e-16,4.881887192545862e-15,ACBI1,100.0,36000.0,360,327.4549162877732
6.0,0.0005,0.0,41.25973025567405,0.042837773473699374,0.10609237549681569,99.15293469981225,1.650389210226962e-13,5.472384333734599e-16,1.7135109389479748e-16,4.243695019872627e-16,4.884378627596534e-15,ACBI1,100.0,36000.0,360,359.3813663804629
6.0,0.0005,0.0,39.400385520747285,0.042439741478530094,0.11118307819326832,99.5082968168066,1.5760154208298917e-13,5.44745531991239e-16,1.697589659141204e-16,4.447323127730733e-16,4.887130679620872e-15,ACBI1,100.0,36000.0,360,394.420605943766
6.0,0.0005,0.0,37.47223882614796,0.04179105947080635,0.11604008201138462,99.65367015946619,1.4988895530459184e-13,5.38205976738394e-16,1.6716423788322541e-16,4.641603280455385e-16,4.8901483857333696e-15,ACBI1,100.0,36000.0,360,432.87612810830615
6.0,0.0005,0.0,35.50040965489533,0.04091275639216133,0.12063275525730048,99.34928443912237,1.4200163861958132e-13,5.278966774167665e-16,1.6365102556864535e-16,4.82531021029202e-16,4.893432711973561e-15,ACBI1,100.0,36000.0,360,475.0810162102798
6.0,0.0005,0.0,33.51082475350061,0.0398322698314774,0.12494431751446779,99.16904197433193,1.3404329901400244e-13,5.142174129286091e-16,1.593290793259096e-16,4.997772700578711e-16,4.8969810560424205e-15,ACBI1,100.0,36000.0,360,521.400828799969
6.0,0.0005,0.0,31.528932022364685,0.038581715072708925,0.12897276649033687,99.10670628913202,1.2611572808945875e-13,4.976610305161447e-16,1.5432686029083572e-16,5.158910659613475e-16,4.900788171555041e-15,ACBI1,100.0,36000.0,360,572.236765935022
6.0,0.0005,0.0,29.578535187778893,0.03719595099347451,0.13273081213957233,99.30012938423768,1.1831414075111558e-13,4.787789266116644e-16,1.4878380397389803e-16,5.309232485582893e-16,4.904847431619205e-15,ACBI1,100.0,36000.0,360,628.029144183426
6.0,0.0005,0.0,27.680844766855213,0.035710642526356876,0.1362449026103553,99.5246854627593,1.1072337906742085e-13,4.581457509400668e-16,1.4284257010542751e-16,5.449796104414212e-16,4.909152307962389e-15,ACBI1,100.0,36000.0,360,689.2612104349702
6.0,0.0005,0.0,25.853804613774052,0.034160496608667365,0.13955352159784815,99.29831041317189,1.034152184550962e-13,4.363268790378493e-16,1.3664198643466948e-16,5.582140863913926e-16,4.913697922801562e-15,ACBI1,100.0,36000.0,360,756.463327554629
6.0,0.0005,0.0,24.111713917345053,0.032577803561232556,0.14270499491330563,99.05618313815344,9.644685566938022e-14,4.1385132426403727e-16,1.3031121424493024e-16,5.708199796532225e-16,4.9184825360847356e-15,ACBI1,100.0,36000.0,360,830.2175681319752
6.0,0.0005,0.0,22.465129025887656,0.03099135996178462,0.1457550612859316,99.73345348825092,8.986051610355063e-14,3.9119164785325364e-16,1.2396543984713848e-16,5.830202451437264e-16,4.923508856999207e-15,ACBI1,100.0,36000.0,360,911.1627561154896
6.0,0.0005,0.0,20.92100288814131,0.029425793608733954,0.14876444298021962,99.7298539238992,8.368401155256524e-14,3.687513150495409e-16,1.1770317443493582e-16,5.950577719208785e-16,4.928785108230093e-15,ACBI1,100.0,36000.0,360,1000.0
