t,initial_BPD_ec_conc,initial_BPD_ic_conc,t,BPD_ec,BPD_ic,T,E3,BPD_T,BPD_E3,Ternary,T_Ub_1,T_Ub_2,T_Ub_3,T_Ub_4,BPD_T_Ub_1,BPD_T_Ub_2,BPD_T_Ub_3,BPD_T_Ub_4,Ternary_Ub_1,Ternary_Ub_2,Ternary_Ub_3,Ternary_Ub_4,percent_degradation,relative_target,relative_naked_ternary,relative_all_ternary,degradation_rate,naked_ternary_rate,poly_ub_target_rate,poly_ub_ternary_rate,total_target,total_target_ub,total_ternary,total_bpd_ic,total_poly_ub_target,total_poly_ub_ternary,PROTAC,Kd_T_binary,kon_T_binary,kub,kde_ub,kdeg_UPS,kdeg_Ternary,alpha,PS_cell,Conc_T_base,kprod
1.0,0.0001,0.0,1.0,1.9999386613363963e-08,1.098376924115747e-18,5.237341182887552e-13,5.2387854981289e-13,1.2857970402322546e-19,8.821560415146662e-17,2.1434379946867e-17,8.829945382260757e-17,3.09915282316936e-17,1.0642531658718234e-17,3.4162551634220777e-18,1.1888912841614925e-22,4.212460103104976e-23,1.487085508980578e-23,7.580657877189566e-24,7.610541737355384e-18,2.7022017893785043e-18,9.594298323768453e-19,5.28029652048174e-19,0.018925304626122852,99.98107469537388,0.00409053052421126,0.006342477663745402,-1.9505890502066444e-16,2.1203697422422782e-17,3.3961018902761717e-18,5.238649217980007e-19,5.239008314037591e-13,1.3334995234168387e-16,3.3234582958025905e-17,1.226773272028739e-16,3.416262744079955e-18,5.28029652048174e-19,PROTAC 1,8.54,36000.0,1500,360,60,0,3.2,1.24e-12,1.0,5.24e-14
1.0,0.00012648552168552957,0.0,1.0,2.529632849223509e-08,1.3893964882337695e-18,5.236636886603939e-13,5.238463832909077e-13,1.6262558328285582e-19,1.1158187260675368e-16,2.7108205370416757e-17,1.116726504555867e-16,3.919993220220509e-17,1.3462951610702367e-17,4.322157812556444e-18,1.5761837521006723e-22,5.582983462277328e-23,1.9686991959074176e-23,9.871951596156514e-24,9.62631425931548e-18,3.418347588424405e-18,1.2138467438777728e-18,6.681225230414367e-19,0.023941973749899148,99.9760580262501,0.005173321635575717,0.0080219153597473,-2.467844668255098e-16,2.6812317814761134e-17,4.297590775114365e-18,6.630685274121815e-19,5.238745440575505e-13,1.6865793508820403e-16,4.2034836485075854e-17,1.5516897417049955e-16,4.32216768450804e-18,6.681225230414367e-19,PROTAC 1,8.54,36000.0,1500,360,60,0,3.2,1.24e-12,1.0,5.24e-14
1.0,0.00015998587196060574,0.0,1.0,3.199619306135375e-08,1.757559345886203e-18,5.2357459970106e-13,5.23805697413992e-13,2.0568321263167207e-19,1.4113796315413434e-16,3.428286398977452e-17,1.412283359697875e-16,4.958245400484483e-17,1.7031387489831955e-17,5.46864718694481e-18,2.109476557505951e-22,7.46943508740506e-23,2.630573729698004e-23,1.2940513143287526e-23,1.217602256371541e-17,4.3244402355188725e-18,1.5358314211461491e-18,8.454646438144498e-19,0.03028985559801356,99.96971014440199,0.0065425312957584966,0.010145920391978893,-3.1224772331411206e-16,3.3902036355347884e-17,5.439051496037597e-18,8.394142137186075e-19,5.238412811566664e-13,2.1331114953966616e-16,5.31646228539694e-17,1.9626615345487866e-16,5.468660127457953e-18,8.454646438144498e-19,PROTAC 1,8.54,36000.0,1500,360,60,0,3.2,1.24e-12,1.0,5.24e-14
1.0,0.00020235896477251576,0.0,1.0,4.0470551714226934e-08,2.223336474431551e-18,5.234619059888372e-13,5.23754235856312e-13,2.6013611032415103e-19,1.7852396969342655e-16,4.3354713766077663e-17,1.7859915993279e-16,6.271496516660983e-17,2.1546562124148183e-17,6.919836102288162e-18,2.853475682512016e-22,1.0100279384972627e-22,3.5521325351897904e-23,1.7094770729906795e-23,1.540111047751255e-17,5.470951066212621e-18,1.943389999084084e-18,1.070008685430093e-18,0.03832304174922285,99.96167695825078,0.008273800337037722,0.012832094273724622,-3.951099179469171e-16,4.286250410399957e-17,6.884766290122372e-18,1.0629033830204586e-18,5.237991872612341e-13,2.6978096229229435e-16,6.724017399431702e-17,2.4824805523895745e-16,6.919853197058892e-18,1.070008685430093e-18,PROTAC 1,8.54,36000.0,1500,360,60,0,3.2,1.24e-12,1.0,5.24e-14
1.0,0.0002559547922699536,0.0,1.0,5.118938846645509e-08,2.8126442324833374e-18,5.233193502454851e-13,5.236891447342793e-13,3.2899710340074276e-19,2.258147868060751e-16,5.4824402593459986e-17,2.2584729790357444e-16,7.932588433183892e-17,2.7260194416537668e-17,8.757053282139388e-18,3.905631905662647e-22,1.3819647273845992e-22,4.852906151191681e-23,2.2786719072280248e-23,1.948050024266396e-17,6.9218165602574215e-18,2.4593639056543728e-18,1.3543956132755896e-18,0.04849031459666264,99.95150968540334,0.010462672250660303,0.016229099029639565,-5.000156392827655e-16,5.418499666795992e-17,8.716477374004883e-18,1.346285018786516e-18,5.237459107515135e-13,3.4119103000953426e-16,8.504047891531132e-17,3.139975071327144e-16,8.757076068858461e-18,1.3543956132755896e-18,PROTAC 1,8.54,36000.0,1500,360,60,0,3.2,1.24e-12,1.0,5.24e-14
1.0,0.00032374575428176434,0.0,1.0,6.47471650521535e-08,3.558300754284606e-18,5.231390146679519e-13,5.236068143654412e-13,4.1607381203774973e-19,2.8563551792070683e-16,6.932407721757724e-17,2.855764786228926e-16,1.003365923219273e-16,3.449125277723027e-17,1.1083544274066892e-17,5.414163714295823e-22,1.9151137500445893e-22,6.714664207296487e-23,3.0687423820549235e-23,2.4640528014625003e-17,8.758062982881473e-18,3.1127502838601963e-18,1.7146981387726358e-18,0.06136077153445285,99.93863922846555,0.013229785728545275,0.020524831419411554,-6.32861453405445e-16,6.848838260494882e-17,1.1038271868703403e-17,1.705842785465235e-18,5.236784695571594e-13,4.3148869875792946e-16,1.0755011663771654e-16,3.9716083988655803e-16,1.1083574961490712e-17,1.7146981387726358e-18,PROTAC 1,8.54,36000.0,1500,360,60,0,3.2,1.24e-12,1.0,5.24e-14
1.0,0.00040949150623804275,0.0,1.0,8.18957894971692e-08,4.501876609158924e-18,5.229108791882034e-13,5.235026791315843e-13,5.261772439575369e-19,3.6130760032731963e-16,8.765155055228185e-17,3.6107263983544636e-16,1.2691255600739488e-16,4.364411310637172e-17,1.4030502173516265e-17,7.60645044368582e-22,2.689849319098731e-22,9.41638408469052e-23,4.180537815594667e-23,3.116751567948036e-17,1.1082425827130362e-17,3.940396004469034e-18,2.1713800251248177e-18,0.07765656292788492,99.92234343707212,0.01672739514356524,0.02595673055123787,-8.011405997594446e-16,8.6551399687471e-17,1.3982916734947234e-17,2.1624264325441653e-18,5.235930796102579e-13,5.456609767219245e-16,1.3601326808848643e-16,5.023500878681179e-16,1.403054397889442e-17,2.1713800251248177e-18,PROTAC 1,8.54,36000.0,1500,360,60,0,3.2,1.24e-12,1.0,5.24e-14
1.0,0.0005179474679231213,0.0,1.0,1.0358631659095949e-07,5.696049307282925e-18,5.226222615807352e-13,5.233709643588371e-13,6.653844805249384e-19,4.570338738665177e-16,1.1081312117780935e-16,4.564801682936139e-16,1.6052799739601978e-16,5.5231732295457515e-17,1.776483124561301e-17,1.083388707858409e-21,3.830498717021418e-22,1.3389712688892286e-22,5.767315243970486e-23,3.942367949084374e-17,1.402524821005802e-17,4.989178549366866e-18,2.7505398701026954e-18,0.09829482447452165,99.90170517552548,0.021147542209505602,0.032824764751561195,-1.014386847101233e-15,1.0935256603231405e-16,1.772012136900921e-17,2.7428139209132305e-18,5.234849351197535e-13,6.90006387239563e-16,1.7200176729818065e-16,6.35398732961365e-16,1.776488891876545e-17,2.7505398701026954e-18,PROTAC 1,8.54,36000.0,1500,360,60,0,3.2,1.24e-12,1.0,5.24e-14
1.0,0.0006551285568595509,0.0,1.0,1.3102169294607623e-07,7.207603391881486e-18,5.222571074413765e-13,5.232043661966988e-13,8.413690780540548e-19,5.781330549325738e-16,1.4007709750895326e-16,5.77022143998921e-16,2.0304769289921293e-16,6.990528769634247e-17,2.2499183864611667e-17,1.5642899078002762e-21,5.530645556463725e-22,1.9307233301553557e-22,8.064336174221544e-23,4.98672622468778e-17,1.7752029832118076e-17,6.318825658655814e-18,3.485533123263208e-18,0.12444155374927846,99.87555844625072,0.026732270516975812,0.04150777640646339,-1.2847484963137016e-15,1.381191966325588e-16,2.246738805079766e-17,3.481526820965819e-18,5.233479262583538e-13,8.724766995292462e-16,2.1750074836986814e-16,8.036851668425356e-16,2.249926450797341e-17,3.485533123263208e-18,PROTAC 1,8.54,36000.0,1500,360,60,0,3.2,1.24e-12,1.0,5.24e-14
1.0,0.0008286427728546842,0.0,1.0,1.6572347186195105e-07,9.121260458051258e-18,5.217950891923534e-13,5.229936467740583e-13,1.0638159844609988e-18,7.313369388238707e-16,1.7704047848268068e-16,7.292746328646815e-16,2.568304301338324e-16,8.849218865073871e-17,2.850500327076889e-17,2.2887560360356224e-21,8.093397512465734e-22,2.8223390479308156e-22,1.1436039944186495e-22,6.307801099716211e-17,2.2473115833367453e-17,8.005579651504279e-18,4.419102151504631e-18,0.15758109827017108,99.84241890172983,0.033786350855473414,0.05248402425882045,-1.6277345623764244e-15,1.7438705083940934e-16,2.850437478970939e-17,4.423275397741679e-18,5.231742750450643e-13,1.1031057496101129e-15,2.7501628711621913e-16,1.0165417970726936e-15,2.850511763116833e-17,4.419102151504631e-18,PROTAC 1,8.54,36000.0,1500,360,60,0,3.2,1.24e-12,1.0,5.24e-14
1.0,0.0010481131341546852,0.0,1.0,2.0961619796861766e-07,1.154458044351491e-17,5.212104618217253e-13,5.227271222309572e-13,1.3449415201570076e-18,9.251673293943646e-16,2.2371166037048324e-16,9.215067593678061e-16,3.2485983164672337e-16,1.1204498357530533e-16,3.6129577033502355e-17,3.39084018730786e-21,1.199560640045683e-21,4.180018593469128e-22,1.6451610079130822e-22,7.978941871624023e-17,2.845617492858973e-17,1.0146988945800849e-17,5.6061966884520845e-18,0.19960619705395288,99.80039380294605,0.04269306495619909,0.06635695413159658,-2.0631908457198034e-15,2.2007200164437511e-16,3.619208283062256e-17,5.6262912135220185e-18,5.229540635274373e-13,1.3945463245421248e-15,3.477104396495661e-16,1.2857724639263904e-15,3.6129741549603146e-17,5.6061966884520845e-18,PROTAC 1,8.54,36000.0,1500,360,60,0,3.2,1.24e-12,1.0,5.24e-14
1.0,0.0013257113655901094,0.0,1.0,2.6513414158388044e-07,1.461425272511549e-17,5.204706082315378e-13,5.223900153150989e-13,1.700143272460593e-18,1.1704144375366988e-15,2.826124270692656e-16,1.1640998346161432e-15,4.1090972825828935e-16,1.419045308536482e-16,4.581849778798997e-17,5.081654026975375e-21,1.7990491814458958e-21,6.266977781766573e-22,2.400664167420518e-22,1.0092952010716748e-16,3.604233601559905e-17,1.2868219488820289e-17,7.117744682972157e-18,0.2529353127561933,99.7470646872438,0.053933669288027786,0.08388745178698943,-2.616586167379908e-15,2.7755461670247454e-16,4.5998756380888033e-17,7.16692974499148e-18,5.226746189611575e-13,1.762740338983474e-15,4.395702473638246e-16,1.626306828365503e-15,4.5818737854406717e-17,7.117744682972157e-18,PROTAC 1,8.54,36000.0,1500,360,60,0,3.2,1.24e-12,1.0,5.24e-14
1.0,0.0016768329368110084,0.0,1.0,3.3535630222237086e-07,1.8504201507604396e-17,5.195341877606012e-13,5.219636367718009e-13,2.1488094647142082e-18,1.4807446424941558e-15,3.569027449200384e-16,1.4700598164795559e-15,5.197530815375928e-16,1.797819685175211e-16,5.814549872497275e-17,7.69453518947026e-21,2.727194755394245e-21,9.501897691371562e-22,3.552009484024495e-22,1.2767249382023158e-16,4.566715733831766e-17,1.6330439448381172e-17,9.045750178653327e-18,0.3206665556962065,99.6793334443038,0.06811121086260274,0.10603408124153094,-3.3207219603705004e-15,3.497773712929245e-16,5.853524451526668e-17,9.146118759150658e-18,5.223197072481519e-13,2.2277520923803045e-15,5.556185857056221e-16,2.057027966292759e-15,5.814585392592115e-17,9.045750178653327e-18,PROTAC 1,8.54,36000.0,1500,360,60,0,3.2,1.24e-12,1.0,5.24e-14
1.0,0.0021209508879201904,0.0,1.0,4.241771684891626e-07,2.3436077696075084e-17,5.183487762006619e-13,5.214243503433006e-13,2.715322113536287e-18,1.873473547982855e-15,4.505318504120799e-16,1.8556371086766334e-15,6.574256541942215e-16,2.278656425799756e-16,7.385247426588791e-17,1.1756853026685359e-20,4.173811196235733e-21,1.4553490808586368e-21,5.325501321173749e-22,1.6150388915358533e-16,5.788802894616266e-17,2.0742067733853147e-17,1.1510272471433134e-17,0.4067812156922628,99.59321878430774,0.0859793607656641,0.1340030741826554,-4.218027051937978e-15,4.4035186117712464e-16,7.460387891723966e-17,1.1698531205322706e-17,5.218684664297725e-13,2.814798798280154e-15,7.021761087171142e-16,2.601818975073016e-15,7.385300681602002e-17,1.1510272471433134e-17,PROTAC 1,8.54,36000.0,1500,360,60,0,3.2,1.24e-12,1.0,5.24e-14
1.0,0.002682695795279727,0.0,1.0,5.365227046235082e-07,2.969291894822142e-17,5.168478524702098e-13,5.20742264327194e-13,3.430292277172115e-18,2.3705508618555772e-15,5.684184849572105e-16,2.3410648793074126e-15,8.315582022900472e-16,2.889614310371152e-16,9.390375573065566e-17,1.8104125988712204e-20,6.441502216263121e-21,2.2494140273384328e-21,8.084427852520942e-22,2.043029691013077e-16,7.342021043103199e-17,2.637403137774679e-17,1.4669115082965717e-17,0.5164153730366934,99.4835846269633,0.10847681010633789,0.16931007842562265,-5.3636721949349445e-15,5.536689824699933e-16,9.526690421215479e-17,1.5005841637213934e-17,5.212939834452877e-13,3.5555158718502486e-15,8.871848109502627e-16,3.290886487516251e-15,9.390456417344091e-17,1.4669115082965717e-17,PROTAC 1,8.54,36000.0,1500,360,60,0,3.2,1.24e-12,1.0,5.24e-14
1.0,0.00339322177189533,0.0,1.0,6.786235422078022e-07,3.76370624849433e-17,5.149469434320884e-13,5.198795776993356e-13,4.332067327755845e-18,2.9998177605188325e-15,7.166613666142139e-16,2.9514194737436927e-15,1.051793791015083e-15,3.6667810100915467e-16,1.1956061282792517e-16,2.806124656770158e-20,1.0013906013120851e-20,3.505071924043458e-21,1.2415911132010285e-21,2.584464228659948e-16,9.3184556423553e-17,3.358071193868793e-17,1.873148230244007e-17,0.6562261755777712,99.34377382442223,0.13676743637675837,0.21385582827192548,-6.829848749138707e-15,6.949971400171035e-16,1.2194352436994715e-16,1.9316193993688384e-17,5.205613748399725e-13,4.489494800411473e-15,1.1206045401448896e-15,4.1624342522920394e-15,1.1956185441903836e-16,1.873148230244007e-17,PROTAC 1,8.54,36000.0,1500,360,60,0,3.2,1.24e-12,1.0,5.24e-14
1.0,0.004291934260128779,0.0,1.0,8.583605281297519e-07,4.773384228524956e-17,5.125386807508689e-13,5.187884900129583e-13,5.4685464029234136e-18,3.7966165259951366e-15,9.02777190605741e-16,3.717590321069442e-15,1.3303095255411848e-15,4.656738235287763e-16,1.524848456738453e-16,4.372991458667478e-20,1.5665890000812285e-20,5.501636415794373e-21,1.9275656087063726e-21,3.2693846930472183e-16,1.1837118416281475e-16,4.2829075792355064e-17,2.3977541181992485e-17,0.8348915841337572,99.16510841586624,0.17228572339804218,0.27001783607779106,-8.71172320428027e-15,8.705396894255919e-16,1.5654924595617866e-16,2.4973250563583033e-17,5.196251680991391e-13,5.666125340819861e-15,1.4148934610476252e-15,5.264779200737547e-15,1.52486773239454e-16,2.3977541181992485e-17,PROTAC 1,8.54,36000.0,1500,360,60,0,3.2,1.24e-12,1.0,5.24e-14
1.0,0.005428675439323859,0.0,1.0,1.0857017927312416e-06,6.058327698744103e-17,5.09486448043678e-13,5.174085606982077e-13,6.899325307844242e-18,4.805858610960111e-15,1.1359560874063616e-15,4.677315576337926e-15,1.6824635653944256e-15,5.919861926286431e-16,1.948847637751559e-16,6.84436555777799e-20,2.464195242584803e-20,8.693093121302504e-21,3.023170021063471e-21,4.1357293396158107e-16,1.5052502105094314e-16,5.473973093384984e-17,3.0786917479519517e-17,1.0638009618653825,98.93619903813462,0.21678551286380948,0.3407596738229495,-1.1135835512692697e-14,1.0873988997311022e-15,2.0169819918623814e-16,3.246021417174703e-17,5.184256829598254e-13,7.146754900007299e-15,1.7855806908322553e-15,6.6590267059587976e-15,1.9488778694517694e-16,3.0786917479519517e-17,PROTAC 1,8.54,36000.0,1500,360,60,0,3.2,1.24e-12,1.0,5.24e-14
1.0,0.006866488450042998,0.0,1.0,1.3732555777469576e-06,7.696299757938636e-17,5.056161984766549e-13,5.156633738661861e-13,8.698155571781515e-18,6.084694473199633e-15,1.4273109577767665e-15,5.876182819949062e-15,2.1275865416581373e-15,7.534765071671941e-16,2.497236533860161e-16,1.0748614164827284e-19,3.8945884049183e-20,1.3821403185360138e-20,4.787980907751543e-21,5.231327328481972e-16,1.9166147878003385e-16,7.014556893639016e-17,3.968092227373128e-17,1.3580223556465683,98.64197764435343,0.2723875873619783,0.4297579504990685,-1.4272102767657112e-14,1.3533528254899427e-15,2.6099956674407367e-16,4.246752736907446e-17,5.168839628564119e-13,9.0071345635702e-15,2.2519316606151186e-15,8.422452328375712e-15,2.4972844136692383e-16,3.968092227373128e-17,PROTAC 1,8.54,36000.0,1500,360,60,0,3.2,1.24e-12,1.0,5.24e-14
1.0,0.008685113737513529,0.0,1.0,1.7369694836237993e-06,9.78873167241782e-17,5.007058976376455e-13,5.134563279558647e-13,1.0955624449321773e-17,7.705982413338807e-15,1.790073100555194e-15,7.368393309105561e-15,2.6899266081442025e-15,9.604298574543675e-16,3.2102126121053517e-16,1.692206708988189e-19,6.181252207053277e-20,2.2106816710745097e-20,7.656115875860339e-21,6.616302164106051e-16,2.4442352679962206e-16,9.01765858994517e-17,5.138620113101745e-17,1.7376765792116373,98.26232342078836,0.34161700392274696,0.5415438226709715,-1.8351192512077582e-14,1.6762936960064015e-15,3.3949412693570336e-16,5.599793330349201e-17,5.14894574724931e-13,1.1340031832040223e-14,2.8376896307958907e-15,1.0652775781433753e-14,3.21028917326411e-16,5.138620113101745e-17,PROTAC 1,8.54,36000.0,1500,360,60,0,3.2,1.24e-12,1.0,5.24e-14
1.0,0.010985411419875584,0.0,1.0,2.197014916168677e-06,1.2469003322903552e-16,4.944719136752757e-13,5.106653238200614e-13,1.378180726577201e-17,9.762834371628665e-15,2.239644885692966e-15,9.216914020260377e-15,3.39972935911926e-15,1.2263648782777376e-15,4.142946350727821e-16,2.6685595937969453e-19,9.847842448228657e-20,3.557068280593652e-20,1.2362166759158321e-20,8.365856633835108e-16,3.122950533987263e-16,1.1638393053889153e-16,6.693227529672456e-17,2.2299134635847366,97.77008653641526,0.4274131461246118,0.6816492000593166,-2.3689945179451238e-14,2.06298356483263e-15,4.44298677202431e-16,7.453436327390297e-17,5.123152534508159e-13,1.4257716159963585e-14,3.571841808310819e-15,1.3473561287667718e-14,4.1430699723954127e-16,6.693227529672456e-17,PROTAC 1,8.54,36000.0,1500,360,60,0,3.2,1.24e-12,1.0,5.24e-14
1.0,0.013894954943731374,0.0,1.0,2.7789057835546305e-06,1.5914307185017312e-16,4.865514967129962e-13,5.071360694654936e-13,1.7308340470277673e-17,1.2374641530665154e-14,2.793348432134774e-15,1.1492341607858975e-14,4.294366175200212e-15,1.5691169169047158e-15,5.372080892405571e-16,4.211833510138926e-19,1.5744421538984978e-19,5.758888038991398e-20,2.016602129176163e-20,1.057325697337395e-15,3.998887020065006e-16,1.5092281207509674e-16,8.780336028820365e-17,2.871797093705908,97.12820290629409,0.5330817618577813,0.8567345427179334,-3.072887363860795e-14,2.5167932062707577e-15,5.855453656271102e-16,1.0030237548656077e-16,5.08951783228981e-13,1.7893689171672546e-14,4.4892890038419705e-15,1.7041038329295658e-14,5.372282552618488e-16,8.780336028820365e-17,PROTAC 1,8.54,36000.0,1500,360,60,0,3.2,1.24e-12,1.0,5.24e-14
1.0,0.01757510624854793,0.0,1.0,3.5149134861463165e-06,2.0363084832209748e-16,4.764804789673344e-13,5.026736514056441e-13,2.168878705745433e-17,1.5695184218871734e-14,3.4695882054735946e-15,1.426929978734861e-14,5.4192754381285955e-15,2.0122542212056113e-15,7.005349731506061e-16,6.64765529971668e-19,2.525454038620507e-19,9.385128155022776e-20,3.326181758187999e-20,1.335248422639531e-15,5.133266488214093e-16,1.9682316574231425e-16,1.1617793280727993e-16,3.7145532492857853,96.28544675071421,0.6621351537163349,1.0746496899778872,-4.008766819545898e-14,3.0334348233051355e-15,7.777220682299876e-16,1.3669324182483926e-16,5.045357409737425e-13,2.240240884386639e-14,5.631164375484129e-15,2.1552712653768382e-14,7.00568234968188e-16,1.1617793280727993e-16,PROTAC 1,8.54,36000.0,1500,360,60,0,3.2,1.24e-12,1.0,5.24e-14
1.0,0.022229964825261957,0.0,1.0,4.4458566739068054e-06,2.6141414000719627e-16,4.636654819765387e-13,4.970319442309873e-13,2.7095064529669453e-17,1.9923766561933636e-14,4.285941917273582e-15,1.761834838341068e-14,6.828161677652134e-15,2.586836934125685e-15,9.195748605062895e-16,1.0482166910204464e-18,4.0634590480515107e-19,1.5404326743982367e-19,5.553667800002704e-20,1.683925862348828e-15,6.607221753833911e-16,2.583884436116816e-16,1.5531080846287488e-16,4.829875525499119,95.17012447450088,0.8179278468079356,1.3443300013512134,-5.264696905569314e-14,3.5934591458985015e-15,1.0414721145391044e-15,1.8893236501695978e-16,4.986914522463846e-13,2.7954585998236055e-14,7.044289207080358e-15,2.7258229116092127e-14,9.196303971842896e-16,1.5531080846287488e-16,PROTAC 1,8.54,36000.0,1500,360,60,0,3.2,1.24e-12,1.0,5.24e-14
1.0,0.028117686979742307,0.0,1.0,5.623365030644637e-06,3.3704290892514913e-16,4.47350956665946e-13,4.899003415525459e-13,3.370561935064646e-17,2.532089666963e-14,5.25536064230582e-15,2.1590010877920525e-14,8.581236980870517e-15,3.3333549804448697e-15,1.2162039366203047e-15,1.6492995242081473e-18,6.556645038458486e-19,2.5481953487359625e-19,9.400669295964125e-20,2.1187543477757514e-15,8.527287343146812e-16,3.4177238214679265e-16,2.1014567128057942e-16,6.319296826482386,93.68070317351761,1.0029314202873703,1.675336217141913,-6.966656506171755e-14,4.14926108551198e-15,1.4056797969844143e-15,2.651128701740917e-16,4.908868846292323e-13,3.47234605661121e-14,8.778761777823625e-15,3.447306076598531e-14,1.2162979433132644e-15,2.1014567128057942e-16,PROTAC 1,8.54,36000.0,1500,360,60,0,3.2,1.24e-12,1.0,5.24e-14
1.0,0.03556480306223128,0.0,1.0,7.112742633789684e-06,4.370267029382428e-16,4.2658443512527323e-13,4.808872048749575e-13,4.1677099139678094e-17,3.223105791837902e-14,6.3791319819563084e-15,2.6185379479260495e-14,1.0738953593049567e-14,4.303194192639317e-15,1.6217060069427842e-15,2.585288789268483e-18,1.0604255766523643e-18,4.250877877937997e-19,1.6158556160786198e-19,2.6555356885022913e-15,1.1030028155558946e-15,4.557746209106066e-16,2.88292099739777e-16,8.32799330330434,91.67200669669566,1.2173915996099827,2.076667405852076,-9.294818705932872e-14,4.603184850934724e-15,1.9088395878420017e-15,3.7768695699886446e-16,4.803613150906853e-13,4.285346565960749e-14,1.0881737206664877e-14,4.359573131483714e-14,1.621867592504392e-15,2.88292099739777e-16,PROTAC 1,8.54,36000.0,1500,360,60,0,3.2,1.24e-12,1.0,5.24e-14
1.0,0.04498432668969444,0.0,1.0,8.996589690803315e-06,5.709691649659165e-16,4.001914720891591e-13,4.694993688117909e-13,5.108401813816253e-17,4.1116939184363276e-14,7.634498342807792e-15,3.13047064704314e-14,1.3346070834752242e-14,5.557740249142361e-15,2.1802506183065047e-15,4.02759887978845e-18,1.7172919994205192e-18,7.153495038865924e-19,2.8249997928524086e-19,3.3067219591169565e-15,1.4281119109261358e-15,6.128156713197014e-16,4.015441196765507e-16,11.064549804553508,88.93545019544649,1.456965332596907,2.554139695390675,-1.2503416299955964e-13,4.77211535768586e-15,2.596165370787684e-15,5.452242049363538e-16,4.660217590241396e-13,5.2395510912994887e-14,1.3383692003847136e-14,5.5129427111676877e-14,2.18053311828579e-15,4.015441196765507e-16,PROTAC 1,8.54,36000.0,1500,360,60,0,3.2,1.24e-12,1.0,5.24e-14
1.0,0.05689866029018299,0.0,1.0,1.137938351302491e-05,7.535757007395096e-16,3.667916181180863e-13,4.551170800387454e-13,6.179829041224839e-17,5.2612643517762954e-14,8.95397439018805e-15,3.6662154929165114e-14,1.6396129219457798e-14,7.160263396322437e-15,2.9518030807997336e-15,6.212865738443552e-18,2.7788046810965993e-18,1.2137873749054178e-18,5.029296075515882e-19,4.072840783525856e-15,1.8456478333746565e-15,8.297434267240223e-16,5.680700096819172e-16,14.82733743031676,85.17266256968324,1.7087737385855057,3.10501458845315,-1.693688358109509e-13,4.334836494272986e-15,3.501598851344211e-15,7.929792616205213e-16,4.463047518651401e-13,6.318105901314707e-14,1.6270276443494506e-14,6.97090023398112e-14,2.9523060104072853e-15,5.680700096819172e-16,PROTAC 1,8.54,36000.0,1500,360,60,0,3.2,1.24e-12,1.0,5.24e-14
1.0,0.07196856730011521,0.0,1.0,1.4393272787637108e-05,1.008377645607427e-15,3.2493233000995e-13,4.3696405094001373e-13,7.326205661314155e-17,6.760825557687221e-14,1.019343884751774e-14,4.1655672428727284e-14,1.9758914654681038e-14,9.149116001650956e-15,4.009848197078483e-15,9.431103187553029e-18,4.4738823816368475e-18,2.071911925273617e-18,9.115290013626064e-19,4.924633447504893e-15,2.367545448406248e-15,1.1271546840857559e-15,8.149210556012093e-16,20.03364021787928,79.96635978212072,1.945312757159874,3.7075750921976804,-2.301479560906231e-13,2.7696654651765344e-15,4.584213867286317e-15,1.1461592296445699e-15,4.190237252583126e-13,7.459043970863358e-14,1.9427693483115847e-14,8.813447718870446e-14,4.0107597260798454e-15,8.149210556012093e-16,PROTAC 1,8.54,36000.0,1500,360,60,0,3.2,1.24e-12,1.0,5.24e-14
1.0,0.09102981779915217,0.0,1.0,1.8205406499619348e-05,1.3749750799404481e-15,2.735114602696468e-13,4.140732863102349e-13,8.409603967460342e-17,8.738273648717424e-14,1.1090807559146531e-14,4.520188554530141e-14,2.3047031433840086e-14,1.1467997212876444e-14,5.419839658022137e-15,1.3937781186830336e-17,7.106847436556e-18,3.536705394925232e-18,1.676075493806566e-18,5.7694532204451725e-15,2.9820870270284107e-15,1.523222042282352e-15,1.1784073536914474e-15,27.232338784071075,72.76766121592892,2.116566328081399,4.302285725685861,-3.110211984881052e-13,-6.611442644673378e-16,5.541866965207046e-15,1.5945960729043305e-15,3.8130254477146754e-13,8.516301125955218e-14,2.2543977202593912e-14,1.1141204221889532e-13,5.421515733515944e-15,1.1784073536914474e-15,PROTAC 1,8.54,36000.0,1500,360,60,0,3.2,1.24e-12,1.0,5.24e-14
1.0,0.11513953993264481,0.0,1.0,2.302720397162268e-05,1.9237525825884065e-15,2.1280423028570646e-13,3.852520020299585e-13,9.155653071536525e-17,1.1379204948789956e-13,1.1238513213680016e-14,4.5636155138984695e-14,2.541705439383323e-14,1.3813887091239367e-14,7.162312092003989e-15,1.967026677707256e-17,1.0955798888168199e-17,5.954792443959675e-18,3.0933060751455268e-18,6.399392847269769e-15,3.613497455614523e-15,2.011785037505702e-15,1.6927599280754757e-15,37.038011797936456,62.961988202063544,2.144754430091606,4.762585588195703,-4.105164057026192e-13,-6.666532514899539e-15,5.354523440455733e-15,1.9669490922449044e-15,3.29920818178813e-13,9.206908288024563e-14,2.4955948482145483e-14,1.4080298124753317e-13,7.165405398079135e-15,1.6927599280754757e-15,PROTAC 1,8.54,36000.0,1500,360,60,0,3.2,1.24e-12,1.0,5.24e-14
1.0,0.14563484775012445,0.0,1.0,2.9126080155187926e-05,2.786918769264384e-15,1.4641591896730638e-13,3.490558986782063e-13,9.127328006297689e-17,1.494339009417621e-13,1.015648951401548e-14,4.1036706969816624e-14,2.5439964660016822e-14,1.5394253890949183e-14,8.936972549057895e-15,2.5607828979871783e-17,1.5875512420252728e-17,9.606999261173185e-18,5.583671198630209e-18,6.452326045849563e-15,4.054870752540304e-15,2.5067774929026217e-15,2.339736574726347e-15,49.831686124216766,50.168313875783234,1.938261357636542,4.868358851151587,-5.104415696862909e-13,-1.4888188430599105e-14,1.558267645125469e-15,1.6061299215685536e-15,2.6288196470910413e-13,9.086457208170046e-14,2.5510200380034317e-14,1.7787896738298373e-13,8.942556220256525e-15,2.339736574726347e-15,PROTAC 1,8.54,36000.0,1500,360,60,0,3.2,1.24e-12,1.0,5.24e-14
1.0,0.18420699693267165,0.0,1.0,3.6840276504069844e-05,4.2273056950813336e-15,8.341669616471661e-14,3.0380259145977853e-13,7.889337576566049e-17,1.973968054978251e-13,7.646121724273515e-15,3.068922686505682e-14,2.1603989272079848e-14,1.4859733954033674e-14,9.873521646528659e-15,2.9037005115603094e-17,2.044111864598309e-17,1.4060110403850373e-17,9.347029120060435e-18,5.528206147594153e-15,3.9427736637527124e-15,2.761361348592546e-15,2.922140158186525e-15,65.00084931605606,34.99915068394394,1.4591835351667015,4.351260122595315,-5.589116754973041e-13,-2.1777933747171584e-14,-9.118276499194527e-15,-9.250452678314336e-16,1.8339554958386622e-13,7.70993570009845e-14,2.280060304239945e-14,2.2457649287435706e-13,9.88286867564872e-15,2.922140158186525e-15,PROTAC 1,8.54,36000.0,1500,360,60,0,3.2,1.24e-12,1.0,5.24e-14
1.0,0.2329951810515372,0.0,1.0,4.659762009001116e-05,6.817472604163945e-15,3.6465633660325536e-14,2.477280810715878e-13,5.563552599028619e-17,2.5975510011126876e-13,4.4004051017317676e-15,1.750702098708998e-14,1.4222354458358775e-14,1.1313160689810771e-14,8.761586030972525e-15,2.670895664375052e-17,2.169778459245814e-17,1.725945437571359e-17,1.3366000490821371e-17,3.675840536994143e-15,3.0215979434949366e-15,2.4378296765749624e-15,2.9811455583505368e-15,79.97686214393187,20.023137856068132,0.839771965979345,3.1520646597607533,-4.845892461243771e-13,-2.09578883954904e-14,-2.3790793251425367e-14,-6.120154859719687e-15,1.0492124236579701e-13,5.18831543623348e-14,1.6516818817146346e-14,2.832240592546721e-13,8.774952031463346e-15,2.9811455583505368e-15,PROTAC 1,8.54,36000.0,1500,360,60,0,3.2,1.24e-12,1.0,5.24e-14
1.0,0.29470517025518095,0.0,1.0,5.8939251922869704e-05,1.21076682838065e-14,1.1855910139144886e-14,1.7978484784900554e-13,3.213796257746402e-17,3.3505079199761315e-13,1.8462175669613795e-15,7.24003357469163e-15,6.814896939718484e-15,6.305576895314568e-15,5.727937570190759e-15,1.9616431697583066e-17,1.8464324371629166e-17,1.70841475059354e-17,1.5509977809034546e-17,1.7836092272998068e-15,1.6949080712351717e-15,1.583848811564633e-15,2.2557764763251364e-15,90.99016638999845,9.009833610001545,0.35233159674835485,1.748923693394299,-2.9692800569163015e-13,-1.2250683809248613e-14,-2.779818092231964e-14,-9.476494293077466e-15,4.72115281164081e-14,2.615911986129962e-14,9.164360153386127e-15,3.564256332787675e-13,5.743447547999794e-15,2.2557764763251364e-15,PROTAC 1,8.54,36000.0,1500,360,60,0,3.2,1.24e-12,1.0,5.24e-14
1.0,0.3727593720314942,0.0,1.0,7.454964358797647e-05,2.5970534771776302e-14,3.2967168195439637e-15,1.0388767861578857e-13,1.9189144912428e-17,4.1594310873824826e-13,6.37317353441524e-16,2.4123324690394733e-15,2.581275401303826e-15,2.7360158909130735e-15,2.875238404887044e-15,1.4021066022001372e-17,1.5002897174689373e-17,1.59020500528546e-17,1.669321320740296e-17,6.929582760806989e-16,7.453375172976271e-16,7.937872318819604e-16,1.2998122672651564e-15,96.53595419789623,3.4640458021037643,0.12162544913006185,0.7956512683143067,-1.2293105708596957e-13,-4.248506004674561e-15,-1.7265937771401925e-14,-7.08366839386149e-15,1.8151600003023725e-14,1.0666481392600366e-14,4.169212645966967e-15,4.461636645273609e-13,2.8919316180944467e-15,1.2998122672651564e-15,PROTAC 1,8.54,36000.0,1500,360,60,0,3.2,1.24e-12,1.0,5.24e-14
1.0,0.47148663634573945,0.0,1.0,9.429458082293393e-05,6.956229815604055e-14,1.2412538767741646e-15,4.4366986808014667e-14,1.9351189293185317e-17,4.775569150162223e-13,2.753271706765305e-16,9.680193596016702e-16,1.1047535730950045e-15,1.2652363327161995e-15,1.454221309135251e-15,1.507040063263365e-17,1.7200545354714232e-17,1.969933093968638e-17,2.2609958108410425e-17,3.1255797247728087e-16,3.561412083740413e-16,4.072264139280544e-16,7.248454103092599e-16,98.43444388331754,1.5655561166824594,0.05254335318254399,0.3962019419399174,-3.703022743976141e-14,-1.1009631636088934e-15,-6.575413157105651e-15,-3.074265860905857e-15,8.203514051416086e-15,4.86681080958357e-15,2.076098175765167e-15,5.492892427723568e-13,1.4768312672436614e-15,7.248454103092599e-16,PROTAC 1,8.54,36000.0,1500,360,60,0,3.2,1.24e-12,1.0,5.24e-14
1.0,0.5963623316594643,0.0,1.0,0.00011926919380160173,1.5167828912890317e-13,8.445275974074762e-16,2.1310948852939236e-14,2.8663843709244584e-17,5.012139893981172e-13,1.96595358029714e-16,6.474010876923927e-16,7.394888785710433e-16,8.553076711479198e-16,1.0011117093840577e-15,2.1974447453080304e-17,2.5104984306028708e-17,2.903779302799174e-17,3.393690100813824e-17,2.2041708487626642e-16,2.5033754803331507e-16,2.879202330713238e-16,5.197915249371877e-16,98.91190521705053,1.088094782949462,0.037518198097273664,0.28150033376866546,-1.0273078289797895e-14,-7.387328275798705e-16,-2.0030768366226896e-15,-9.924739346460928e-16,5.701616662655181e-15,3.3533634725906526e-15,1.4750617489478071e-15,6.545060582454728e-13,1.035048610392196e-15,5.197915249371877e-16,PROTAC 1,8.54,36000.0,1500,360,60,0,3.2,1.24e-12,1.0,5.24e-14
1.0,0.7543120063354622,0.0,1.0,0.0001508585979971834,2.4960971342297127e-13,7.658662576624138e-16,1.3157526655679058e-14,4.27853776542114e-17,5.095174743506346e-13,1.8123991406599402e-16,5.764219990888614e-16,6.518376819455546e-16,7.481737610628994e-16,8.711657265410834e-16,3.219502671401027e-17,3.641655050013604e-17,4.1800153910546715e-17,4.859793673180258e-17,2.0061176756195292e-16,2.2536029531532543e-16,2.56934462353383e-16,4.608525543911193e-16,99.01903445314899,0.9809655468510102,0.03458776985992252,0.2528624033755295,-3.299845742922196e-15,-6.912602284783221e-16,-6.850383110075384e-16,-3.520683552986096e-16,5.1402594654992935e-15,3.006608836494894e-15,1.3249989936877747e-15,7.606539818128043e-13,9.19763663272886e-16,4.608525543911193e-16,PROTAC 1,8.54,36000.0,1500,360,60,0,3.2,1.24e-12,1.0,5.24e-14
1.0,0.9540954763499944,0.0,1.0,0.00019081471456394665,3.610276465921509e-13,7.568439548270624e-16,9.167323130845057e-15,6.11708539899553e-17,5.13547658145052e-13,1.805362814308268e-16,5.612898625058917e-16,6.276603780392382e-16,7.121173288172598e-16,8.194283239524289e-16,4.533961544679782e-17,5.0717287912422185e-17,5.754387204610119e-17,6.611530762159123e-17,1.978060129356162e-16,2.1980036121224315e-16,2.477421916114146e-16,4.3913387691532705e-16,99.03754856693432,0.9624514330656827,0.03445348882267687,0.24523258093615036,-1.2369424453687859e-15,-7.508835627913135e-16,-2.8985391743499416e-16,-1.5765167738064357e-16,5.0432455092641774e-15,2.9402119763417307e-15,1.2850187241054277e-15,8.761412103983252e-13,8.855436315740201e-16,4.3913387691532705e-16,PROTAC 1,8.54,36000.0,1500,360,60,0,3.2,1.24e-12,1.0,5.24e-14
1.0,1.2067926406393288,0.0,1.0,0.0002413534774980097,4.924985769996538e-13,7.712186004160564e-16,6.751285409470748e-15,8.504823232126987e-17,5.159728201993354e-13,1.8487529692252193e-16,5.630475479796925e-16,6.212847359728049e-16,6.945313615292366e-16,7.863934220248948e-16,6.203498911360032e-17,6.848246831144904e-17,7.655879671596988e-17,8.655509397065096e-17,2.0037120975882872e-16,2.1988343890112808e-16,2.4435349890416337e-16,4.264109467080755e-16,99.02842564130718,0.9715743586928134,0.03528154521422174,0.2434912960295263,-4.860159236901602e-16,-9.434083014517837e-16,-1.4939978092648446e-16,-8.866452723034261e-17,5.091049639550342e-15,2.9588884156182983e-15,1.2758943911947177e-15,1.010125971170617e-12,8.729485159955458e-16,4.264109467080755e-16,PROTAC 1,8.54,36000.0,1500,360,60,0,3.2,1.24e-12,1.0,5.24e-14
1.0,1.5264179671752334,0.0,1.0,0.00030527773491462537,6.523160365780922e-13,7.9920863477107e-16,5.112926889745066e-15,1.1675638754251813e-16,5.176085416745353e-13,1.9230665885412885e-16,5.727100714600812e-16,6.215875021953863e-16,6.821841365143569e-16,7.567854509704942e-16,8.3546328960053e-17,9.074881521515893e-17,9.959718597278362e-17,1.1032575381457194e-16,2.0569864015232164e-16,2.2231811855059354e-16,2.427755940345614e-16,4.1543242412788955e-16,99.00534700321833,0.9946529967816737,0.03669974405613146,0.24399454880143037,-1.4787045741642383e-16,-1.4635351798063427e-15,-9.124577452742974e-17,-6.032354624773135e-17,5.21198170313597e-15,3.0174852451028865e-15,1.278531435719495e-15,1.171704084159852e-12,8.671112047850662e-16,4.1543242412788955e-16,PROTAC 1,8.54,36000.0,1500,360,60,0,3.2,1.24e-12,1.0,5.24e-14
1.0,1.9306977288832496,0.0,1.0,0.0003861326919548714,8.500396287230851e-13,8.386100411675367e-16,3.93119714887048e-15,1.5972116723698265e-16,5.187805609113827e-13,2.028582298717589e-16,5.886733064398376e-16,6.252757241949048e-16,6.709518062478618e-16,7.257996118407667e-16,1.1170622301800118e-16,1.1897208126328697e-16,1.2764429915987865e-16,1.3788017659482883e-16,2.1329254804663078e-16,2.2626469908035256e-16,2.418399797189356e-16,4.0398648303158494e-16,98.97071061509291,1.0292893849070897,0.038713402647282236,0.24584769842543186,3.986505618012694e-17,-4.13289723768362e-15,-6.478870656191328e-17,-4.751948513088595e-17,5.3934763769131495e-15,3.1069032287593666e-15,1.2882419397492628e-15,1.37076435552149e-12,8.636797884355955e-16,4.0398648303158494e-16,PROTAC 1,8.54,36000.0,1500,360,60,0,3.2,1.24e-12,1.0,5.24e-14
1.0,2.44205309454865,0.0,1.0,0.0004884025236194055,1.097253461441697e-12,8.970305081756239e-16,3.0514089836362743e-15,2.203982132994849e-16,5.196451184951394e-13,2.163777223803709e-16,6.076737802526614e-16,6.313273356462587e-16,6.589839720896459e-16,6.914035285999754e-16,1.4921797501343026e-16,1.5502972849251792e-16,1.6182225807081087e-16,1.695437217634344e-16,2.2333349673977586e-16,2.3151160843469417e-16,2.41086724863195e-16,3.911629688070567e-16,98.9225374918647,1.0774625081352935,0.04129345846953643,0.24875429794371995,1.7857462394578918e-16,-3.1315441468153524e-16,-5.1070335888936784e-17,-4.1898543866826964e-17,5.645903542628937e-15,3.2250022999287352e-15,1.3034725212250925e-15,1.6190580643547014e-12,8.609472503634098e-16,3.911629688070567e-16,PROTAC 1,8.54,36000.0,1500,360,60,0,3.2,1.24e-12,1.0,5.24e-14
1.0,3.088843596477485,0.0,1.0,0.000617759068985937,1.4073286925379488e-12,9.714864280379154e-16,2.3822618227798916e-15,3.0619192958987693e-16,5.202919540819131e-13,2.3454396632818113e-16,6.333466938571894e-16,6.389268319160763e-16,6.453626137986277e-16,6.528906887255211e-16,1.9946830672485206e-16,2.0122598355559445e-16,2.0325297945574426e-16,2.0534225801468255e-16,2.3616539463218876e-16,2.380908669893357e-16,2.4033110563612195e-16,3.76652761721813e-16,98.8581528990489,1.1418471009510915,0.04476029891759182,0.25301223192893907,3.0769531469226744e-16,2.1552803167188985e-17,-4.490494369684941e-17,-3.976280384905822e-17,5.98327880898372e-15,3.379816356048288e-15,1.3257840953076406e-15,1.9300619121725102e-12,8.582329467402036e-16,3.76652761721813e-16,PROTAC 1,8.54,36000.0,1500,360,60,0,3.2,1.24e-12,1.0,5.24e-14
1.0,3.906939937054621,0.0,1.0,0.0007813763785607079,1.7981770364610686e-12,1.0706683627713362e-15,1.866194403448263e-15,4.311556293498719e-16,5.207752086130819e-13,2.587290122266791e-16,6.658885518052572e-16,6.48614504974935e-16,6.302575154938287e-16,6.108783580534673e-16,2.679498729743997e-16,2.60998053755695e-16,2.5361029285716697e-16,2.4548741490354706e-16,2.5275621080046404e-16,2.464648434980859e-16,2.3979866179941565e-16,3.608482551463996e-16,98.77020886633386,1.2297911336661356,0.04937576569211434,0.25927423348684053,3.736430685381975e-16,2.513136487972339e-17,-5.392089080622505e-17,-4.3432454823327056e-17,6.44410554041055e-15,3.583684564818297e-15,1.3585969834710444e-15,2.3217700433214622e-12,8.563657729570143e-16,3.608482551463996e-16,PROTAC 1,8.54,36000.0,1500,360,60,0,3.2,1.24e-12,1.0,5.24e-14
1.0,4.941713361323838,0.0,1.0,0.0009883285930371423,2.2913905272320216e-12,1.2021836307016021e-15,1.4654858369997983e-15,6.168781709843359e-16,5.211303575505858e-13,2.9070806625797045e-16,7.056075109850697e-16,6.595853928302819e-16,6.1274836773264755e-16,5.652207576462594e-16,3.617941188099725e-16,3.3819445877084354e-16,3.1417657285371057e-16,2.894400046806391e-16,2.7382305825881257e-16,2.567038531816243e-16,2.3930416710802754e-16,3.4361746761008215e-16,98.65076610717331,1.3492338928266945,0.05547863859884933,0.2679688191634574,4.1335570056140397e-16,2.803527847886281e-17,-7.099821017447562e-17,-5.009912807735973e-17,7.069985598411879e-15,3.8467671843094246e-15,1.4041566124165168e-15,2.8158455247211236e-12,8.546607623268985e-16,3.4361746761008215e-16,PROTAC 1,8.54,36000.0,1500,360,60,0,3.2,1.24e-12,1.0,5.24e-14
1.0,6.250551925273976,0.0,1.0,0.0012500931861165363,2.9143875928827614e-12,1.3779619312228084e-15,1.1527617062994668e-15,8.99278265607863e-16,5.213790342131183e-13,3.3337457127740325e-16,7.538990451579227e-16,6.720414473935318e-16,5.931407857333214e-16,5.172356600287906e-16,4.91629316967456e-16,4.382442831804927e-16,3.8678729833509906e-16,3.368812915827885e-16,3.0073508795455287e-16,2.6934871086963727e-16,2.3912176725571365e-16,3.2562394322527614e-16,98.48562912103193,1.5143708789680645,0.06362110138881742,0.2801916184317907,3.594525628057308e-16,2.6251067248789796e-17,-1.0322249371738679e-16,-6.122038906201733e-17,7.935303405792658e-15,4.189859128379403e-15,1.4682040805825832e-15,3.439787651632136e-12,8.5411695161157905e-16,3.2562394322527614e-16,PROTAC 1,8.54,36000.0,1500,360,60,0,3.2,1.24e-12,1.0,5.24e-14
1.0,7.9060432109077015,0.0,1.0,0.001581187500643284,3.7017700240103365e-12,1.6168363994525204e-15,9.078261371710078e-16,1.340179903377256e-15,5.215316018080276e-13,3.912850686611761e-16,8.133782013515563e-16,6.871452896273449e-16,5.727228410510847e-16,4.691554275586132e-16,6.736834011435541e-16,5.691232008623022e-16,4.743453495947732e-16,3.8812134342200997e-16,3.3574397571287145e-16,2.8548320332665437e-16,2.3995364408104767e-16,3.08106163021654e-16,98.250903928961,1.7490960710390115,0.074672723026942,0.2978190944281305,4.686740001011259e-17,1.2097063211676068e-17,-1.6216494245864688e-16,-8.015104122421997e-17,9.16526341224442e-15,4.647675054611239e-15,1.5605720548034037e-15,4.228307651071567e-12,8.572767709806231e-16,3.08106163021654e-16,PROTAC 1,8.54,36000.0,1500,360,60,0,3.2,1.24e-12,1.0,5.24e-14
1.0,10.0,0.0,1.0,0.001999973871275501,4.697704677126595e-12,1.9498718378587873e-15,7.154381269766874e-16,2.0509525199966547e-15,5.21586977949836e-13,4.719421125628279e-16,8.887782806105639e-16,7.074807200478616e-16,5.538421345942539e-16,4.2379591748548037e-16,9.341321776997775e-16,7.435718883468209e-16,5.820832863675427e-16,4.449217860368176e-16,3.826548578681162e-16,3.0708306110402843e-16,2.430723951798606e-16,2.9283149647487155e-16,97.90514990987896,2.0948500901210436,0.09006528865702823,0.32396639755528717,-8.207636584275715e-16,-2.853486624432277e-17,-2.5990239114213225e-16,-1.0909523844615011e-16,1.0977014472234268e-14,5.2786061911891186e-15,1.6975839231897048e-15,5.225744900658068e-12,8.687177035222979e-16,2.9283149647487155e-16,PROTAC 1,8.54,36000.0,1500,360,60,0,3.2,1.24e-12,1.0,5.24e-14
1.0,0.0001,0.0,1.0,1.9991711083190112e-08,3.056052343121975e-17,5.067800052064151e-13,5.223759836749871e-13,3.18489726876415e-18,4.3632428898582294e-16,2.0566195712027871e-16,7.811876121286799e-16,6.353320208361629e-16,5.145842553967594e-16,4.1461472104890415e-16,6.099939161740438e-21,4.9780357353571e-21,4.05273041971524e-21,6.485562643080829e-21,1.7020197779794884e-16,1.4085129744753313e-16,1.165573806590086e-16,5.544194230015978e-16,2.611331609658663,97.38866839034134,0.039248465099289837,0.2266587855012151,-2.350893463323145e-14,1.249123316895076e-16,2.5625553074013185e-16,3.420046179616185e-16,5.103166223653886e-13,2.3457402256784662e-15,1.187692036026367e-15,1.657783361980134e-15,4.1462120661154723e-16,5.544194230015978e-16,ACBI1,9.26,36000.0,1500,360,60,0,26.0,2.49e-11,1.0,5.24e-14
1.0,0.00012648552168552957,0.0,1.0,2.528663466572436e-08,3.8842692385494315e-17,5.02264114104998e-13,5.219489526469484e-13,4.011969577435764e-18,5.541560127372408e-16,2.588755302829868e-16,9.832580807056859e-16,8.000900726087111e-16,6.483706657911703e-16,5.226909746085578e-16,9.352246495327862e-21,7.631455498721072e-21,6.210487718141349e-21,9.06710314324341e-21,2.1434916936811379e-16,1.7747385694785495e-16,1.46934926155784e-16,6.992578575594649e-16,3.297813078264028,96.70218692173597,0.049403727153241754,0.28566628631950464,-2.963394844969146e-14,1.5516466909547068e-16,3.1944200913145537e-16,4.2673391570300426e-16,5.067194594698965e-13,2.954442055006981e-15,1.4968913403142044e-15,2.0939342763072306e-15,5.22700041711701e-16,6.992578575594649e-16,ACBI1,9.26,36000.0,1500,360,60,0,26.0,2.49e-11,1.0,5.24e-14
1.0,0.00015998587196060574,0.0,1.0,3.1983955247716366e-08,4.943303338462545e-17,4.965794214924182e-13,5.214107008851364e-13,5.048046928292751e-18,7.045776058221303e-16,3.2542172783887187e-16,1.23592364921737e-15,1.006355068022206e-15,8.160701296920535e-16,6.583348974316707e-16,1.444675318221394e-20,1.1790214230538093e-20,9.593771184623803e-21,1.2855044320319248e-20,2.6962380318000903e-16,2.2338130003931624e-16,1.8505788937867693e-16,8.812367886044925e-16,4.162991702569812,95.83700829743019,0.06210338317535723,0.3596796772979707,-3.731945749641295e-14,1.9170737679679775e-16,3.964995371619063e-16,5.303200368292693e-16,5.021859234785341e-13,3.716732430146219e-15,1.8847215090413665e-15,2.6438288809593326e-15,6.583477524759911e-16,8.812367886044925e-16,ACBI1,9.26,36000.0,1500,360,60,0,26.0,2.49e-11,1.0,5.24e-14
1.0,0.00020235896477251576,0.0,1.0,4.04551104143257e-08,6.301344945508894e-17,4.894330349277424e-13,5.207329218983606e-13,6.342281514940719e-18,8.9707027342371e-16,4.083678814312082e-16,1.5508041747244473e-15,1.2638195093450646e-15,1.0257329637847788e-15,8.281983630132413e-16,2.2457821733496475e-20,1.833560576194213e-20,1.4922687305486603e-20,1.848674307941059e-20,3.386276443805648e-16,2.807785443656082e-16,2.3279313496272194e-16,1.1094406230754516e-15,5.252287356641489,94.74771264335851,0.0779328017998489,0.452291570270144,-4.694081241049911e-14,2.351500821864667e-16,4.893282289198267e-16,6.55531570225187e-16,4.964780142511986e-13,4.668629213725412e-15,2.3700078282155545e-15,3.3365080354671747e-15,8.282168497563207e-16,1.1094406230754516e-15,ACBI1,9.26,36000.0,1500,360,60,0,26.0,2.49e-11,1.0,5.24e-14
1.0,0.0002559547922699536,0.0,1.0,5.116991829467965e-08,8.049064818710003e-17,4.804648165211565e-13,5.198805258066555e-13,7.952945195935131e-18,1.1441572560414198e-15,5.113083022270648e-16,1.9415030759828658e-15,1.583939555772989e-15,1.2869630647166784e-15,1.040289355204649e-15,3.509275665499341e-20,2.867196375359559e-20,2.3347838075454102e-20,2.6962927056403706e-20,4.2443795334852223e-16,3.522964759337062e-16,2.923866947265373e-16,1.3948875110678884e-15,6.6219665017521265,93.37803349824787,0.09757792027234062,0.5678085758213204,-5.894906864098425e-14,2.8560778034075944e-16,5.992109151677874e-16,8.044571764019007e-16,4.893008955308188e-13,5.852809127162722e-15,2.9753169373037185e-15,4.2080318622137144e-15,1.0403163181317054e-15,1.3948875110678884e-15,ACBI1,9.26,36000.0,1500,360,60,0,26.0,2.49e-11,1.0,5.24e-14
1.0,0.00032374575428176434,0.0,1.0,6.472263628986831e-08,1.0308408579415789e-16,4.692361035499811e-13,5.188102947922359e-13,9.947330196190244e-18,1.462549407913898e-15,6.383257531687004e-16,2.4234516190332506e-15,1.97989737598022e-15,1.6109624662460652e-15,1.3040713247260395e-15,5.506257217113947e-20,4.503729547515151e-20,3.6709478114320254e-20,3.9863781798992024e-20,5.305989534741097e-16,4.410044111787438e-16,3.6649033454808047e-16,1.750736347479967e-15,8.34126600398092,91.65873399601908,0.12181789182608786,0.7112892747804583,-7.387584792438449e-14,3.421560748859141e-16,7.259204892163235e-16,9.77397406013475e-16,4.8029176613914e-13,7.318559459113134e-15,3.727155799849602e-15,5.3029132968814074e-15,1.3041111885078384e-15,1.750736347479967e-15,ACBI1,9.26,36000.0,1500,360,60,0,26.0,2.49e-11,1.0,5.24e-14
1.0,0.00040949150623804275,0.0,1.0,8.18649229831513e-08,1.3245611731323797e-16,4.552196940197133e-13,5.174694784749572e-13,1.2399944185495346e-17,1.8748191235546815e-15,7.938295658518932e-16,3.013280953125496e-15,2.46622889077481e-15,2.0103477937184304e-15,1.6304160313759528e-15,8.666281496906864e-20,7.099474563799832e-20,5.795151659550639e-20,5.969583765890539e-20,6.610242542487022e-16,5.503600809618335e-16,4.581460064529162e-16,2.192342493974295e-15,10.49459058410342,89.50540941589658,0.15149419195646815,0.8884928247117636,-9.232937816674524e-14,4.018860406386853e-16,8.660977826860444e-16,1.1708246448525038e-15,4.690083453392981e-13,9.120548973909552e-15,4.655702401489641e-15,6.675652891457916e-15,1.6304757272136117e-15,2.192342493974295e-15,ACBI1,9.26,36000.0,1500,360,60,0,26.0,2.49e-11,1.0,5.24e-14
1.0,0.0005179474679231213,0.0,1.0,1.0354753251000802e-07,1.7090872074796267e-16,4.3779434838467573e-13,5.157945122885095e-13,1.5387393120328184e-17,2.4118980061303296e-15,9.821653430887823e-16,3.727323113644379e-15,3.0578160422778414e-15,2.4985167768556123e-15,2.0312513222243126e-15,1.3667021685085282e-19,1.1220194709158698e-19,9.177836015942001e-20,9.044739872645045e-20,8.19729555144935e-16,6.840361422496054e-16,5.706829541584511e-16,2.7369757107184765e-15,13.18346109998447,86.81653890001553,0.18743613417724853,1.1056468903359258,-1.1497237256099e-13,4.582452761108455e-16,1.010357953685535e-15,1.3736982942804095e-15,4.549186638360814e-13,1.1315338352924972e-14,5.79358970536025e-15,8.392214923281699e-15,2.031341769623039e-15,2.7369757107184765e-15,ACBI1,9.26,36000.0,1500,360,60,0,26.0,2.49e-11,1.0,5.24e-14
1.0,0.0006551285568595509,0.0,1.0,1.3097305588810042e-07,2.2168684177900819e-16,4.162498687887579e-13,5.137102446078542e-13,1.8977095954086e-17,3.1168783123873307e-15,1.2068165790257006e-15,4.578561286293556e-15,3.7677187831371245e-15,3.0881681399494074e-15,2.518612273477188e-15,2.1568950963707484e-19,1.7759068052442746e-19,1.4568181328450546e-19,1.3847007675082247e-19,1.010254471415616e-15,8.45513945794811e-16,7.074443765934614e-16,3.4028477069283544e-15,16.527583801639807,83.4724161983602,0.23030850744765277,1.3688696717095312,-1.4246459070117655e-13,4.983295920286383e-16,1.1382016322336842e-15,1.5608911202558676e-15,4.373954608794074e-13,1.3953737914937473e-14,7.172877079757943e-15,1.0531096761958563e-14,2.518750743553939e-15,3.4028477069283544e-15,ACBI1,9.26,36000.0,1500,360,60,0,26.0,2.49e-11,1.0,5.24e-14
1.0,0.0008286427728546842,0.0,1.0,1.6566263791277853e-07,2.8945492573349697e-16,3.898140879491812e-13,5.11130394762531e-13,2.320494622356778e-17,4.0509076428554586e-15,1.4689043499118863e-15,5.5709245332089696e-15,4.602968648032095e-15,3.788291464621971e-15,3.102577753834313e-15,3.4007120039488987e-19,2.8110321339996548e-19,2.3149878175365456e-19,2.1384906822933038e-19,1.2345361001841115e-15,1.0372557291327772e-15,8.711960999831186e-16,4.206805315403039e-15,20.66377492137768,79.33622507862232,0.2803252576167722,1.6829575562242238,-1.7533967811534995e-13,4.983888324402679e-16,1.2091676760308723e-15,1.6815493877487543e-15,4.1572181941198093e-13,1.7065828921961127e-14,8.818697594614932e-15,1.3183331631691233e-14,3.102791602902542e-15,4.206805315403039e-15,ACBI1,9.26,36000.0,1500,360,60,0,26.0,2.49e-11,1.0,5.24e-14
1.0,0.0010481131341546852,0.0,1.0,2.0954037598284027e-07,3.8105458350136585e-16,3.577217896129692e-13,5.079605972320633e-13,2.803384582340712e-17,5.302437464754754e-15,1.7645243905168967e-15,6.689207124559889e-15,5.556894741544909e-15,4.598466469514376e-15,3.787174691449684e-15,5.343361169202754e-19,4.440299732768579e-19,3.6762312847506975e-19,3.3243290815415517e-19,1.4908457574126352e-15,1.2591335286169402e-15,1.0629561426954603e-15,5.159505483940589e-15,25.740417898631534,74.25958210136847,0.3367412959001711,2.0490391799966643,-2.1376244848258684e-13,4.169215759197355e-16,1.1477724836260061e-15,1.638748068442662e-15,3.891202102111708e-13,2.063342144919568e-14,1.0736965303182521e-14,1.6450169619388875e-14,3.787507124357838e-15,5.159505483940589e-15,ACBI1,9.26,36000.0,1500,360,60,0,26.0,2.49e-11,1.0,5.24e-14
1.0,0.0013257113655901094,0.0,1.0,2.6504009210618237e-07,5.067078289589216e-16,3.1935999365858974e-13,5.041064175804794e-13,3.3281145868793055e-17,7.001699998120244e-15,2.0802907703911618e-15,7.882288299995108e-15,6.595883051940657e-15,5.49863968884576e-15,4.562702811994835e-15,8.333173063172969e-19,6.974863133463671e-19,5.816664854024333e-19,5.185034811851754e-19,1.7702127868345411e-15,1.505604661390195e-15,1.2798059350790075e-15,6.2559682677066465e-15,31.90318663125521,68.09681336874479,0.39700205541816064,2.4602829048476242,-2.5707600913378584e-13,1.8526769868304442e-16,8.190352683156756e-16,1.2549958919487286e-15,3.568273020522227e-13,2.454214482636261e-14,1.2891882421401551e-14,2.043620236793576e-14,4.5632213154760205e-15,6.2559682677066465e-15,ACBI1,9.26,36000.0,1500,360,60,0,26.0,2.49e-11,1.0,5.24e-14
1.0,0.0016768329368110084,0.0,1.0,3.3524041638575495e-07,6.81865695210182e-16,2.7454379035283963e-13,4.994902554804388e-13,3.8501991102234565e-17,9.342547473405148e-15,2.386526048760205e-15,9.037666793198041e-15,7.63823325403573e-15,6.4319492129285704e-15,5.3921374057783104e-15,1.2810149405127752e-18,1.0828481815707496e-18,9.120765239108417e-19,8.071438127488481e-19,2.0506816947923427e-15,1.760953054033942e-15,1.5110224534532431e-15,7.458013795116773e-15,39.26458795047751,60.73541204952249,0.4554439024351536,2.894503253083302,-3.0300202888941463e-13,-3.0083599251219254e-16,-6.645375297412445e-18,2.1851889244624312e-16,3.182535591394978e-13,2.85040697493994e-14,1.5167197046156504e-14,2.5234195289332814e-14,5.39294454959106e-15,7.458013795116773e-15,ACBI1,9.26,36000.0,1500,360,60,0,26.0,2.49e-11,1.0,5.24e-14
1.0,0.0021209508879201904,0.0,1.0,4.2403565939101794e-07,9.299565643907592e-16,2.2398448758233233e-13,4.940753690244245e-13,4.2841938056861726e-17,1.2614228892895634e-14,2.6293123348551147e-15,9.952171781573023e-15,8.527308905959495e-15,7.280942299593624e-15,6.190744111465075e-15,1.918423891199216e-18,1.6439701625128014e-18,1.4039481638036314e-18,1.242783970172886e-18,2.2899386933717506e-15,1.992663517174417e-15,1.732294034233715e-15,8.666193503046524e-15,47.844445071021056,52.155554928978944,0.5017771631402891,3.303511847839985,-3.4644872450890006e-13,-1.1763436532367419e-15,-1.6913516437027432e-15,-1.9879111283771066e-15,2.7329510782784965e-13,3.19573762247789e-14,1.7310402082681522e-14,3.090363860421247e-14,6.191986895435248e-15,8.666193503046524e-15,ACBI1,9.26,36000.0,1500,360,60,0,26.0,2.49e-11,1.0,5.24e-14
1.0,0.002682695795279727,0.0,1.0,5.363522180099486e-07,1.283429689148831e-15,1.7000746413725776e-13,4.8794916158023e-13,4.4879466128095696e-17,1.7208713414745364e-14,2.723272372531966e-15,1.0305274003045954e-14,8.998881330252411e-15,7.832264289329138e-15,6.790603561281785e-15,2.7356784779571695e-18,2.3890924577041383e-18,2.0796432066549866e-18,1.857209862520962e-18,2.416408432390824e-15,2.141710279025882e-15,1.895863809434683e-15,9.664870111642272e-15,57.47508522589207,42.52491477410793,0.5197084680404516,3.5958253826384783,-3.7743070161029183e-13,-2.5151636128841794e-15,-4.652156174715325e-15,-6.031386642147586e-15,2.2283055341632556e-13,3.393608480791413e-14,1.8842125005025625e-14,3.738820919905275e-14,6.792460771144306e-15,9.664870111642272e-15,ACBI1,9.26,36000.0,1500,360,60,0,26.0,2.49e-11,1.0,5.24e-14
1.0,0.00339322177189533,0.0,1.0,6.784216665995937e-07,1.783203665316002e-15,1.1712556061667813e-13,4.813009039500657e-13,4.296187489624672e-17,2.3605590710403383e-14,2.574558630371582e-15,9.746365393889019e-15,8.734007379436467e-15,7.802972801231915e-15,6.947031723865824e-15,3.589200506901173e-18,3.216588628735144e-18,2.873963523744858e-18,2.6145516845929812e-18,2.3434063833633655e-15,2.1298784793541995e-15,1.9327355939521662e-15,1.0112926252489565e-14,67.6517749171999,32.3482250828001,0.49132798289534,3.6437987289181066,-3.8152924647641235e-13,-4.144756916935109e-15,-9.061011447568411e-15,-1.2393290608161838e-14,1.695046994338725e-13,3.32426716027672e-14,1.9093505339530878e-14,4.453755589449048e-14,6.949646275550417e-15,1.0112926252489565e-14,ACBI1,9.26,36000.0,1500,360,60,0,26.0,2.49e-11,1.0,5.24e-14
1.0,0.004291934260128779,0.0,1.0,8.581266305402848e-07,2.4580444555216974e-15,7.166267068651531e-14,4.744647514016463e-13,3.6235910972129016e-17,3.210116736012739e-14,2.1431744241180287e-15,8.123545232611355e-15,7.528448098982212e-15,6.957495056896602e-15,6.410216143045042e-15,4.1192702970769466e-18,3.8176719070551516e-18,3.5283592238779465e-18,3.302828007110789e-18,2.0162115714334133e-15,1.8932571409343356e-15,1.774355992776827e-15,9.607082108963264e-15,77.44895792048023,22.551042079519778,0.4090027526942803,3.3271147401194403,-3.4422788431279684e-13,-5.326934636961684e-15,-1.3836943289277729e-14,-1.9909095495387993e-14,1.1816746049668363e-13,2.9034472660970333e-14,1.743408123822587e-14,5.2044297094282214e-14,6.413518971052153e-15,9.607082108963264e-15,ACBI1,9.26,36000.0,1500,360,60,0,26.0,2.49e-11,1.0,5.24e-14
1.0,0.005428675439323859,0.0,1.0,1.0854366562560026e-06,3.291113547284149e-15,3.889123981591449e-14,4.676461199406692e-13,2.6331637543231866e-17,4.238206073250583e-14,1.536324422110304e-15,5.829361252397498e-15,5.6205081003626084e-15,5.405445237290177e-15,5.1848045623688934e-15,3.955011951049521e-18,3.813422709751208e-18,3.667661236154628e-18,3.560414178792938e-18,1.5020715249867859e-15,1.4654020646380315e-15,1.4264902458949244e-15,8.041531069194617e-15,85.69761327427915,14.302386725720858,0.2931916836088367,2.666377734126844,-2.66396349237139e-13,-5.14328838870459e-15,-1.617411237626166e-14,-2.4526798535954402e-14,7.49445064427773e-14,2.2055115662494923e-14,1.3971819326824663e-14,5.968632175423363e-14,5.188364976547686e-15,8.041531069194617e-15,ACBI1,9.26,36000.0,1500,360,60,0,26.0,2.49e-11,1.0,5.24e-14
1.0,0.006866488450042998,0.0,1.0,1.3729591404542134e-06,4.2219515624027256e-15,1.939859303230795e-14,4.605417407865336e-13,1.684977219929226e-17,5.354727673118511e-14,9.684491665644967e-16,3.663355593223027e-15,3.6822188557908626e-15,3.693251738268216e-15,3.696264506381575e-15,3.1871031156507826e-18,3.20357355001646e-18,3.2132643890397157e-18,3.2463883404085803e-18,9.848511099791563e-16,9.993634404461295e-16,1.0119184495755115e-15,5.946400315718131e-15,91.5888613912501,8.411138608749898,0.18481854323749936,1.891408870664776,-1.7397809031430312e-13,-3.727670363728696e-15,-1.4212370580775645e-14,-2.2669121960233875e-14,4.407436630984946e-14,1.4747941023058797e-14,9.910982482283426e-15,6.770991087746565e-14,3.699510894721984e-15,5.946400315718131e-15,ACBI1,9.26,36000.0,1500,360,60,0,26.0,2.49e-11,1.0,5.24e-14
1.0,0.008685113737513529,0.0,1.0,1.736637958890964e-06,5.227949490112515e-15,9.485108331983574e-15,4.522903762061333e-13,1.0202729773893558e-17,6.51053130908248e-14,5.757107039617615e-16,2.149527880663214e-15,2.251412419052241e-15,2.3549402553522527e-15,2.4599362115395395e-15,2.3151215496333317e-18,2.4248767121588253e-18,2.5364246268748835e-18,2.6699119523216427e-18,6.072080266321182e-16,6.39489650279037e-16,6.725197142202746e-16,4.10938260794852e-15,95.16691128506729,4.833088714932713,0.10986845495453465,1.2603646379850595,-9.78889058961362e-14,-2.157096725144098e-15,-9.801480218880616e-15,-1.6370719190432954e-14,2.5325384866247414e-14,9.225763101448236e-15,6.604310703041712e-15,7.695772234859392e-14,2.462606123491861e-15,4.10938260794852e-15,ACBI1,9.26,36000.0,1500,360,60,0,26.0,2.49e-11,1.0,5.24e-14
1.0,0.010985411419875584,0.0,1.0,2.1966399188362414e-06,6.376772153386393e-15,4.8777564992247466e-15,4.41917875851093e-13,6.400375588238885e-18,7.756609347019036e-14,3.525909315019899e-16,1.2806849062158978e-15,1.3985503075678448e-15,1.5274785925351875e-15,1.6684657382455257e-15,1.6822192287605122e-18,1.837036417491717e-18,2.00639954781537e-18,2.205441396671898e-18,3.8444701240342327e-16,4.193571584545103e-16,4.575960846015439e-16,2.9020394917557967e-15,97.0833782071211,2.9166217928789018,0.06728834570648662,0.8618379157857373,-4.9368580598000514e-14,-1.074250596355261e-15,-5.733681897549315e-15,-1.0011357716997799e-14,1.5283098194685444e-14,5.882910641155195e-15,4.516030678717264e-15,8.847302777447301e-14,1.6706711796421975e-15,2.9020394917557967e-15,ACBI1,9.26,36000.0,1500,360,60,0,26.0,2.49e-11,1.0,5.24e-14
1.0,0.013894954943731374,0.0,1.0,2.7784756026100746e-06,7.787799865680443e-15,2.774933707127539e-15,4.287215970007796e-13,4.447284895593601e-18,9.18722861576228e-14,2.3745463524640415e-16,8.27364034976604e-16,9.44724613751125e-16,1.0813738674670717e-15,1.2404720536047143e-15,1.3271429247429894e-18,1.515378922472272e-18,1.734563339432748e-18,2.0000046049656698e-18,2.67250441878562e-16,3.019605402843164e-16,3.423889471511373e-16,2.2570622770366862e-15,98.0370210890818,1.9629789109181999,0.04531577008519163,0.6500222980147149,-2.3176924441901916e-14,-4.886526188924512e-16,-3.039612228592785e-15,-5.565184926291536e-15,1.0286009493211368e-14,4.100511659591129e-15,3.406116841597106e-15,1.0307722723958753e-13,1.24247205820968e-15,2.2570622770366862e-15,ACBI1,9.26,36000.0,1500,360,60,0,26.0,2.49e-11,1.0,5.24e-14
1.0,0.01757510624854793,0.0,1.0,3.51441490979546e-06,9.589682385382166e-15,1.7570284872124203e-15,4.12331461345923e-13,3.4678178830934822e-18,1.0877730494972118e-13,1.7792738188056743e-16,5.896112562550095e-16,7.071280220666169e-16,8.526905731371474e-16,1.0329828062309056e-15,1.1645686765098167e-18,1.396653624577392e-18,1.6841355182003112e-18,2.048610809433576e-18,2.068356146463451e-16,2.4265192256844266e-16,2.8702304783567685e-16,1.9767957374247735e-15,98.50373346645615,1.4962665335438396,0.03395560722911592,0.5517621573198103,-1.0485928685997147e-14,-2.034555104058338e-16,-1.527709450157121e-15,-2.9520966687165854e-15,7.840436635769719e-15,3.1887066263184007e-15,2.8912337043558055e-15,1.2126798282597096e-13,1.0350314170403392e-15,1.9767957374247735e-15,ACBI1,9.26,36000.0,1500,360,60,0,26.0,2.49e-11,1.0,5.24e-14
1.0,0.022229964825261957,0.0,1.0,4.44527655216833e-06,1.1914115923666556e-14,1.202011751287763e-15,3.9264110123999297e-13,2.9479717259585826e-18,1.2866812036519318e-13,1.4393724820746622e-16,4.515826491793141e-16,5.715987873960751e-16,7.300372000662644e-16,9.391861175973493e-16,1.1081622873451551e-18,1.4026389474426433e-18,1.791398757899206e-18,2.311956483252368e-18,1.7305658487895636e-16,2.1150599008165913e-16,2.622710766936116e-16,1.9000074949520534e-15,98.74145858233923,1.2585414176607654,0.027468940497608056,0.5135073272545319,-4.7493601476903355e-15,-8.442416060753328e-17,-7.553223185580971e-16,-1.5514043117803501e-15,6.59475702854241e-15,2.699018910714942e-15,2.6907783948137466e-15,1.4328257681187539e-13,9.414980740806017e-16,1.9000074949520534e-15,ACBI1,9.26,36000.0,1500,360,60,0,26.0,2.49e-11,1.0,5.24e-14
1.0,0.028117686979742307,0.0,1.0,5.622691625613373e-06,1.4906807330695963e-14,8.611112048930428e-16,3.6976273781448145e-13,2.6427638607935646e-18,1.515912294752438e-13,1.2146666359356259e-16,3.5908950160210074e-16,4.815875394785563e-16,6.543920635096854e-16,8.981499906750642e-16,1.1025994034119752e-18,1.4786922914573532e-18,2.00924388676076e-18,2.764201888017426e-18,1.5104060661297753e-16,1.927661844996456e-16,2.5163274913207123e-16,1.929126506436648e-15,98.87206860462523,1.1279313953747703,0.0231806609911379,0.5049680744799437,-2.245887604961082e-15,-3.5435525334019146e-17,-3.8159643455572234e-16,-8.362448137316263e-16,5.910360511763796e-15,2.4005738327350545e-15,2.646032710274905e-15,1.691540670175451e-13,9.009141925630816e-16,1.929126506436648e-15,ACBI1,9.26,36000.0,1500,360,60,0,26.0,2.49e-11,1.0,5.24e-14
1.0,0.03556480306223128,0.0,1.0,7.111966953368625e-06,1.8740883160874187e-14,6.356617764830743e-16,3.440199524661142e-13,2.452976036276959e-18,1.7730145275084958e-13,1.048645850872336e-16,2.9022769656664705e-16,4.1329412926720423e-16,5.991849248711552e-16,8.799608601653957e-16,1.1204754239593662e-18,1.5955515828045144e-18,2.3131571330570968e-18,3.4026728148425955e-18,1.3453821069209675e-16,1.7936511400394982e-16,2.4708016220067386e-16,2.0127467110532575e-15,98.9488914115684,1.0511085884316085,0.02001232539832702,0.5111822105032846,-1.1525928791526272e-15,-1.5688114378851326e-17,-2.0443698856408634e-16,-4.776145865287125e-16,5.507809003381629e-15,2.1910994678250657e-15,2.6785947830372114e-15,1.987318155277519e-13,8.833635329802383e-16,2.0127467110532575e-15,ACBI1,9.26,36000.0,1500,360,60,0,26.0,2.49e-11,1.0,5.24e-14
1.0,0.04498432668969444,0.0,1.0,8.995706843326335e-06,2.3630140047804983e-14,4.815639286476739e-16,3.159433977105423e-13,2.343472733483004e-18,2.0530474114006226e-13,9.19871872579466e-17,2.3662873340876243e-16,3.578148163231424e-16,5.539276709155479e-16,8.712851059723195e-16,1.1520309757814697e-18,1.741989138899535e-18,2.696711493559819e-18,4.245963380850747e-18,1.212150424311648e-16,1.6851815634256357e-16,2.4507141819997837e-16,2.125069345164709e-15,98.99517908923924,1.0048209107607602,0.017554806728615764,0.5251643414878554,-6.583903184285865e-16,-7.372795139844774e-18,-1.1959156435824317e-16,-2.963903054573074e-16,5.2652615723863835e-15,2.0294930216088637e-15,2.7518611493963624e-15,2.316989225049862e-13,8.755310693531702e-16,2.125069345164709e-15,ACBI1,9.26,36000.0,1500,360,60,0,26.0,2.49e-11,1.0,5.24e-14
1.0,0.05689866029018299,0.0,1.0,1.1378393980194904e-05,2.984369134241392e-14,3.747689593206297e-16,2.862420385571021e-13,2.3035680614418564e-18,2.3491000925802555e-13,8.190898876118526e-17,1.9460989820004719e-16,3.118726622355176e-16,5.149181662843003e-16,8.664950663251517e-16,1.1967789846296784e-18,1.917879882630728e-18,3.166499497981849e-18,5.330828794753099e-18,1.1021890255164115e-16,1.5924268720951608e-16,2.4413273672950144e-16,2.2524488696219052e-15,99.02203578388152,0.9779642161184795,0.015631486404806348,0.5435023253575857,-4.2200695644027205e-16,-3.697149734897141e-18,-7.762832285033796e-17,-2.0257000973155818e-16,5.124532492460833e-15,1.8995077802050123e-15,2.847952184873749e-15,2.676155683405347e-13,8.718258951199048e-16,2.2524488696219052e-15,ACBI1,9.26,36000.0,1500,360,60,0,26.0,2.49e-11,1.0,5.24e-14
1.0,0.07196856730011521,0.0,1.0,1.4392183500717131e-05,3.77231175084144e-14,3.0008810879778905e-16,2.55747426452032e-13,2.3319324945777236e-18,2.6529600996796426e-13,7.406988591839056e-17,1.618844669999016e-16,2.739437938517756e-16,4.809253979731759e-16,8.632334412720784e-16,1.2585854559949455e-18,2.12980445414328e-18,3.739008482207618e-18,6.7107978508577284e-18,1.0116442984131517e-16,1.5121395828471559e-16,2.4366228311730085e-16,2.386453022842239e-15,99.03572348900067,0.964276510999325,0.014135474411906596,0.5642296908404506,-3.0193523914003443e-16,-1.8444024652684684e-18,-5.571697046417872e-17,-1.5307851141442838e-16,5.052808917636463e-15,1.7938252963401353e-15,2.956563580003961e-15,3.059918611851205e-13,8.699442391229362e-16,2.386453022842239e-15,ACBI1,9.26,36000.0,1500,360,60,0,26.0,2.49e-11,1.0,5.24e-14
1.0,0.09102981779915217,0.0,1.0,1.820423165523538e-05,4.770228226464592e-14,2.473648068139064e-16,2.2534042252566648e-13,2.4310128139423486e-18,2.9558919807725143e-13,6.802811148912e-17,1.3662046287682099e-16,2.42939027496009e-16,4.514658241246147e-16,8.604597086216878e-16,1.3433794455114374e-18,2.3888512045287643e-18,4.439371413152595e-18,8.45665528156433e-18,9.378607517056834e-17,1.4431033992779424e-16,2.434089546212697e-16,2.5208459158744794e-15,99.0404029585544,0.9595970414456052,0.01298246402464122,0.5859502666189373,-2.378106839127383e-16,-1.5191682805761155e-18,-4.394672988833521e-17,-1.2647040555090475e-16,5.0282884971749706e-15,1.7081132804638895e-15,3.070379397083232e-15,3.4638091900913933e-13,8.689163639032521e-16,2.5208459158744794e-15,ACBI1,9.26,36000.0,1500,360,60,0,26.0,2.49e-11,1.0,5.24e-14
1.0,0.11513953993264481,0.0,1.0,2.302596555032799e-05,6.033156694040686e-14,2.097372124896554e-16,1.958670626646173e-13,2.6072924534535032e-18,3.249493888851875e-13,6.340894327555117e-17,1.1725321483224421e-16,2.1785987185943723e-16,4.262034250135617e-16,8.576636165606359e-16,1.4584316904846424e-18,2.7099208682142186e-18,5.301584713994518e-18,1.0658695392814222e-17,8.78456059848274e-17,1.3845522712679608e-16,2.432648861346005e-16,2.6505737876742634e-15,99.0391218099102,0.9608781900897966,0.012100943373196789,0.6075474141595494,-2.0283888881393598e-16,-5.967201593686864e-19,-3.724021612807065e-17,-1.1269121238287628e-16,5.0350017160705344e-15,1.6391087609313867e-15,3.1835484501960388e-15,3.884872402009093e-13,8.683223119534502e-16,2.6505737876742634e-15,ACBI1,9.26,36000.0,1500,360,60,0,26.0,2.49e-11,1.0,5.24e-14
1.0,0.14563484775012445,0.0,1.0,2.912480815818993e-05,7.630902711649893e-14,1.8256737064371295e-16,1.6805805494913538e-13,2.8708917455928803e-18,3.526506890044755e-13,5.990026573206551e-17,1.0247478028488573e-16,1.9775834649080476e-16,4.0476935031891875e-16,8.545312135947712e-16,1.6124163706833255e-18,3.1118848702759294e-18,6.3695790889579505e-18,1.3430053798146156e-17,8.311926700981382e-17,1.335690265009268e-16,2.4317887422922476e-16,2.771488612917303e-15,99.03420764626028,0.9657923537397106,0.011431348422149906,0.6281022989292622,-1.837512369345159e-16,-8.6234695412378385e-19,-3.3570782887690354e-17,-1.0579516633160465e-16,5.060751933596084e-15,1.584057624817444e-15,3.2912560463893336e-15,4.3227836699323743e-13,8.679612673929173e-16,2.771488612917303e-15,ACBI1,9.26,36000.0,1500,360,60,0,26.0,2.49e-11,1.0,5.24e-14
1.0,0.18420699693267165,0.0,1.0,3.683900897810069e-05,9.651955150363283e-14,1.6273256140565285e-16,1.4247114657011983e-13,3.237079383471839e-18,3.781391195112723e-13,5.72514906297054e-17,9.12306121808116e-17,1.8176854403423014e-16,3.867435234974519e-16,8.508238093715198e-16,1.8159402855532955e-18,3.6184197227585036e-18,7.69914684197251e-18,1.6911209175688023e-17,7.940467699064582e-17,1.2956367153902176e-16,2.431260158803494e-16,2.8803880635693915e-15,99.02742084646789,0.9725791535321039,0.010925856990401795,0.6468957859941057,-1.7373258928316007e-16,-7.13299753276813e-19,-3.146353398352736e-17,-1.0303274353134602e-16,5.096314764508224e-15,1.5406112051099857e-15,3.3897339186091136e-15,4.780816867289239e-13,8.677350185472078e-16,2.8803880635693915e-15,ACBI1,9.26,36000.0,1500,360,60,0,26.0,2.49e-11,1.0,5.24e-14
1.0,0.2329951810515372,0.0,1.0,4.659640291483674e-05,1.2208355993436848e-13,1.4811848504493833e-16,1.1946516966635808e-13,3.727101320776975e-18,4.0105860239803114e-13,5.5268243578387296e-17,8.269748213178436e-17,1.6913348920809884e-16,3.7167448500432396e-16,8.46313642318282e-16,2.0823287462759617e-18,4.259281034196214e-18,9.360377393913182e-18,2.127480015937457e-17,7.652721981893955e-17,1.26347357003152e-16,2.430924255390294e-16,2.974992689672268e-15,99.02006309008135,0.9799369099186528,0.010547374728699866,0.6634022777885069,-1.6879348945632415e-16,-1.177882658116655e-19,-3.0177060617483996e-17,-1.025885846693042e-16,5.1348694079737404e-15,1.506795885996249e-15,3.4762279356117763e-15,5.266590941566659e-13,8.675884424776565e-16,2.974992689672268e-15,ACBI1,9.26,36000.0,1500,360,60,0,26.0,2.49e-11,1.0,5.24e-14
1.0,0.29470517025518095,0.0,1.0,5.8938137726093026e-05,1.544186813173175e-13,1.3728357970223945e-16,9.920373492460804e-14,4.369765357833673e-18,4.2124734954397547e-13,5.380395615744155e-17,7.624752305585787e-17,1.5921472439114477e-16,3.5910698204919324e-16,8.407564300815164e-16,2.4286847984290832e-18,5.072103172912118e-18,1.1440811719771573e-17,2.673087126325635e-17,7.434268099800597e-17,1.2383172092766366e-16,2.4306955739693533e-16,3.0538676159369913e-15,99.01305973148679,0.9869402685132046,0.010267930564397242,0.6772739563772974,-1.6639478138729106e-16,-2.6569347517317543e-20,-2.9482990339737633e-17,-1.029829707895979e-16,5.171567007009192e-15,1.4809981305320811e-15,3.548915531417038e-15,5.792649886290222e-13,8.674873013447728e-16,3.0538676159369913e-15,ACBI1,9.26,36000.0,1500,360,60,0,26.0,2.49e-11,1.0,5.24e-14
1.0,0.3727593720314942,0.0,1.0,7.454868591700687e-05,1.9531816575977626e-13,1.2923823292076808e-16,8.168207460142631e-14,5.203591341430435e-18,4.3871117444976917e-13,5.2750984120520056e-17,7.1409818718453e-17,1.5148820448608488e-16,3.4860359888443854e-16,8.338786396515292e-16,2.8772879740280695e-18,6.104812627947949e-18,1.4049384499306823e-17,3.353217087420082e-17,7.273681193687239e-17,1.219379041675514e-16,2.43052277564062e-16,3.1162729710162334e-15,99.00703498267492,0.9929650173250815,0.010066981702389323,0.6883112497719923,-1.649623006214085e-16,-5.116626360569888e-19,-2.9156434018781393e-17,-1.0333601884857522e-16,5.203136690783427e-15,1.4619439177159893e-15,3.60675094880524e-15,6.376978584056675e-13,8.6741081052573e-16,3.1162729710162334e-15,ACBI1,9.26,36000.0,1500,360,60,0,26.0,2.49e-11,1.0,5.24e-14
1.0,0.47148663634573945,0.0,1.0,9.429380547118617e-05,2.4705027032420594e-13,1.2329957673978838e-16,6.676713384286081e-14,6.2797477043904206e-18,4.535836102478741e-13,5.203277249984275e-17,6.783589286981223e-17,1.4553257502812166e-16,3.397573136445531e-16,8.2536924195458135e-16,3.457468788696587e-18,7.418802489739766e-18,1.7321165551842494e-17,4.1978672807753293e-17,7.162326032047378e-17,1.2060065703989605e-16,2.4303788767751706e-16,3.1619613317279402e-15,99.00238428113646,0.9976157188635398,0.009929918416000525,0.696422883447647,-1.6362552242316283e-16,1.525448455632686e-19,-2.8592385492399386e-17,-1.0363122306053443e-16,5.227506366844949e-15,1.4486711331351006e-15,3.64925590926567e-15,7.043595923386881e-13,8.673479147623346e-16,3.1619613317279402e-15,ACBI1,9.26,36000.0,1500,360,60,0,26.0,2.49e-11,1.0,5.24e-14
1.0,0.5963623316594643,0.0,1.0,0.00011926855464169094,3.1248403285038547e-13,1.189891590712337e-16,5.4240801458842055e-14,7.665710776616521e-18,4.660829387897614e-13,5.1597852298942313e-17,6.527237778053785e-17,1.4101486793527635e-16,3.321944715931492e-16,8.148661600938234e-16,4.208163589427487e-18,9.09302625967104e-18,2.1422644327912504e-17,5.241943478494558e-17,7.09410615621453e-17,1.1977024825297129e-16,2.430231968778458e-16,3.1909273924048117e-15,98.99935004434937,1.0006499556506316,0.009846918377660746,0.7015762884344878,-1.6147626948714283e-16,-4.596592592620492e-19,-2.828849204037235e-17,-1.0268733900240629e-16,5.24340576760931e-15,1.4404911463647434e-15,3.6762597513967164e-15,7.823380403712823e-13,8.67285594878769e-16,3.1909273924048117e-15,ACBI1,9.26,36000.0,1500,360,60,0,26.0,2.49e-11,1.0,5.24e-14
1.0,0.7543120063354622,0.0,1.0,0.00015085802363111895,3.9524838297554064e-13,1.1598260911556355e-16,4.3838860751284364e-14,9.45145377613702e-18,4.764733673666891e-13,5.141532693359881e-17,6.353828193032274e-17,1.3767572170667385e-16,3.2557751781591455e-16,8.019688112213354e-16,5.181515761997426e-18,1.1229551784498637e-17,2.655816706175545e-17,6.52518070051982e-17,7.065249117993154e-17,1.1941472767450472e-16,2.4300742960605396e-16,3.2032819066330698e-15,98.99805585511325,1.0019441448867472,0.00981208529267153,0.7037732599288471,-1.582558255107861e-16,-4.441562169344064e-19,-2.7681875623186848e-17,-1.0088362292558485e-16,5.250187319206556e-15,1.4369813742876964e-15,3.687771882027159e-15,8.755271947196464e-13,8.672206182265336e-16,3.2032819066330698e-15,ACBI1,9.26,36000.0,1500,360,60,0,26.0,2.49e-11,1.0,5.24e-14
1.0,0.9540954763499944,0.0,1.0,0.000190814151281884,4.99933396298967e-13,1.1406304544641295e-16,3.528182903886315e-14,1.1757270914184665e-17,4.85034357011807e-13,5.147228247750081e-17,6.250937055198756e-17,1.3531575758836415e-16,3.1959894842662545e-16,7.862363717938679e-16,6.447927884106858e-18,1.3960706266829483e-17,3.2976399765018597e-17,8.091329726013963e-17,7.074145959606547e-17,1.1951996981133814e-16,2.4298976743554185e-16,3.1990904700107743e-15,98.99855094556703,1.001449054432969,0.009822954671278781,0.7030179292616834,-1.5373944776234103e-16,6.822691669047339e-19,-2.6650433084445815e-17,-9.818343019114546e-17,5.247593045228758e-15,1.4379587795369399e-15,3.6838139493312206e-15,9.887976228621954e-13,8.671496690540075e-16,3.1990904700107743e-15,ACBI1,9.26,36000.0,1500,360,60,0,26.0,2.49e-11,1.0,5.24e-14
1.0,1.2067926406393288,0.0,1.0,0.00024135288698146816,6.323448572279902e-13,1.1309622086108982e-16,2.8296726731645012e-14,1.4745618805660013e-17,4.920389098938916e-13,5.177275728405212e-17,6.210667718984591e-17,1.337835295922843e-16,3.1397587985271136e-16,7.672046058491925e-16,8.103271961711402e-18,1.7458502651124206e-17,4.0976910827748183e-17,9.986459294875894e-17,7.12128817129798e-17,1.2008995039742012e-16,2.4296931200710187e-16,3.1783184730636764e-15,99.00082458301425,0.9991754169857552,0.009880297191613001,0.6993059874933645,-1.4771984637843927e-16,1.182439662640583e-18,-2.562747897439488e-17,-9.400677269932968e-17,5.235679185005357e-15,1.4434739708733765e-15,3.66436337446523e-15,1.1282292793935425e-12,8.670691987979515e-16,3.1783184730636764e-15,ACBI1,9.26,36000.0,1500,360,60,0,26.0,2.49e-11,1.0,5.24e-14
1.0,1.5264179671752334,0.0,1.0,0.00030527708633549974,7.998262453877108e-13,1.1301964324867714e-16,2.2630678578797623e-14,1.8639104581903058e-17,4.977399304717759e-13,5.2338066276850034e-17,6.228746974653009e-17,1.3296391136579613e-16,3.0844449675422546e-16,7.444186076066563e-16,1.0279183428519338e-17,2.194693937789809e-17,5.091618419477141e-17,1.2256105831925926e-16,7.209286151045577e-17,1.2114687597413978e-16,2.4294613205445396e-16,3.140867013611679e-15,99.00479626945577,0.9952037305442396,0.009988180587185121,0.6926318605777823,-1.4026671036025067e-16,-4.2252512769020686e-19,-2.4715734165918545e-17,-8.833054099059818e-17,5.214867548051815e-15,1.453817850793656e-15,3.629390949427579e-15,1.3014199092788166e-12,8.669796659259155e-16,3.140867013611679e-15,ACBI1,9.26,36000.0,1500,360,60,0,26.0,2.49e-11,1.0,5.24e-14
1.0,1.9306977288832496,0.0,1.0,0.0003861319563507509,1.011666001404362e-12,1.1384098902472592e-16,1.8058065557698232e-14,2.374765569619049e-17,5.023629860664135e-13,5.320808022560608e-17,6.303584418801552e-17,1.3276561110449294e-16,3.0275325165177095e-16,7.174753399852276e-16,1.3157677282039457e-17,2.7717587852846442e-17,6.321146949827645e-17,1.4940962666196578e-16,7.34294458082894e-17,1.227304740581127e-16,2.429211187354441e-16,3.086659257060935e-15,99.01029323877215,0.989706761227851,0.010154213783512611,0.6830054152458754,-1.3170434171723796e-16,-4.2240020164515037e-19,-2.3350838455057452e-17,-8.2011472572296e-17,5.186063428833939e-15,1.469526408224635e-15,3.578948375888387e-15,1.5178851798636551e-12,8.668849666471934e-16,3.086659257060935e-15,ACBI1,9.26,36000.0,1500,360,60,0,26.0,2.49e-11,1.0,5.24e-14
1.0,2.44205309454865,0.0,1.0,0.0004884016710533106,1.2796126588741454e-12,1.1562725413762073e-16,1.4383073009039712e-14,3.050925808659169e-17,5.061036431132408e-13,5.444537700211541e-17,6.435987383455324e-17,1.3311098214450363e-16,2.9665713323496864e-16,6.860741838707489e-16,1.6991624631433575e-17,3.514844946811291e-17,7.833976790169047e-17,1.807090723010465e-16,7.529465154829227e-17,1.24896328170262e-16,2.4289371300476444e-16,3.0157538079947513e-15,99.01702071043293,0.9829792895670717,0.01039033912254111,0.6704740224656842,-1.2207651803896909e-16,-4.271852557719799e-19,-2.1807496743133233e-17,-7.484429467802432e-17,5.150811477331456e-15,1.4913910873870578e-15,3.5132838777201855e-15,1.7895712840374952e-12,8.667832561717954e-16,3.0157538079947513e-15,ACBI1,9.26,36000.0,1500,360,60,0,26.0,2.49e-11,1.0,5.24e-14
1.0,3.088843596477485,0.0,1.0,0.0006177580617604922,1.6185264166374027e-12,1.1851854803599188e-16,1.1439251301478094e-14,3.955537809427119e-17,5.091276015761353e-13,5.614024880395572e-17,6.628358055170523e-17,1.3392509553884767e-16,2.899233851934073e-16,6.501069189859678e-16,2.213340197384298e-17,4.472700826672916e-17,9.683307926928916e-17,2.1658665621975975e-16,7.778743548992488e-17,1.2771620913854018e-16,2.4286851594159183e-16,2.928634713013558e-15,99.02447706593179,0.9755229340682028,0.010713787939686206,0.6551807485472463,-1.1278852980195265e-16,-4.372824059848978e-19,-2.0322935526098208e-17,-6.7737567319017e-17,5.1117401745173825e-15,1.520519125999549e-15,3.4331471223875703e-15,2.13150700085975e-12,8.666935752057276e-16,2.928634713013558e-15,ACBI1,9.26,36000.0,1500,360,60,0,26.0,2.49e-11,1.0,5.24e-14
1.0,3.906939937054621,0.0,1.0,0.0007813751742605932,2.047203275666323e-12,1.2273560293220277e-16,9.087348967586862e-15,5.181266340591095e-17,5.115727732008087e-13,5.841702040414547e-17,6.883619516255224e-17,1.3511696452758147e-16,2.8232237868201383e-16,6.097017500111496e-16,2.907208063792066e-17,5.707251453145264e-17,1.192592303378333e-16,2.569229915481274e-16,8.103448750506933e-17,1.3127118265353649e-16,2.4284758706447254e-16,2.8263075539779672e-15,99.03192171691184,0.9680782830881557,0.011148286336668985,0.6373812655735098,-1.0475751389495361e-16,-4.583084826113761e-19,-1.904480100305669e-17,-6.125928674160753e-17,5.072730203381936e-15,1.558304105438631e-15,3.3398778316051913e-15,2.5626300661791976e-12,8.66624741559277e-16,2.8263075539779672e-15,ACBI1,9.26,36000.0,1500,360,60,0,26.0,2.49e-11,1.0,5.24e-14
1.0,4.941713361323838,0.0,1.0,0.0009883271381011718,2.589417450253838e-12,1.2859170710296788e-16,7.2122919638594e-15,6.866296005247946e-17,5.135522273581674e-13,6.144111011248394e-17,7.203627883546594e-17,1.3655866124763407e-16,2.7362454513212135e-16,5.652623339231914e-16,3.8478873441578175e-17,7.295245557607503e-17,1.461847062320558e-16,3.0128300304134016e-16,8.518909753637932e-17,1.3564180195380103e-16,2.4282293205403216e-16,2.710385736317329e-15,99.0383366025651,0.9616633974349112,0.011725402693222127,0.6174581446515316,-9.663183812874992e-17,-4.905132918613776e-19,-1.7720797238311245e-17,-5.4615754147130983e-17,5.039116202558935e-15,1.606380857429462e-15,3.2354806779740255e-15,3.106832720288324e-12,8.665453369645316e-16,2.710385736317329e-15,ACBI1,9.26,36000.0,1500,360,60,0,26.0,2.49e-11,1.0,5.24e-14
1.0,6.250551925273976,0.0,1.0,0.0012500914136352713,3.2752399128857045e-12,1.3651704186504925e-16,5.719882090954624e-15,9.220152945289215e-17,5.151568050768028e-13,6.543166409601326e-17,7.588462034436508e-17,1.3809443686321514e-16,2.636653314843968e-16,5.176044624636687e-16,5.1266319516627935e-17,9.330303496454524e-17,1.7815388697119105e-16,3.489490717176922e-16,9.043860604655619e-17,1.409195031193184e-16,2.428189666234315e-16,2.583704092359261e-15,99.04218462444881,0.9578153755511879,0.012486958796949096,0.5960520672222482,-9.510730767045576e-17,-5.704067014537101e-19,-1.753834004310118e-17,-5.152184362888733e-17,5.0189525678882245e-15,1.666921164325702e-15,3.1233128322445804e-15,3.794283904637375e-12,8.665535341813609e-16,2.583704092359261e-15,ACBI1,9.26,36000.0,1500,360,60,0,26.0,2.49e-11,1.0,5.24e-14
1.0,7.9060432109077015,0.0,1.0,0.0015811853266800757,4.142706049629537e-12,1.4705063682089514e-16,4.533596844981108e-15,1.256194110439085e-16,5.164594903504066e-13,7.065860573493429e-17,8.031605532398781e-17,1.3948026260869808e-16,2.5226406179405285e-16,4.67727039198804e-16,6.86252961224561e-17,1.1918670767077058e-16,2.1557062633091579e-16,3.9883774943595824e-16,9.697905806763841e-17,1.471572788437183e-16,2.4281446941620297e-16,2.4493033925507553e-15,99.04168117348021,0.9583188265197893,0.013484466743308072,0.573838321491078,-9.604638318050486e-17,-6.91020313769653e-19,-1.7725467939154943e-17,-4.936845246814593e-17,5.021590650963696e-15,1.7420077984856435e-15,3.006912804613249e-15,4.663100292575161e-12,8.665647886347623e-16,2.4493033925507553e-15,ACBI1,9.26,36000.0,1500,360,60,0,26.0,2.49e-11,1.0,5.24e-14
1.0,10.0,0.0,1.0,0.001999971192702384,5.2399251582632806e-12,1.6085559974022674e-16,3.5916227610128635e-15,1.738044503198733e-16,5.175175062229903e-13,7.745037071365751e-17,8.519263653728016e-17,1.4042640028646464e-16,2.3934386715998927e-16,4.169359434833014e-16,9.206289552861584e-17,1.5175997858082582e-16,2.5867026887021296e-16,4.49689834270437e-16,1.0501839144354626e-16,1.5439328351804172e-16,2.4282116324590995e-16,2.3111878070746592e-15,99.03442502084484,0.9655749791551606,0.014780605098026244,0.5516929419839341,-1.0350795428998037e-16,-8.950409030025508e-19,-1.899858760487469e-17,-4.986455857446795e-17,5.0596128907730415e-15,1.8340818247171268e-15,2.890871015995815e-15,5.7614595229298364e-12,8.666257777537384e-16,2.3111878070746592e-15,ACBI1,9.26,36000.0,1500,360,60,0,26.0,2.49e-11,1.0,5.24e-14
